[Licensing::Module] Trying to connect to existing licensing client channel...
[Licensing::IpcConnector] Successfully connected to: "LicenseClient-oopsha" at "2026-06-22T05:06:11.8831303Z"
Built from '6000.5/staging' branch; Version is '6000.5.0f1 (88b47c5e7076) revision 8959100'; Using compiler version '194234433'; Build Type 'Release'
OS: 'Windows 11  (10.0.26200) Professional' Language: 'ko' Physical Memory: 32693 MB
BatchMode: 1, IsHumanControllingUs: 0, StartBugReporterOnCrash: 0, Is64bit: 1
System  architecture: x64
Process architecture: x64
Date: 2026-06-22T05:06:11Z

COMMAND LINE ARGUMENTS:
C:\Program Files\Unity\Hub\Editor\6000.5.0f1\Editor\Unity.exe
-adb2
-batchMode
-noUpm
-name
AssetImportWorkerHW4
-projectPath
D:/Study/Unity/ShootingGame
-logFile
Logs/AssetImportWorkerHW4.log
-srvPort
9001
-parentPid
3132
-analyticsCloudUserId
1330706
-analyticsLocalProjectId
b1d66150ec76d4446928994b061770b7
-licensingIpc
LicenseClient-oopsha
-noDiagnosticSwitchPersistentStore
-job-worker-count
11
-background-job-worker-count
8
-asset-garbage-collectors
1
-force-d3d12
-name
AssetImport
Successfully changed project path to: D:/Study/Unity/ShootingGame
D:/Study/Unity/ShootingGame
[UnityMemory] Configuration Parameters - Can be set up in boot.config
    "memorysetup-temp-allocator-size-gi-baking-worker=262144"
    "memorysetup-temp-allocator-size-gi-baking-worker=262144"
    "memorysetup-temp-allocator-size-gi-baking-worker=262144"
    "memorysetup-temp-allocator-size-gi-baking-worker=262144"
    "memorysetup-temp-allocator-size-gi-baking-worker=262144"
    "memorysetup-temp-allocator-size-nav-mesh-worker=65536"
    "memorysetup-temp-allocator-size-audio-worker=65536"
    "memorysetup-temp-allocator-size-cloud-worker=32768"
    "memorysetup-temp-allocator-size-gfx=262144"
    "memorysetup-temp-allocator-size-preload-manager=33554432"
    "memorysetup-allocator-temp-initial-block-size-main=262144"
    "memorysetup-allocator-temp-initial-block-size-worker=262144"
    "memorysetup-temp-allocator-size-job-worker=262144"
    "memorysetup-temp-allocator-size-background-worker=32768"
    "memorysetup-bucket-allocator-granularity=16"
    "memorysetup-bucket-allocator-bucket-count=8"
    "memorysetup-bucket-allocator-block-size=33554432"
    "memorysetup-bucket-allocator-block-count=8"
    "memorysetup-main-allocator-block-size=16777216"
    "memorysetup-thread-allocator-block-size=16777216"
    "memorysetup-main-allocator-mimalloc-enabled=0"
    "memorysetup-gfx-main-allocator-block-size=16777216"
    "memorysetup-gfx-thread-allocator-block-size=16777216"
    "memorysetup-cache-allocator-block-size=4194304"
    "memorysetup-typetree-allocator-block-size=2097152"
    "memorysetup-profiler-bucket-allocator-granularity=16"
    "memorysetup-profiler-bucket-allocator-bucket-count=8"
    "memorysetup-profiler-bucket-allocator-block-size=33554432"
    "memorysetup-profiler-bucket-allocator-block-count=8"
    "memorysetup-profiler-allocator-block-size=16777216"
    "memorysetup-profiler-editor-allocator-block-size=1048576"
    "memorysetup-temp-allocator-size-main=16777216"
    "memorysetup-job-temp-allocator-block-size=2097152"
    "memorysetup-job-temp-allocator-block-size-background=1048576"
    "memorysetup-job-temp-allocator-reduction-small-platforms=262144"
Player connection [27012]  Target information:

Player connection [27012]  * "[IP] 192.168.0.11 [Port] 0 [Flags] 2 [Guid] 1490693561 [EditorId] 1490693561 [Version] 1048832 [Id] WindowsEditor(7,SJ-DESKTOP) [Debug] 1 [PackageName] WindowsEditor [ProjectName] Editor" 

Player connection [27012]  * "[IP] 192.168.102.1 [Port] 0 [Flags] 2 [Guid] 1490693561 [EditorId] 1490693561 [Version] 1048832 [Id] WindowsEditor(7,SJ-DESKTOP) [Debug] 1 [PackageName] WindowsEditor [ProjectName] Editor" 

Player connection [27012]  * "[IP] 192.168.171.1 [Port] 0 [Flags] 2 [Guid] 1490693561 [EditorId] 1490693561 [Version] 1048832 [Id] WindowsEditor(7,SJ-DESKTOP) [Debug] 1 [PackageName] WindowsEditor [ProjectName] Editor" 

Player connection [27012] Host joined multi-casting on [225.0.0.222:54997]...
Player connection [27012] Host joined alternative multi-casting on [225.0.0.222:34997]...
JobSystem: Creating JobQueue using job-worker-count value 11
Input System module state changed to: Initialized.
[Physics::Module] Initialized fallback backend.
[Physics::Module] Id: 0xdecafbad
Library Redirect Path: Library/
[Physics::Module] Selected backend.
[Physics::Module] Name: PhysX
[Physics::Module] Id: 0xf2b8ea05
[Physics::Module] SDK Version: 4.1.2
[Physics::Module] Integration Version: 1.0.0
[Physics::Module] Threading Mode: Multi-Threaded
Refreshing native plugins compatible for Editor in 5.37 ms, found 4 plugins.
Initialize engine version: 6000.5.0f1 (88b47c5e7076)
[Subsystems] Discovering subsystems at path C:/Program Files/Unity/Hub/Editor/6000.5.0f1/Editor/Data/Resources/UnitySubsystems
[Subsystems] Discovering subsystems at path D:/Study/Unity/ShootingGame/Assets
Forcing GfxDevice: Direct3D 12
GfxDevice: creating device client; kGfxThreadingModeNonThreaded
d3d12: failed to query info queue interface (0x80004002).
Direct3D:
    Version:         Direct3D 12 [level 12.2]
    Renderer:        NVIDIA GeForce RTX 3080 Ti (ID=0x2208)
    Vendor:          NVIDIA
    VRAM:            12084 MB
    App VRAM Budget: 11316 MB
    Driver:          32.0.16.1047
Initialize mono
Mono path[0] = 'C:/Program Files/Unity/Hub/Editor/6000.5.0f1/Editor/Data/Managed'
Mono path[1] = 'C:/Program Files/Unity/Hub/Editor/6000.5.0f1/Editor/Data/BCLExtensions/runtime/netstandard2.1'
Mono path[2] = 'C:/Program Files/Unity/Hub/Editor/6000.5.0f1/Editor/Data/MonoBleedingEdge/lib/mono/unityjit-win32'
Mono config path = 'C:/Program Files/Unity/Hub/Editor/6000.5.0f1/Editor/Data/MonoBleedingEdge/etc'
Using monoOptions --debugger-agent=transport=dt_socket,embedding=1,server=y,suspend=n,address=127.0.0.1:56064
[Licensing::Client] Error: HandshakeResponse reported an error:
	ResponseCode: 505
	ResponseStatus: Unsupported protocol version '1.18.1'.
[Licensing::Module] Error: Failed to handshake to channel: "LicenseClient-oopsha"
[Licensing::IpcConnector] LicenseClient-oopsha channel disconnected successfully.
[Licensing::IpcConnector] Successfully connected to: "LicenseClient-oopsha-6000.5.0" at "2026-06-22T05:06:13.1359035Z"
[Licensing::Client] Code 10 while verifying Licensing Client signature (process Id: 33620, path: "C:/Program Files/Unity/Hub/Editor/6000.5.0f1/Editor/Data/Resources/Licensing/Client/Unity.Licensing.Client.exe")
[Licensing::Module] LicensingClient has failed validation; ignoring
[Licensing::Client] Handshaking with LicensingClient:
  Version:                 1.18.1+9fbee8e
  Session Id:              22a6e8a543f641e1a9e8bd5e592ad3a3
  Correlation Id:          be92354539fdd0deb73345a3180ef8ab
  External correlation Id: 1871315170599707958
  Machine Id:              F2VYFJWt4IRBzE7JSBYUXlWxLS4=
[Licensing::Module] Successfully connected to LicensingClient on channel: "LicenseClient-oopsha-6000.5.0" (connect: 0.00s, validation: 0.00s, handshake: 0.01s)
[Licensing::IpcConnector] Successfully connected to: "LicenseClient-oopsha-6000.5.0-notifications" at "2026-06-22T05:06:13.1453312Z"
[Licensing::Module] Licensing Background thread has ended after 1.26s
CodeReloadManager initialized
Begin MonoManager ReloadAssembly
Registering precompiled unity dll's ...
Register platform support module: C:/Program Files/Unity/Hub/Editor/6000.5.0f1/Editor/Data/PlaybackEngines/WebGLSupport/UnityEditor.WebGL.Extensions.dll
Register platform support module: C:/Program Files/Unity/Hub/Editor/6000.5.0f1/Editor/Data/PlaybackEngines/WindowsStandaloneSupport/UnityEditor.WindowsStandalone.Extensions.dll
Registered in 0.002763 seconds.
Native extension for WindowsStandalone target not found
Native extension for WebGL target not found
Package Manager log level set to [2]
[Package Manager] Failed to launch server process. Reason: Unity was launched with the -noUpm command-line argument
[Package Manager] Unable to send message (not connected to server process).
[Package Manager] Cannot connect to Unity Package Manager local server
ScheduleIndexationOnStartup MainProcess:False IndexOnStartup:True
Mono: successfully reloaded assembly
- Finished resetting the current domain, in  0.494 seconds
Domain Reload Profiling: 1241ms
	BeginReloadAssembly (193ms)
	RebuildCommonClasses (6ms)
	RebuildNativeTypeToScriptingClass (17ms)
	initialDomainReloadingComplete (96ms)
	LoadAllAssembliesAndSetupDomain (432ms)
		LoadAssemblies (189ms)
		AnalyzeDomain (322ms)
			TypeCache.Refresh (320ms)
				TypeCache.ScanAssembly (291ms)
	FinalizeReload (496ms)
		SetupLoadedEditorAssemblies (0ms)
			InitializePlatformSupportModulesInManaged (5ms)
			BeforeProcessingInitializeOnLoad (127ms)
			ProcessInitializeOnLoadAttributes (130ms)
			ProcessInitializeOnLoadMethodAttributes (138ms)
Initializing Unity extensions:
[Licensing::Client] Successfully resolved entitlement details
[Licensing::Module] License group:
  Id: 1330706-UnityPersXXXX
  Product: Unity Personal
  Type: Assigned
  Expiration: Unlimited
========================================================================
Worker process is ready to serve import requests
Import Worker Mode flag is 0x00
Begin MonoManager ReloadAssembly
Native extension for WindowsStandalone target not found
Native extension for WebGL target not found
[Package Manager] Failed to launch server process. Reason: Unity was launched with the -noUpm command-line argument
[Package Manager] Unable to send message (not connected to server process).
[Package Manager] Cannot connect to Unity Package Manager local server
Refreshing native plugins compatible for Editor in 2.69 ms, found 4 plugins.
[Package Manager] Failed to launch server process. Reason: Unity was launched with the -noUpm command-line argument
[Package Manager] Unable to send message (not connected to server process).
[Package Manager] Cannot connect to Unity Package Manager local server
ScheduleIndexationOnStartup MainProcess:False IndexOnStartup:True
Mono: successfully reloaded assembly
- Finished resetting the current domain, in  0.724 seconds
Domain Reload Profiling: 1769ms
	BeginReloadAssembly (291ms)
		DisableScriptedObjects (8ms)
		CreateAndSetChildDomain (61ms)
	RebuildCommonClasses (11ms)
	RebuildNativeTypeToScriptingClass (22ms)
	initialDomainReloadingComplete (78ms)
	LoadAllAssembliesAndSetupDomain (642ms)
		LoadAssemblies (437ms)
		AnalyzeDomain (238ms)
			TypeCache.Refresh (182ms)
				TypeCache.ScanAssembly (164ms)
			BuildScriptInfoCaches (50ms)
			ResolveRequiredComponents (3ms)
	FinalizeReload (725ms)
		SetupLoadedEditorAssemblies (0ms)
			InitializePlatformSupportModulesInManaged (3ms)
			BeforeProcessingInitializeOnLoad (129ms)
			ProcessInitializeOnLoadAttributes (304ms)
			ProcessInitializeOnLoadMethodAttributes (100ms)
			AfterProcessingInitializeOnLoad (9ms)
		AwakeInstancesAfterBackupRestoration (3ms)
AcceleratorClientConnectionCallback - disconnected - :0
Launched and connected shader compiler UnityShaderCompiler.exe after 0.03 seconds
Refreshing native plugins compatible for Editor in 2.28 ms, found 4 plugins.
Unloading 0 Unused Serialized files (Serialized files now loaded: 0)
Curl error 3: URL rejected: Malformed input to a URL function
Unloading 3786 unused Assets / (1.2 MB). Loaded Objects now: 4381.
Memory consumption went from 236.8 MB to 235.6 MB.
Total: 13.153500 ms (FindLiveObjects: 0.630800 ms CreateObjectMapping: 1.467300 ms MarkObjects: 8.624100 ms  DeleteObjects: 2.428900 ms)

========================================================================
Received Import Request.
  Time of request: 2026-06-22T05:06:16.9633268Z
  Time since last request: 954550.91647139994893 seconds.
  importAddress: GUID: 5d92a04ad12d04b89acd2055df01a8b2 - Path: Packages/com.unity.visualscripting/Runtime/VisualScripting.Core/Dependencies/AssemblyQualifiedNameParser/ParsedAssemblyQualifiedName.cs - Importer: ScriptedImporter/UnityEditor.QuickSearchModule:UnityEditor.Search:ASIAI0B
Importing 'GUID: 5d92a04ad12d04b89acd2055df01a8b2 - Path: Packages/com.unity.visualscripting/Runtime/VisualScripting.Core/Dependencies/AssemblyQualifiedNameParser/ParsedAssemblyQualifiedName.cs - Importer: ScriptedImporter/UnityEditor.QuickSearchModule:UnityEditor.Search:ASIAI0B' with importer (ScriptedImporter : UnityEditor.QuickSearchModule:UnityEditor.Search:ASIAI0B)
Imported 'GUID: 5d92a04ad12d04b89acd2055df01a8b2' -> (Import Result ID: '1d04804db032ce36f6d2bd6cc8dfbca8') in 0.094 seconds [static and dynamic dependencies]. Details - ImportResultOutputID=33c281fd11894671f559fb1c97c2630e DependenciesID=512f5655605099f2ff1435ca0ffec1e9 StaticDependenciesID=3ce9621dd3c25e5ebc8682bab478ab1c 
Number of updated asset objects reloaded before import = 0
Number of asset objects unloaded after import = 0
========================================================================
Received Import Request.
  Time of request: 2026-06-22T05:06:17.0780379Z
  Time since last request: 0.0179222 seconds.
  importAddress: GUID: 8eabcfe7821848de997cb10ce349c99c - Path: Packages/com.unity.visualscripting/Runtime/VisualScripting.Core/Listeners/MonoBehaviour/UnityOnMouseUpMessageListener.cs - Importer: ScriptedImporter/UnityEditor.QuickSearchModule:UnityEditor.Search:ASIAI0B
Importing 'GUID: 8eabcfe7821848de997cb10ce349c99c - Path: Packages/com.unity.visualscripting/Runtime/VisualScripting.Core/Listeners/MonoBehaviour/UnityOnMouseUpMessageListener.cs - Importer: ScriptedImporter/UnityEditor.QuickSearchModule:UnityEditor.Search:ASIAI0B' with importer (ScriptedImporter : UnityEditor.QuickSearchModule:UnityEditor.Search:ASIAI0B)
Imported 'GUID: 8eabcfe7821848de997cb10ce349c99c' -> (Import Result ID: '88e72a728a01f66a2f1acda8464184f2') in 0.005 seconds [static and dynamic dependencies]. Details - ImportResultOutputID=349d9aa31743aeb2f55613ce521481c2 DependenciesID=5ae21514311298b14ebd8d7a922cc163 StaticDependenciesID=52b778ed42dfbd00c7f43e2e992efb5d 
Number of updated asset objects reloaded before import = 0
Number of asset objects unloaded after import = 0
========================================================================
Received Import Request.
  Time of request: 2026-06-22T05:06:17.0840746Z
  Time since last request: 0.00039 seconds.
  importAddress: GUID: d605072279c64478ab714dca21521800 - Path: Packages/com.unity.visualscripting/Runtime/VisualScripting.Core/Reflection/Operators/ExclusiveOrHandler.cs - Importer: ScriptedImporter/UnityEditor.QuickSearchModule:UnityEditor.Search:ASIAI0B
Importing 'GUID: d605072279c64478ab714dca21521800 - Path: Packages/com.unity.visualscripting/Runtime/VisualScripting.Core/Reflection/Operators/ExclusiveOrHandler.cs - Importer: ScriptedImporter/UnityEditor.QuickSearchModule:UnityEditor.Search:ASIAI0B' with importer (ScriptedImporter : UnityEditor.QuickSearchModule:UnityEditor.Search:ASIAI0B)
Imported 'GUID: d605072279c64478ab714dca21521800' -> (Import Result ID: 'b08d5d70b216ed5311332d517d2c05ed') in 0.004 seconds [static and dynamic dependencies]. Details - ImportResultOutputID=5829be09fa7c02acbab379b70bfa1e7d DependenciesID=f70621d5e8371058e488b8ea1ed282d8 StaticDependenciesID=cb09cbb32c812bcd2751ef642c68f909 
Number of updated asset objects reloaded before import = 0
Number of asset objects unloaded after import = 0
========================================================================
Received Import Request.
  Time of request: 2026-06-22T05:06:17.0887283Z
  Time since last request: 0.0003584 seconds.
  importAddress: GUID: aaade9cbed5b4446fa6850d4f1ba05d6 - Path: Packages/com.unity.visualscripting/Runtime/VisualScripting.Core/Reflection/Operators/DivisionHandler.cs - Importer: ScriptedImporter/UnityEditor.QuickSearchModule:UnityEditor.Search:ASIAI0B
Importing 'GUID: aaade9cbed5b4446fa6850d4f1ba05d6 - Path: Packages/com.unity.visualscripting/Runtime/VisualScripting.Core/Reflection/Operators/DivisionHandler.cs - Importer: ScriptedImporter/UnityEditor.QuickSearchModule:UnityEditor.Search:ASIAI0B' with importer (ScriptedImporter : UnityEditor.QuickSearchModule:UnityEditor.Search:ASIAI0B)
Imported 'GUID: aaade9cbed5b4446fa6850d4f1ba05d6' -> (Import Result ID: 'cdfafd46fec3711e5ef6d6d98304c670') in 0.004 seconds [static and dynamic dependencies]. Details - ImportResultOutputID=c63c8b018dfbb04f127f4940de2b2f38 DependenciesID=c2a1e2b3cd03e789032930f8ff89afae StaticDependenciesID=d4ef7a01db71841ba7ecd2b74b30d410 
Number of updated asset objects reloaded before import = 0
Number of asset objects unloaded after import = 0
========================================================================
Received Import Request.
  Time of request: 2026-06-22T05:06:17.0935218Z
  Time since last request: 0.0004075 seconds.
  importAddress: GUID: bb87afcd70abd4879b116234b7d3667b - Path: Packages/com.unity.visualscripting/Runtime/VisualScripting.Core/Reflection/Operators/BinaryOperatorHandler.cs - Importer: ScriptedImporter/UnityEditor.QuickSearchModule:UnityEditor.Search:ASIAI0B
Importing 'GUID: bb87afcd70abd4879b116234b7d3667b - Path: Packages/com.unity.visualscripting/Runtime/VisualScripting.Core/Reflection/Operators/BinaryOperatorHandler.cs - Importer: ScriptedImporter/UnityEditor.QuickSearchModule:UnityEditor.Search:ASIAI0B' with importer (ScriptedImporter : UnityEditor.QuickSearchModule:UnityEditor.Search:ASIAI0B)
Imported 'GUID: bb87afcd70abd4879b116234b7d3667b' -> (Import Result ID: '56efe42f9ea13a3b7aa0a2765d382fad') in 0.004 seconds [static and dynamic dependencies]. Details - ImportResultOutputID=5755a51694b303a030933869a8b146d5 DependenciesID=9edb2a1a2a49c251be568fe382591fec StaticDependenciesID=9980275a0dcb88a81020d835f9afdaf0 
Number of updated asset objects reloaded before import = 0
Number of asset objects unloaded after import = 0
========================================================================
Received Import Request.
  Time of request: 2026-06-22T05:06:17.0987172Z
  Time since last request: 0.0004358 seconds.
  importAddress: GUID: 8498618d4b2146a99535b878ca911525 - Path: Packages/com.unity.visualscripting/Runtime/VisualScripting.Core/Listeners/MonoBehaviour/UnityOnMouseUpAsButtonMessageListener.cs - Importer: ScriptedImporter/UnityEditor.QuickSearchModule:UnityEditor.Search:ASIAI0B
Importing 'GUID: 8498618d4b2146a99535b878ca911525 - Path: Packages/com.unity.visualscripting/Runtime/VisualScripting.Core/Listeners/MonoBehaviour/UnityOnMouseUpAsButtonMessageListener.cs - Importer: ScriptedImporter/UnityEditor.QuickSearchModule:UnityEditor.Search:ASIAI0B' with importer (ScriptedImporter : UnityEditor.QuickSearchModule:UnityEditor.Search:ASIAI0B)
Imported 'GUID: 8498618d4b2146a99535b878ca911525' -> (Import Result ID: '2c6099c079ce2382daf223f64339f44b') in 0.005 seconds [static and dynamic dependencies]. Details - ImportResultOutputID=6f9561c0a0e5306e650a812658b54093 DependenciesID=a89adec4a28655d5e1487f9abeb1873e StaticDependenciesID=4f29274243e9a9be675bc8c685053778 
Number of updated asset objects reloaded before import = 0
Number of asset objects unloaded after import = 0
========================================================================
Received Import Request.
  Time of request: 2026-06-22T05:06:17.1047419Z
  Time since last request: 0.0005022 seconds.
  importAddress: GUID: 51eb97cc5baa44c898f577d324843965 - Path: Packages/com.unity.visualscripting/Runtime/VisualScripting.Core/Listeners/UIInterfaces/UnityOnPointerClickMessageListener.cs - Importer: ScriptedImporter/UnityEditor.QuickSearchModule:UnityEditor.Search:ASIAI0B
Importing 'GUID: 51eb97cc5baa44c898f577d324843965 - Path: Packages/com.unity.visualscripting/Runtime/VisualScripting.Core/Listeners/UIInterfaces/UnityOnPointerClickMessageListener.cs - Importer: ScriptedImporter/UnityEditor.QuickSearchModule:UnityEditor.Search:ASIAI0B' with importer (ScriptedImporter : UnityEditor.QuickSearchModule:UnityEditor.Search:ASIAI0B)
Imported 'GUID: 51eb97cc5baa44c898f577d324843965' -> (Import Result ID: '47fb1ee73a5b748d4cc06a8f4afb70a6') in 0.004 seconds [static and dynamic dependencies]. Details - ImportResultOutputID=8a3e1f3345920688efcb202fac4845a3 DependenciesID=cfa1ef39f2b8e68ec902e0687001a3a4 StaticDependenciesID=a59e7e4c9d5bcd6ee6e356f12cec8a5a 
Number of updated asset objects reloaded before import = 0
Number of asset objects unloaded after import = 0
========================================================================
Received Import Request.
  Time of request: 2026-06-22T05:06:17.1094759Z
  Time since last request: 0.0003826 seconds.
  importAddress: GUID: 0894788eee174edcb7625094956271ed - Path: Packages/com.unity.visualscripting/Runtime/VisualScripting.Core/Listeners/UIInterfaces/UnityOnMoveMessageListener.cs - Importer: ScriptedImporter/UnityEditor.QuickSearchModule:UnityEditor.Search:ASIAI0B
Importing 'GUID: 0894788eee174edcb7625094956271ed - Path: Packages/com.unity.visualscripting/Runtime/VisualScripting.Core/Listeners/UIInterfaces/UnityOnMoveMessageListener.cs - Importer: ScriptedImporter/UnityEditor.QuickSearchModule:UnityEditor.Search:ASIAI0B' with importer (ScriptedImporter : UnityEditor.QuickSearchModule:UnityEditor.Search:ASIAI0B)
Imported 'GUID: 0894788eee174edcb7625094956271ed' -> (Import Result ID: 'd6be19151f5fee9d1b2cc947644720c6') in 0.006 seconds [static and dynamic dependencies]. Details - ImportResultOutputID=88486c03a31f806d815dd37b37e23089 DependenciesID=94c78dbff9f659bd34d1c58b23c46dcb StaticDependenciesID=3d7b990f695837d180b188261c4426bb 
Number of updated asset objects reloaded before import = 0
Number of asset objects unloaded after import = 0
========================================================================
Received Import Request.
  Time of request: 2026-06-22T05:06:17.1157349Z
  Time since last request: 0.0003945 seconds.
  importAddress: GUID: a72ec9281e404a6f9907566101054f88 - Path: Packages/com.unity.visualscripting/Runtime/VisualScripting.Core/Listeners/MonoBehaviour/UnityOnCollisionStayMessageListener.cs - Importer: ScriptedImporter/UnityEditor.QuickSearchModule:UnityEditor.Search:ASIAI0B
Importing 'GUID: a72ec9281e404a6f9907566101054f88 - Path: Packages/com.unity.visualscripting/Runtime/VisualScripting.Core/Listeners/MonoBehaviour/UnityOnCollisionStayMessageListener.cs - Importer: ScriptedImporter/UnityEditor.QuickSearchModule:UnityEditor.Search:ASIAI0B' with importer (ScriptedImporter : UnityEditor.QuickSearchModule:UnityEditor.Search:ASIAI0B)
Imported 'GUID: a72ec9281e404a6f9907566101054f88' -> (Import Result ID: 'ad552124ca371aebfc6a031f585bb3c6') in 0.005 seconds [static and dynamic dependencies]. Details - ImportResultOutputID=4c7cd9e2444c779bb545ad53b25fe766 DependenciesID=d68cfd6aa675e21645bb5cf40e70cf12 StaticDependenciesID=414ca2825ad6ed2442acf925e745dbcc 
Number of updated asset objects reloaded before import = 0
Number of asset objects unloaded after import = 0
========================================================================
Received Import Request.
  Time of request: 2026-06-22T05:06:17.121324Z
  Time since last request: 0.0007112 seconds.
  importAddress: GUID: 3fd8f4497abf4f0d926118d8277fed1c - Path: Packages/com.unity.visualscripting/Runtime/VisualScripting.Core/Listeners/MonoBehaviour/UnityOnCollisionStay2DMessageListener.cs - Importer: ScriptedImporter/UnityEditor.QuickSearchModule:UnityEditor.Search:ASIAI0B
Importing 'GUID: 3fd8f4497abf4f0d926118d8277fed1c - Path: Packages/com.unity.visualscripting/Runtime/VisualScripting.Core/Listeners/MonoBehaviour/UnityOnCollisionStay2DMessageListener.cs - Importer: ScriptedImporter/UnityEditor.QuickSearchModule:UnityEditor.Search:ASIAI0B' with importer (ScriptedImporter : UnityEditor.QuickSearchModule:UnityEditor.Search:ASIAI0B)
Imported 'GUID: 3fd8f4497abf4f0d926118d8277fed1c' -> (Import Result ID: 'dec970ddbcae6d18f60f0b3ea2ad2cc7') in 0.005 seconds [static and dynamic dependencies]. Details - ImportResultOutputID=4d9e391593962f81f0413ac072c34ca3 DependenciesID=90a62a285fea1dc5aa30eae468a05f6b StaticDependenciesID=aa428f2538347a39a1c8537678a4a990 
Number of updated asset objects reloaded before import = 0
Number of asset objects unloaded after import = 0
========================================================================
Received Import Request.
  Time of request: 2026-06-22T05:06:17.1270059Z
  Time since last request: 0.0004643 seconds.
  importAddress: GUID: 6353859ed8384eb68820fa300ffc35cd - Path: Packages/com.unity.visualscripting/Runtime/VisualScripting.Core/Listeners/UIInterfaces/UnityOnPointerDownMessageListener.cs - Importer: ScriptedImporter/UnityEditor.QuickSearchModule:UnityEditor.Search:ASIAI0B
Importing 'GUID: 6353859ed8384eb68820fa300ffc35cd - Path: Packages/com.unity.visualscripting/Runtime/VisualScripting.Core/Listeners/UIInterfaces/UnityOnPointerDownMessageListener.cs - Importer: ScriptedImporter/UnityEditor.QuickSearchModule:UnityEditor.Search:ASIAI0B' with importer (ScriptedImporter : UnityEditor.QuickSearchModule:UnityEditor.Search:ASIAI0B)
Imported 'GUID: 6353859ed8384eb68820fa300ffc35cd' -> (Import Result ID: '4ec7112d1ddaf6eaadbfd0d6110bfe12') in 0.004 seconds [static and dynamic dependencies]. Details - ImportResultOutputID=8903e16f084d969553a11aa51ce1a748 DependenciesID=3118b7795302ad1149100e806a096401 StaticDependenciesID=be9503f63e42aa0fae74c24c4592d33d 
Number of updated asset objects reloaded before import = 0
Number of asset objects unloaded after import = 0
========================================================================
Received Import Request.
  Time of request: 2026-06-22T05:06:17.1315808Z
  Time since last request: 0.0003658 seconds.
  importAddress: GUID: 7c0a6b05f3744a02b6a011821cb7be1e - Path: Packages/com.unity.visualscripting/Runtime/VisualScripting.Core/Listeners/MonoBehaviour/UnityOnJointBreakMessageListener.cs - Importer: ScriptedImporter/UnityEditor.QuickSearchModule:UnityEditor.Search:ASIAI0B
Importing 'GUID: 7c0a6b05f3744a02b6a011821cb7be1e - Path: Packages/com.unity.visualscripting/Runtime/VisualScripting.Core/Listeners/MonoBehaviour/UnityOnJointBreakMessageListener.cs - Importer: ScriptedImporter/UnityEditor.QuickSearchModule:UnityEditor.Search:ASIAI0B' with importer (ScriptedImporter : UnityEditor.QuickSearchModule:UnityEditor.Search:ASIAI0B)
Imported 'GUID: 7c0a6b05f3744a02b6a011821cb7be1e' -> (Import Result ID: '93d6ae5dd362d52b88d5f46c13471555') in 0.003 seconds [static and dynamic dependencies]. Details - ImportResultOutputID=9ce0267db37bf1e1800e30e3999894ab DependenciesID=a38f5b4838b4e484a368f020753c44f6 StaticDependenciesID=197715b1f38a830ffa3643a374ed210a 
Number of updated asset objects reloaded before import = 0
Number of asset objects unloaded after import = 0
========================================================================
Received Import Request.
  Time of request: 2026-06-22T05:06:17.1354688Z
  Time since last request: 0.0003436 seconds.
  importAddress: GUID: 90b15a896e1b468b9e634bb9b49bcb9e - Path: Packages/com.unity.visualscripting/Runtime/VisualScripting.Core/Listeners/MonoBehaviour/UnityOnTransformChildrenChangedMListener.cs - Importer: ScriptedImporter/UnityEditor.QuickSearchModule:UnityEditor.Search:ASIAI0B
Importing 'GUID: 90b15a896e1b468b9e634bb9b49bcb9e - Path: Packages/com.unity.visualscripting/Runtime/VisualScripting.Core/Listeners/MonoBehaviour/UnityOnTransformChildrenChangedMListener.cs - Importer: ScriptedImporter/UnityEditor.QuickSearchModule:UnityEditor.Search:ASIAI0B' with importer (ScriptedImporter : UnityEditor.QuickSearchModule:UnityEditor.Search:ASIAI0B)
Imported 'GUID: 90b15a896e1b468b9e634bb9b49bcb9e' -> (Import Result ID: '549bc7ea117930f7ba0c8ace4497d6e7') in 0.004 seconds [static and dynamic dependencies]. Details - ImportResultOutputID=48e4981d9941a90ca0012519df05d813 DependenciesID=afeb576393c297a97733e1df5e31e635 StaticDependenciesID=95f529af6fff5438ec99280a03ed2db8 
Number of updated asset objects reloaded before import = 0
Number of asset objects unloaded after import = 0
========================================================================
Received Import Request.
  Time of request: 2026-06-22T05:06:17.1400762Z
  Time since last request: 0.0005278 seconds.
  importAddress: GUID: f7eff71d2342343c3985596ad46e6480 - Path: Packages/com.unity.visualscripting/Runtime/VisualScripting.Core/Reflection/Operators/AndHandler.cs - Importer: ScriptedImporter/UnityEditor.QuickSearchModule:UnityEditor.Search:ASIAI0B
Importing 'GUID: f7eff71d2342343c3985596ad46e6480 - Path: Packages/com.unity.visualscripting/Runtime/VisualScripting.Core/Reflection/Operators/AndHandler.cs - Importer: ScriptedImporter/UnityEditor.QuickSearchModule:UnityEditor.Search:ASIAI0B' with importer (ScriptedImporter : UnityEditor.QuickSearchModule:UnityEditor.Search:ASIAI0B)
Imported 'GUID: f7eff71d2342343c3985596ad46e6480' -> (Import Result ID: '73acb8580d42fcfc423f8cd3dcf33520') in 0.004 seconds [static and dynamic dependencies]. Details - ImportResultOutputID=4559fb15dc326fc53a056c422adb9f32 DependenciesID=1aab80965995eb3c1b2bb975949d8356 StaticDependenciesID=a80f136b8d5b11706edadb60f898fd80 
Number of updated asset objects reloaded before import = 0
Number of asset objects unloaded after import = 0
========================================================================
Received Import Request.
  Time of request: 2026-06-22T05:06:17.1589114Z
  Time since last request: 0.0145535 seconds.
  importAddress: GUID: 6ac39bd0abb61457399c6377fe2cdcc2 - Path: Packages/com.unity.visualscripting/Runtime/VisualScripting.Core/Reflection/Operators/NumericNegationHandler.cs - Importer: ScriptedImporter/UnityEditor.QuickSearchModule:UnityEditor.Search:ASIAI0B
Importing 'GUID: 6ac39bd0abb61457399c6377fe2cdcc2 - Path: Packages/com.unity.visualscripting/Runtime/VisualScripting.Core/Reflection/Operators/NumericNegationHandler.cs - Importer: ScriptedImporter/UnityEditor.QuickSearchModule:UnityEditor.Search:ASIAI0B' with importer (ScriptedImporter : UnityEditor.QuickSearchModule:UnityEditor.Search:ASIAI0B)
Imported 'GUID: 6ac39bd0abb61457399c6377fe2cdcc2' -> (Import Result ID: 'f8871d4dfe4ad0d511f3f43c0ea8f13b') in 0.004 seconds [static and dynamic dependencies]. Details - ImportResultOutputID=989138010f64c72ba18e19846107caaa DependenciesID=ed12815a7fd6e3881c73978ed93ac85c StaticDependenciesID=a1fc7512d9ee19e7e9fdd7de0affc2ec 
Number of updated asset objects reloaded before import = 0
Number of asset objects unloaded after import = 0
========================================================================
Received Import Request.
  Time of request: 2026-06-22T05:06:17.1643575Z
  Time since last request: 0.0008993 seconds.
  importAddress: GUID: 2f3bca0e9135d49adbd74367aca4625b - Path: Packages/com.unity.visualscripting/Runtime/VisualScripting.Core/Reflection/Optimization/InstanceActionInvoker_1.cs - Importer: ScriptedImporter/UnityEditor.QuickSearchModule:UnityEditor.Search:ASIAI0B
Importing 'GUID: 2f3bca0e9135d49adbd74367aca4625b - Path: Packages/com.unity.visualscripting/Runtime/VisualScripting.Core/Reflection/Optimization/InstanceActionInvoker_1.cs - Importer: ScriptedImporter/UnityEditor.QuickSearchModule:UnityEditor.Search:ASIAI0B' with importer (ScriptedImporter : UnityEditor.QuickSearchModule:UnityEditor.Search:ASIAI0B)
Imported 'GUID: 2f3bca0e9135d49adbd74367aca4625b' -> (Import Result ID: '9495d0c7eaa3e5b34e1de2e40edfc869') in 0.004 seconds [static and dynamic dependencies]. Details - ImportResultOutputID=eabac9df671bef382e283c1021baf71e DependenciesID=431c26cb42f89fe85eba038fac633efe StaticDependenciesID=449d92af3aa62da17083ff22d2bf9c07 
Number of updated asset objects reloaded before import = 0
Number of asset objects unloaded after import = 0
========================================================================
Received Import Request.
  Time of request: 2026-06-22T05:06:17.1695337Z
  Time since last request: 0.000734 seconds.
  importAddress: GUID: adbde1bbd3b564927972074085a24f86 - Path: Packages/com.unity.visualscripting/Runtime/VisualScripting.Core/Reflection/Optimization/StaticFunctionInvoker_5.cs - Importer: ScriptedImporter/UnityEditor.QuickSearchModule:UnityEditor.Search:ASIAI0B
Importing 'GUID: adbde1bbd3b564927972074085a24f86 - Path: Packages/com.unity.visualscripting/Runtime/VisualScripting.Core/Reflection/Optimization/StaticFunctionInvoker_5.cs - Importer: ScriptedImporter/UnityEditor.QuickSearchModule:UnityEditor.Search:ASIAI0B' with importer (ScriptedImporter : UnityEditor.QuickSearchModule:UnityEditor.Search:ASIAI0B)
Imported 'GUID: adbde1bbd3b564927972074085a24f86' -> (Import Result ID: '339ec277a7f3428aa4ee279830d9df63') in 0.005 seconds [static and dynamic dependencies]. Details - ImportResultOutputID=67399426b208ad9bd1dfd456c634e195 DependenciesID=34db2cfbd0c30cb18789a7a0e43ba8df StaticDependenciesID=ee8caa4af2c2f54ec66d1c0ef0a6f302 
Number of updated asset objects reloaded before import = 0
Number of asset objects unloaded after import = 0
========================================================================
Received Import Request.
  Time of request: 2026-06-22T05:06:17.1750178Z
  Time since last request: 0.0005633 seconds.
  importAddress: GUID: 1c5dbdbb09420438593bab3d6f0754f3 - Path: Packages/com.unity.visualscripting/Runtime/VisualScripting.Core/Reflection/Optimization/InstanceFunctionInvoker_0.cs - Importer: ScriptedImporter/UnityEditor.QuickSearchModule:UnityEditor.Search:ASIAI0B
Importing 'GUID: 1c5dbdbb09420438593bab3d6f0754f3 - Path: Packages/com.unity.visualscripting/Runtime/VisualScripting.Core/Reflection/Optimization/InstanceFunctionInvoker_0.cs - Importer: ScriptedImporter/UnityEditor.QuickSearchModule:UnityEditor.Search:ASIAI0B' with importer (ScriptedImporter : UnityEditor.QuickSearchModule:UnityEditor.Search:ASIAI0B)
Imported 'GUID: 1c5dbdbb09420438593bab3d6f0754f3' -> (Import Result ID: 'd97312dec889f2826dc5f9bbb72237b5') in 0.005 seconds [static and dynamic dependencies]. Details - ImportResultOutputID=6fa7edb45d4dca1d322cf761855ea10f DependenciesID=788997091b20d26bd942808db741d09c StaticDependenciesID=849c859d2bf317e05dfbf678b006f200 
Number of updated asset objects reloaded before import = 0
Number of asset objects unloaded after import = 0
========================================================================
Received Import Request.
  Time of request: 2026-06-22T05:06:17.1813929Z
  Time since last request: 0.0013282 seconds.
  importAddress: GUID: be0be1dccfccc4cef9ffc756df949339 - Path: Packages/com.unity.visualscripting/Runtime/VisualScripting.Core/Reflection/Operators/LessThanHandler.cs - Importer: ScriptedImporter/UnityEditor.QuickSearchModule:UnityEditor.Search:ASIAI0B
Importing 'GUID: be0be1dccfccc4cef9ffc756df949339 - Path: Packages/com.unity.visualscripting/Runtime/VisualScripting.Core/Reflection/Operators/LessThanHandler.cs - Importer: ScriptedImporter/UnityEditor.QuickSearchModule:UnityEditor.Search:ASIAI0B' with importer (ScriptedImporter : UnityEditor.QuickSearchModule:UnityEditor.Search:ASIAI0B)
Imported 'GUID: be0be1dccfccc4cef9ffc756df949339' -> (Import Result ID: 'ddce39d96dfeca17ee6da9f40c258468') in 0.006 seconds [static and dynamic dependencies]. Details - ImportResultOutputID=60d42b8425f056f11f8a1c50c1a13127 DependenciesID=a638db9ada068b150b31451adaa164f7 StaticDependenciesID=9d169fe9fecf13e27f92953ca522db2f 
Number of updated asset objects reloaded before import = 0
Number of asset objects unloaded after import = 0
========================================================================
Received Import Request.
  Time of request: 2026-06-22T05:06:17.1884746Z
  Time since last request: 0.0005703 seconds.
  importAddress: GUID: 74765ebacef5c4d3796689d3fdbfb3ea - Path: Packages/com.unity.visualscripting/Runtime/VisualScripting.Core/Reflection/Operators/PlusHandler.cs - Importer: ScriptedImporter/UnityEditor.QuickSearchModule:UnityEditor.Search:ASIAI0B
Importing 'GUID: 74765ebacef5c4d3796689d3fdbfb3ea - Path: Packages/com.unity.visualscripting/Runtime/VisualScripting.Core/Reflection/Operators/PlusHandler.cs - Importer: ScriptedImporter/UnityEditor.QuickSearchModule:UnityEditor.Search:ASIAI0B' with importer (ScriptedImporter : UnityEditor.QuickSearchModule:UnityEditor.Search:ASIAI0B)
Imported 'GUID: 74765ebacef5c4d3796689d3fdbfb3ea' -> (Import Result ID: '8e2ac6bc1fb73de22a0fa17740c9a9b1') in 0.005 seconds [static and dynamic dependencies]. Details - ImportResultOutputID=c7a36a7ff3d4bdb7a05c48a2d24ea01b DependenciesID=22bcbf17e02c799ca8cb4181cb6efe42 StaticDependenciesID=dc1577778d0ccb4b17b26323feb3c3ec 
Number of updated asset objects reloaded before import = 0
Number of asset objects unloaded after import = 0
========================================================================
Received Import Request.
  Time of request: 2026-06-22T05:06:17.1948997Z
  Time since last request: 0.0005878 seconds.
  importAddress: GUID: 31e550d17f6264ba68218683267984df - Path: Packages/com.unity.visualscripting/Runtime/VisualScripting.Core/Reflection/Optimization/IOptimizedAccessor.cs - Importer: ScriptedImporter/UnityEditor.QuickSearchModule:UnityEditor.Search:ASIAI0B
Importing 'GUID: 31e550d17f6264ba68218683267984df - Path: Packages/com.unity.visualscripting/Runtime/VisualScripting.Core/Reflection/Optimization/IOptimizedAccessor.cs - Importer: ScriptedImporter/UnityEditor.QuickSearchModule:UnityEditor.Search:ASIAI0B' with importer (ScriptedImporter : UnityEditor.QuickSearchModule:UnityEditor.Search:ASIAI0B)
Imported 'GUID: 31e550d17f6264ba68218683267984df' -> (Import Result ID: 'bfc9fc54031553df4c9300f2085b38d7') in 0.004 seconds [static and dynamic dependencies]. Details - ImportResultOutputID=a5c07fd736d3f6248552e709efe6b8da DependenciesID=a48750db965241e1cd8edae73db930f1 StaticDependenciesID=69559f9f7d10b57126f2c229a65bdca2 
Number of updated asset objects reloaded before import = 0
Number of asset objects unloaded after import = 0
========================================================================
Received Import Request.
  Time of request: 2026-06-22T05:06:17.1997097Z
  Time since last request: 0.0003737 seconds.
  importAddress: GUID: 72025ee3eb5ee41eebfffa6066a9ff95 - Path: Packages/com.unity.visualscripting/Runtime/VisualScripting.Core/Reflection/Operators/RightShiftHandler.cs - Importer: ScriptedImporter/UnityEditor.QuickSearchModule:UnityEditor.Search:ASIAI0B
Importing 'GUID: 72025ee3eb5ee41eebfffa6066a9ff95 - Path: Packages/com.unity.visualscripting/Runtime/VisualScripting.Core/Reflection/Operators/RightShiftHandler.cs - Importer: ScriptedImporter/UnityEditor.QuickSearchModule:UnityEditor.Search:ASIAI0B' with importer (ScriptedImporter : UnityEditor.QuickSearchModule:UnityEditor.Search:ASIAI0B)
Imported 'GUID: 72025ee3eb5ee41eebfffa6066a9ff95' -> (Import Result ID: '8aab99e614dcb263839d68ab3df46aed') in 0.006 seconds [static and dynamic dependencies]. Details - ImportResultOutputID=43ac2f25d30f9cd1d6687c44b30c5256 DependenciesID=266e698e8c0b53d539c2a1ec496b04b0 StaticDependenciesID=801cc39034702c73cbea7d57a7d08a4a 
Number of updated asset objects reloaded before import = 0
Number of asset objects unloaded after import = 0
========================================================================
Received Import Request.
  Time of request: 2026-06-22T05:06:17.2068941Z
  Time since last request: 0.00056 seconds.
  importAddress: GUID: e14630a9514064be79c5de1ca7565cbe - Path: Packages/com.unity.visualscripting/Runtime/VisualScripting.Core/Reflection/Operators/LogicalNegationHandler.cs - Importer: ScriptedImporter/UnityEditor.QuickSearchModule:UnityEditor.Search:ASIAI0B
Importing 'GUID: e14630a9514064be79c5de1ca7565cbe - Path: Packages/com.unity.visualscripting/Runtime/VisualScripting.Core/Reflection/Operators/LogicalNegationHandler.cs - Importer: ScriptedImporter/UnityEditor.QuickSearchModule:UnityEditor.Search:ASIAI0B' with importer (ScriptedImporter : UnityEditor.QuickSearchModule:UnityEditor.Search:ASIAI0B)
Imported 'GUID: e14630a9514064be79c5de1ca7565cbe' -> (Import Result ID: '46cf0808a79006c7257bf7719b0acf50') in 0.005 seconds [static and dynamic dependencies]. Details - ImportResultOutputID=dde24d2d183e2d2610f9b447c5af9bec DependenciesID=4f00bce775920b8c59cbefa74606a327 StaticDependenciesID=0231f79ba3030840f6cf12c39fa5609b 
Number of updated asset objects reloaded before import = 0
Number of asset objects unloaded after import = 0
========================================================================
Received Import Request.
  Time of request: 2026-06-22T05:06:17.2125638Z
  Time since last request: 0.0005323 seconds.
  importAddress: GUID: b7e750bab85614562acb6c17af1874fa - Path: Packages/com.unity.visualscripting/Runtime/VisualScripting.Core/Reflection/Operators/MultiplicationHandler.cs - Importer: ScriptedImporter/UnityEditor.QuickSearchModule:UnityEditor.Search:ASIAI0B
Importing 'GUID: b7e750bab85614562acb6c17af1874fa - Path: Packages/com.unity.visualscripting/Runtime/VisualScripting.Core/Reflection/Operators/MultiplicationHandler.cs - Importer: ScriptedImporter/UnityEditor.QuickSearchModule:UnityEditor.Search:ASIAI0B' with importer (ScriptedImporter : UnityEditor.QuickSearchModule:UnityEditor.Search:ASIAI0B)
Imported 'GUID: b7e750bab85614562acb6c17af1874fa' -> (Import Result ID: 'a001c70a1d5a624417bc301f17c5b7b1') in 0.004 seconds [static and dynamic dependencies]. Details - ImportResultOutputID=1cf17c08234b9102874d0d72e7d60111 DependenciesID=40325a68fa04d5dcd32cdfe925b6b44a StaticDependenciesID=1777e0d51fb643ad902e9c694a9c46ee 
Number of updated asset objects reloaded before import = 0
Number of asset objects unloaded after import = 0
========================================================================
Received Import Request.
  Time of request: 2026-06-22T05:06:17.2176591Z
  Time since last request: 0.0004964 seconds.
  importAddress: GUID: 4a6c6829dd03e4750a1bd7107faa4730 - Path: Packages/com.unity.visualscripting/Runtime/VisualScripting.Core/Reflection/Operators/InvalidOperatorException.cs - Importer: ScriptedImporter/UnityEditor.QuickSearchModule:UnityEditor.Search:ASIAI0B
Importing 'GUID: 4a6c6829dd03e4750a1bd7107faa4730 - Path: Packages/com.unity.visualscripting/Runtime/VisualScripting.Core/Reflection/Operators/InvalidOperatorException.cs - Importer: ScriptedImporter/UnityEditor.QuickSearchModule:UnityEditor.Search:ASIAI0B' with importer (ScriptedImporter : UnityEditor.QuickSearchModule:UnityEditor.Search:ASIAI0B)
Imported 'GUID: 4a6c6829dd03e4750a1bd7107faa4730' -> (Import Result ID: '01638ff8a99f250314ff416693417c74') in 0.004 seconds [static and dynamic dependencies]. Details - ImportResultOutputID=4e16a0b10a9f23c1bdb8d25e8e2856cd DependenciesID=918cdb7f225c586beb4053b500dcdb12 StaticDependenciesID=b3579b759eb00bcd926529f6e86509ca 
Number of updated asset objects reloaded before import = 0
Number of asset objects unloaded after import = 0
========================================================================
Received Import Request.
  Time of request: 2026-06-22T05:06:17.2225004Z
  Time since last request: 0.0004398 seconds.
  importAddress: GUID: 2c2871eb7ba4a40e8b067d1ea0cc7fb9 - Path: Packages/com.unity.visualscripting/Runtime/VisualScripting.Core/Reflection/Optimization/ReflectionInvoker.cs - Importer: ScriptedImporter/UnityEditor.QuickSearchModule:UnityEditor.Search:ASIAI0B
Importing 'GUID: 2c2871eb7ba4a40e8b067d1ea0cc7fb9 - Path: Packages/com.unity.visualscripting/Runtime/VisualScripting.Core/Reflection/Optimization/ReflectionInvoker.cs - Importer: ScriptedImporter/UnityEditor.QuickSearchModule:UnityEditor.Search:ASIAI0B' with importer (ScriptedImporter : UnityEditor.QuickSearchModule:UnityEditor.Search:ASIAI0B)
Imported 'GUID: 2c2871eb7ba4a40e8b067d1ea0cc7fb9' -> (Import Result ID: 'aae56bfc0190dcbbd73684a90b2c13d5') in 0.004 seconds [static and dynamic dependencies]. Details - ImportResultOutputID=cf09abac7c96debed1207092a7aefabc DependenciesID=9b6cab28e84390d274632103980e6bb0 StaticDependenciesID=f85d461b8cacb7fd75e986af6dfc8a5f 
Number of updated asset objects reloaded before import = 0
Number of asset objects unloaded after import = 0
========================================================================
Received Import Request.
  Time of request: 2026-06-22T05:06:17.2441059Z
  Time since last request: 0.0168298 seconds.
  importAddress: GUID: c614751e0f58c477cb0e9658be0ebdc4 - Path: Packages/com.unity.visualscripting/Runtime/VisualScripting.Flow/Dependencies/NCalc/UnaryExpression.cs - Importer: ScriptedImporter/UnityEditor.QuickSearchModule:UnityEditor.Search:ASIAI0B
Importing 'GUID: c614751e0f58c477cb0e9658be0ebdc4 - Path: Packages/com.unity.visualscripting/Runtime/VisualScripting.Flow/Dependencies/NCalc/UnaryExpression.cs - Importer: ScriptedImporter/UnityEditor.QuickSearchModule:UnityEditor.Search:ASIAI0B' with importer (ScriptedImporter : UnityEditor.QuickSearchModule:UnityEditor.Search:ASIAI0B)
Imported 'GUID: c614751e0f58c477cb0e9658be0ebdc4' -> (Import Result ID: '72644fdbcf45497e6563c0d02155b4ae') in 0.004 seconds [static and dynamic dependencies]. Details - ImportResultOutputID=10e52eb1e7e4a38cbf97b3b9a6446050 DependenciesID=741572a99c1ee06b0412dbc348776522 StaticDependenciesID=812231f1a4434ac8c4c23d6c63e96bd4 
Number of updated asset objects reloaded before import = 0
Number of asset objects unloaded after import = 0
========================================================================
Received Import Request.
  Time of request: 2026-06-22T05:06:17.2493065Z
  Time since last request: 0.0010354 seconds.
  importAddress: GUID: 1b211073028ea4467ad1c7f48e0b3530 - Path: Packages/com.unity.visualscripting/Runtime/VisualScripting.Flow/Dependencies/NCalc/ParameterArgs.cs - Importer: ScriptedImporter/UnityEditor.QuickSearchModule:UnityEditor.Search:ASIAI0B
Importing 'GUID: 1b211073028ea4467ad1c7f48e0b3530 - Path: Packages/com.unity.visualscripting/Runtime/VisualScripting.Flow/Dependencies/NCalc/ParameterArgs.cs - Importer: ScriptedImporter/UnityEditor.QuickSearchModule:UnityEditor.Search:ASIAI0B' with importer (ScriptedImporter : UnityEditor.QuickSearchModule:UnityEditor.Search:ASIAI0B)
Imported 'GUID: 1b211073028ea4467ad1c7f48e0b3530' -> (Import Result ID: 'd73a393c278cc1202dd735a3d8d0e55e') in 0.004 seconds [static and dynamic dependencies]. Details - ImportResultOutputID=6dcb581e76cd33ba1508d70f7e86daa8 DependenciesID=f96c9807c76e61ea071c188de0358f40 StaticDependenciesID=e80fd00cb7b9124b064227d2dd012e1f 
Number of updated asset objects reloaded before import = 0
Number of asset objects unloaded after import = 0
========================================================================
Received Import Request.
  Time of request: 2026-06-22T05:06:17.2537628Z
  Time since last request: 0.0003909 seconds.
  importAddress: GUID: f9e773f6742c84fa28f8820bd00cce30 - Path: Packages/com.unity.visualscripting/Runtime/VisualScripting.Flow/Dependencies/NCalc/Unity.VisualScripting.Antlr3.Runtime.dll - Importer: ScriptedImporter/UnityEditor.QuickSearchModule:UnityEditor.Search:ASIAI0B
Importing 'GUID: f9e773f6742c84fa28f8820bd00cce30 - Path: Packages/com.unity.visualscripting/Runtime/VisualScripting.Flow/Dependencies/NCalc/Unity.VisualScripting.Antlr3.Runtime.dll - Importer: ScriptedImporter/UnityEditor.QuickSearchModule:UnityEditor.Search:ASIAI0B' with importer (ScriptedImporter : UnityEditor.QuickSearchModule:UnityEditor.Search:ASIAI0B)
Imported 'GUID: f9e773f6742c84fa28f8820bd00cce30' -> (Import Result ID: 'e1fd67fd0230fef871bff16d68b7098c') in 0.021 seconds [static and dynamic dependencies]. Details - ImportResultOutputID=e3079542566d64c3e1341885c6283f13 DependenciesID=b0daa4d73a1508a5656241273b121656 StaticDependenciesID=ef18e921063f04e53006e8d9fdf6c075 
Number of updated asset objects reloaded before import = 0
Number of asset objects unloaded after import = 0
========================================================================
Received Import Request.
  Time of request: 2026-06-22T05:06:17.2755464Z
  Time since last request: 0.0006415 seconds.
  importAddress: GUID: 4c159d9546a084c019e5b2d7610a0269 - Path: Packages/com.unity.visualscripting/Runtime/VisualScripting.Flow/Framework/Control/SelectUnit.cs - Importer: ScriptedImporter/UnityEditor.QuickSearchModule:UnityEditor.Search:ASIAI0B
Importing 'GUID: 4c159d9546a084c019e5b2d7610a0269 - Path: Packages/com.unity.visualscripting/Runtime/VisualScripting.Flow/Framework/Control/SelectUnit.cs - Importer: ScriptedImporter/UnityEditor.QuickSearchModule:UnityEditor.Search:ASIAI0B' with importer (ScriptedImporter : UnityEditor.QuickSearchModule:UnityEditor.Search:ASIAI0B)
Imported 'GUID: 4c159d9546a084c019e5b2d7610a0269' -> (Import Result ID: '365bcc023ac2d2ab73e0df5d38a44895') in 0.004 seconds [static and dynamic dependencies]. Details - ImportResultOutputID=b14a50b3788bedd573553b7fafd6a2f7 DependenciesID=83cc32234aae5b76c17767cc7e36b294 StaticDependenciesID=c8a2ea2d8d5bbcbcb05f8189851192b4 
Number of updated asset objects reloaded before import = 0
Number of asset objects unloaded after import = 0
========================================================================
Received Import Request.
  Time of request: 2026-06-22T05:06:17.280809Z
  Time since last request: 0.0008839 seconds.
  importAddress: GUID: 33c6a89291fe4454fb69c9af968b6830 - Path: Packages/com.unity.visualscripting/Runtime/VisualScripting.Flow/Framework/Collections/CountItems.cs - Importer: ScriptedImporter/UnityEditor.QuickSearchModule:UnityEditor.Search:ASIAI0B
Importing 'GUID: 33c6a89291fe4454fb69c9af968b6830 - Path: Packages/com.unity.visualscripting/Runtime/VisualScripting.Flow/Framework/Collections/CountItems.cs - Importer: ScriptedImporter/UnityEditor.QuickSearchModule:UnityEditor.Search:ASIAI0B' with importer (ScriptedImporter : UnityEditor.QuickSearchModule:UnityEditor.Search:ASIAI0B)
Imported 'GUID: 33c6a89291fe4454fb69c9af968b6830' -> (Import Result ID: '4dffd3af63c3e006a51dbbb64cfc564d') in 0.005 seconds [static and dynamic dependencies]. Details - ImportResultOutputID=1752601c15f9e279498026edd2c3c32a DependenciesID=ead677afbc30479d60d26956e05c89c0 StaticDependenciesID=ed264106bfde5789e5adfd9e1ae789aa 
Number of updated asset objects reloaded before import = 0
Number of asset objects unloaded after import = 0
========================================================================
Received Import Request.
  Time of request: 2026-06-22T05:06:17.2862283Z
  Time since last request: 0.0005037 seconds.
  importAddress: GUID: b468d76c18c2a410aa40c222a91eebb3 - Path: Packages/com.unity.visualscripting/Runtime/VisualScripting.Flow/Framework/Control/ToggleFlow.cs - Importer: ScriptedImporter/UnityEditor.QuickSearchModule:UnityEditor.Search:ASIAI0B
Importing 'GUID: b468d76c18c2a410aa40c222a91eebb3 - Path: Packages/com.unity.visualscripting/Runtime/VisualScripting.Flow/Framework/Control/ToggleFlow.cs - Importer: ScriptedImporter/UnityEditor.QuickSearchModule:UnityEditor.Search:ASIAI0B' with importer (ScriptedImporter : UnityEditor.QuickSearchModule:UnityEditor.Search:ASIAI0B)
Imported 'GUID: b468d76c18c2a410aa40c222a91eebb3' -> (Import Result ID: '2422a6ae44f54187e6810683815fde8d') in 0.004 seconds [static and dynamic dependencies]. Details - ImportResultOutputID=5845c4764f08b0bdc5751eb45360f224 DependenciesID=bd708f6abeb62edbcefb786056a0e4ce StaticDependenciesID=2cabc186003b3273df0646482a6afadf 
Number of updated asset objects reloaded before import = 0
Number of asset objects unloaded after import = 0
========================================================================
Received Import Request.
  Time of request: 2026-06-22T05:06:17.2909783Z
  Time since last request: 0.0004282 seconds.
  importAddress: GUID: 0ee6f6e4db91f45afbbfa24798d7b346 - Path: Packages/com.unity.visualscripting/Runtime/VisualScripting.Flow/Framework/Control/LoopUnit.cs - Importer: ScriptedImporter/UnityEditor.QuickSearchModule:UnityEditor.Search:ASIAI0B
Importing 'GUID: 0ee6f6e4db91f45afbbfa24798d7b346 - Path: Packages/com.unity.visualscripting/Runtime/VisualScripting.Flow/Framework/Control/LoopUnit.cs - Importer: ScriptedImporter/UnityEditor.QuickSearchModule:UnityEditor.Search:ASIAI0B' with importer (ScriptedImporter : UnityEditor.QuickSearchModule:UnityEditor.Search:ASIAI0B)
Imported 'GUID: 0ee6f6e4db91f45afbbfa24798d7b346' -> (Import Result ID: '36bdd50187aa51cbb893966b72d4da5c') in 0.004 seconds [static and dynamic dependencies]. Details - ImportResultOutputID=6b3be3e79827a09c8aad09e1658a86d4 DependenciesID=6b47cc85a38cb25c2bbafabf7caad706 StaticDependenciesID=c6791cd97d55ee9d8da04c05facdbd21 
Number of updated asset objects reloaded before import = 0
Number of asset objects unloaded after import = 0
========================================================================
Received Import Request.
  Time of request: 2026-06-22T05:06:17.2958314Z
  Time since last request: 0.0004339 seconds.
  importAddress: GUID: 6180c9bbe40b44d45980f2b1a0325e58 - Path: Packages/com.unity.visualscripting/Runtime/VisualScripting.Flow/Dependencies/NCalc/EvaluateParameterHandler.cs - Importer: ScriptedImporter/UnityEditor.QuickSearchModule:UnityEditor.Search:ASIAI0B
Importing 'GUID: 6180c9bbe40b44d45980f2b1a0325e58 - Path: Packages/com.unity.visualscripting/Runtime/VisualScripting.Flow/Dependencies/NCalc/EvaluateParameterHandler.cs - Importer: ScriptedImporter/UnityEditor.QuickSearchModule:UnityEditor.Search:ASIAI0B' with importer (ScriptedImporter : UnityEditor.QuickSearchModule:UnityEditor.Search:ASIAI0B)
Imported 'GUID: 6180c9bbe40b44d45980f2b1a0325e58' -> (Import Result ID: '993fbb7042f84da698fca52313666931') in 0.004 seconds [static and dynamic dependencies]. Details - ImportResultOutputID=cd92c24dad2d6f221897d995fb241c1c DependenciesID=98783768ef92a2db2db2999e076b71d0 StaticDependenciesID=6f56fbb501aada040d4c776c079348a6 
Number of updated asset objects reloaded before import = 0
Number of asset objects unloaded after import = 0
========================================================================
Received Import Request.
  Time of request: 2026-06-22T05:06:17.3009825Z
  Time since last request: 0.0004218 seconds.
  importAddress: GUID: 2d630dc61d2194bf28114c04393228bb - Path: Packages/com.unity.visualscripting/Runtime/VisualScripting.Flow/Dependencies/NCalc/LogicalExpression.cs - Importer: ScriptedImporter/UnityEditor.QuickSearchModule:UnityEditor.Search:ASIAI0B
Importing 'GUID: 2d630dc61d2194bf28114c04393228bb - Path: Packages/com.unity.visualscripting/Runtime/VisualScripting.Flow/Dependencies/NCalc/LogicalExpression.cs - Importer: ScriptedImporter/UnityEditor.QuickSearchModule:UnityEditor.Search:ASIAI0B' with importer (ScriptedImporter : UnityEditor.QuickSearchModule:UnityEditor.Search:ASIAI0B)
Imported 'GUID: 2d630dc61d2194bf28114c04393228bb' -> (Import Result ID: '32a250dbc198409a913a02dff34a5f3d') in 0.004 seconds [static and dynamic dependencies]. Details - ImportResultOutputID=b868c070b80c63245106fa07a039b182 DependenciesID=07c88bf80f4350df4cc29119d5bfba3a StaticDependenciesID=162049262be5d4225ab1c7fc4e61b216 
Number of updated asset objects reloaded before import = 0
Number of asset objects unloaded after import = 0
========================================================================
Received Import Request.
  Time of request: 2026-06-22T05:06:17.3059401Z
  Time since last request: 0.0004357 seconds.
  importAddress: GUID: bf595eee981c54462b9b709712dd098f - Path: Packages/com.unity.visualscripting/Runtime/VisualScripting.Flow/Framework/Control/ToggleValue.cs - Importer: ScriptedImporter/UnityEditor.QuickSearchModule:UnityEditor.Search:ASIAI0B
Importing 'GUID: bf595eee981c54462b9b709712dd098f - Path: Packages/com.unity.visualscripting/Runtime/VisualScripting.Flow/Framework/Control/ToggleValue.cs - Importer: ScriptedImporter/UnityEditor.QuickSearchModule:UnityEditor.Search:ASIAI0B' with importer (ScriptedImporter : UnityEditor.QuickSearchModule:UnityEditor.Search:ASIAI0B)
Imported 'GUID: bf595eee981c54462b9b709712dd098f' -> (Import Result ID: '402e3391e00636eb0f1b6add220f89dd') in 0.004 seconds [static and dynamic dependencies]. Details - ImportResultOutputID=b6e5b9fcf2c06c920c52578c4cec76f4 DependenciesID=41bbd372f52cfa5b5ca5ed774acd879c StaticDependenciesID=e2e9c686e4bea89b6ef1326c57111268 
Number of updated asset objects reloaded before import = 0
Number of asset objects unloaded after import = 0
========================================================================
Received Import Request.
  Time of request: 2026-06-22T05:06:17.3146649Z
  Time since last request: 0.004773 seconds.
  importAddress: GUID: f1c68f228caee4112980151ba33d3aea - Path: Packages/com.unity.visualscripting/Runtime/VisualScripting.Flow/Framework/Logic/Or.cs - Importer: ScriptedImporter/UnityEditor.QuickSearchModule:UnityEditor.Search:ASIAI0B
Importing 'GUID: f1c68f228caee4112980151ba33d3aea - Path: Packages/com.unity.visualscripting/Runtime/VisualScripting.Flow/Framework/Logic/Or.cs - Importer: ScriptedImporter/UnityEditor.QuickSearchModule:UnityEditor.Search:ASIAI0B' with importer (ScriptedImporter : UnityEditor.QuickSearchModule:UnityEditor.Search:ASIAI0B)
Imported 'GUID: f1c68f228caee4112980151ba33d3aea' -> (Import Result ID: '20cbefe9c381292ca716443c8390baee') in 0.004 seconds [static and dynamic dependencies]. Details - ImportResultOutputID=6aa70307ae12e150eb6ba29ec0e8a9e9 DependenciesID=4a5cd13bdf90406988d7fd2654dc8919 StaticDependenciesID=d328a04239c4a32d4ba5460f26f888fd 
Number of updated asset objects reloaded before import = 0
Number of asset objects unloaded after import = 0
========================================================================
Received Import Request.
  Time of request: 2026-06-22T05:06:17.3195016Z
  Time since last request: 0.000698 seconds.
  importAddress: GUID: 1ad0f7bc8a1f5415dbd2bf02efc850bf - Path: Packages/com.unity.visualscripting/Runtime/VisualScripting.Flow/Framework/Graph/ScriptGraphContainerType.cs - Importer: ScriptedImporter/UnityEditor.QuickSearchModule:UnityEditor.Search:ASIAI0B
Importing 'GUID: 1ad0f7bc8a1f5415dbd2bf02efc850bf - Path: Packages/com.unity.visualscripting/Runtime/VisualScripting.Flow/Framework/Graph/ScriptGraphContainerType.cs - Importer: ScriptedImporter/UnityEditor.QuickSearchModule:UnityEditor.Search:ASIAI0B' with importer (ScriptedImporter : UnityEditor.QuickSearchModule:UnityEditor.Search:ASIAI0B)
Imported 'GUID: 1ad0f7bc8a1f5415dbd2bf02efc850bf' -> (Import Result ID: 'c7d6c8078d0173d895d32a4cc7ddbff8') in 0.005 seconds [static and dynamic dependencies]. Details - ImportResultOutputID=6b3ce292954944eaf935e310f89e9a42 DependenciesID=d8506ed4a679b25cf5ca3d1013c368ee StaticDependenciesID=1f224162d7e94be4d72296929896e595 
Number of updated asset objects reloaded before import = 0
Number of asset objects unloaded after import = 0
========================================================================
Received Import Request.
  Time of request: 2026-06-22T05:06:17.3252504Z
  Time since last request: 0.000649 seconds.
  importAddress: GUID: 596f580b21e640b9bf2f5d49c8c6a689 - Path: Packages/com.unity.visualscripting/Runtime/VisualScripting.Flow/Framework/Graph/SetScriptGraph.cs - Importer: ScriptedImporter/UnityEditor.QuickSearchModule:UnityEditor.Search:ASIAI0B
Importing 'GUID: 596f580b21e640b9bf2f5d49c8c6a689 - Path: Packages/com.unity.visualscripting/Runtime/VisualScripting.Flow/Framework/Graph/SetScriptGraph.cs - Importer: ScriptedImporter/UnityEditor.QuickSearchModule:UnityEditor.Search:ASIAI0B' with importer (ScriptedImporter : UnityEditor.QuickSearchModule:UnityEditor.Search:ASIAI0B)
Imported 'GUID: 596f580b21e640b9bf2f5d49c8c6a689' -> (Import Result ID: '20cc7bd786f47326e16a49b0684791d4') in 0.005 seconds [static and dynamic dependencies]. Details - ImportResultOutputID=4ad82d3ff59e77ba597dc1d5247e7dfa DependenciesID=83ee747037d0671adc463769a2c89c76 StaticDependenciesID=51059b4c5808ff6882ecba6ea35c2d6f 
Number of updated asset objects reloaded before import = 0
Number of asset objects unloaded after import = 0
========================================================================
Received Import Request.
  Time of request: 2026-06-22T05:06:17.3314454Z
  Time since last request: 0.0010463 seconds.
  importAddress: GUID: e6845fb1b3e234ec3a032ba6e14b7e85 - Path: Packages/com.unity.visualscripting/Runtime/VisualScripting.Flow/Framework/Logic/ApproximatelyEqual.cs - Importer: ScriptedImporter/UnityEditor.QuickSearchModule:UnityEditor.Search:ASIAI0B
Importing 'GUID: e6845fb1b3e234ec3a032ba6e14b7e85 - Path: Packages/com.unity.visualscripting/Runtime/VisualScripting.Flow/Framework/Logic/ApproximatelyEqual.cs - Importer: ScriptedImporter/UnityEditor.QuickSearchModule:UnityEditor.Search:ASIAI0B' with importer (ScriptedImporter : UnityEditor.QuickSearchModule:UnityEditor.Search:ASIAI0B)
Imported 'GUID: e6845fb1b3e234ec3a032ba6e14b7e85' -> (Import Result ID: '25139bb1547664d936f9df68843ea62b') in 0.005 seconds [static and dynamic dependencies]. Details - ImportResultOutputID=b286e509a532c5159e0547ee459d4354 DependenciesID=6b3553bd818e4036b0a06858d011b105 StaticDependenciesID=fa3724a46cbf276e7d3eaf64ce321e4c 
Number of updated asset objects reloaded before import = 0
Number of asset objects unloaded after import = 0
========================================================================
Received Import Request.
  Time of request: 2026-06-22T05:06:17.3374202Z
  Time since last request: 0.0007103 seconds.
  importAddress: GUID: 682aa02f705de452d8a79077d532a627 - Path: Packages/com.unity.visualscripting/Runtime/VisualScripting.Flow/Framework/Graph/GetGraph.cs - Importer: ScriptedImporter/UnityEditor.QuickSearchModule:UnityEditor.Search:ASIAI0B
Importing 'GUID: 682aa02f705de452d8a79077d532a627 - Path: Packages/com.unity.visualscripting/Runtime/VisualScripting.Flow/Framework/Graph/GetGraph.cs - Importer: ScriptedImporter/UnityEditor.QuickSearchModule:UnityEditor.Search:ASIAI0B' with importer (ScriptedImporter : UnityEditor.QuickSearchModule:UnityEditor.Search:ASIAI0B)
Imported 'GUID: 682aa02f705de452d8a79077d532a627' -> (Import Result ID: 'b78f9741c7c798125e66b65ab2cf36d3') in 0.006 seconds [static and dynamic dependencies]. Details - ImportResultOutputID=3ea13a60168f5b1aaef7dbdb85055014 DependenciesID=17ab83bce2b053076af84bc47662a251 StaticDependenciesID=3b205c3cd950097cbe58d3d7763a8dbb 
Number of updated asset objects reloaded before import = 0
Number of asset objects unloaded after import = 0
========================================================================
Received Import Request.
  Time of request: 2026-06-22T05:06:17.3444718Z
  Time since last request: 0.0008324 seconds.
  importAddress: GUID: adf08c6aecb5140899b13be190b2ace6 - Path: Packages/com.unity.visualscripting/Runtime/VisualScripting.Flow/Framework/Logic/EqualityComparison.cs - Importer: ScriptedImporter/UnityEditor.QuickSearchModule:UnityEditor.Search:ASIAI0B
Importing 'GUID: adf08c6aecb5140899b13be190b2ace6 - Path: Packages/com.unity.visualscripting/Runtime/VisualScripting.Flow/Framework/Logic/EqualityComparison.cs - Importer: ScriptedImporter/UnityEditor.QuickSearchModule:UnityEditor.Search:ASIAI0B' with importer (ScriptedImporter : UnityEditor.QuickSearchModule:UnityEditor.Search:ASIAI0B)
Imported 'GUID: adf08c6aecb5140899b13be190b2ace6' -> (Import Result ID: '56003891912bf791bde34ffa98f827ac') in 0.004 seconds [static and dynamic dependencies]. Details - ImportResultOutputID=29423c9502f93f68eec0b32f3113be84 DependenciesID=226ff9b9b6155f217c86f0c998c2c82d StaticDependenciesID=afb0c09db7dc2e9ab9e96c574434a769 
Number of updated asset objects reloaded before import = 0
Number of asset objects unloaded after import = 0
========================================================================
Received Import Request.
  Time of request: 2026-06-22T05:06:17.3490614Z
  Time since last request: 0.000321 seconds.
  importAddress: GUID: 94caeea3697674618a0f62b74280e958 - Path: Packages/com.unity.visualscripting/Runtime/VisualScripting.Flow/Framework/Math/Sum.cs - Importer: ScriptedImporter/UnityEditor.QuickSearchModule:UnityEditor.Search:ASIAI0B
Importing 'GUID: 94caeea3697674618a0f62b74280e958 - Path: Packages/com.unity.visualscripting/Runtime/VisualScripting.Flow/Framework/Math/Sum.cs - Importer: ScriptedImporter/UnityEditor.QuickSearchModule:UnityEditor.Search:ASIAI0B' with importer (ScriptedImporter : UnityEditor.QuickSearchModule:UnityEditor.Search:ASIAI0B)
Imported 'GUID: 94caeea3697674618a0f62b74280e958' -> (Import Result ID: '852b139c4e32e6427bb30393b835b5af') in 0.004 seconds [static and dynamic dependencies]. Details - ImportResultOutputID=bf95a1b8fb55748ad42360c3cebef808 DependenciesID=94e4249bad928ff41604e777df829edf StaticDependenciesID=923c6c48d4fc842f0460a58502d073da 
Number of updated asset objects reloaded before import = 0
Number of asset objects unloaded after import = 0
========================================================================
Received Import Request.
  Time of request: 2026-06-22T05:06:17.3533331Z
  Time since last request: 0.0003747 seconds.
  importAddress: GUID: 2a3ffd951e0554203aff7d10d1a9b2f7 - Path: Packages/com.unity.visualscripting/Runtime/VisualScripting.Flow/Framework/Graph/HasGraph.cs - Importer: ScriptedImporter/UnityEditor.QuickSearchModule:UnityEditor.Search:ASIAI0B
Importing 'GUID: 2a3ffd951e0554203aff7d10d1a9b2f7 - Path: Packages/com.unity.visualscripting/Runtime/VisualScripting.Flow/Framework/Graph/HasGraph.cs - Importer: ScriptedImporter/UnityEditor.QuickSearchModule:UnityEditor.Search:ASIAI0B' with importer (ScriptedImporter : UnityEditor.QuickSearchModule:UnityEditor.Search:ASIAI0B)
Imported 'GUID: 2a3ffd951e0554203aff7d10d1a9b2f7' -> (Import Result ID: '331c10271bd06e4a5e1d6b1122c413fd') in 0.004 seconds [static and dynamic dependencies]. Details - ImportResultOutputID=67c707ccb485702e2166e08e028206d6 DependenciesID=bb7ecd71e6276cb4073d54bb832d3727 StaticDependenciesID=42a3495bfd3038ceafb746e0db250d4c 
Number of updated asset objects reloaded before import = 0
Number of asset objects unloaded after import = 0
========================================================================
Received Import Request.
  Time of request: 2026-06-22T05:06:17.3580617Z
  Time since last request: 0.0003163 seconds.
  importAddress: GUID: dbb8929676d4f4af093f06971d7cc051 - Path: Packages/com.unity.visualscripting/Runtime/VisualScripting.Flow/Framework/Math/CrossProduct.cs - Importer: ScriptedImporter/UnityEditor.QuickSearchModule:UnityEditor.Search:ASIAI0B
Importing 'GUID: dbb8929676d4f4af093f06971d7cc051 - Path: Packages/com.unity.visualscripting/Runtime/VisualScripting.Flow/Framework/Math/CrossProduct.cs - Importer: ScriptedImporter/UnityEditor.QuickSearchModule:UnityEditor.Search:ASIAI0B' with importer (ScriptedImporter : UnityEditor.QuickSearchModule:UnityEditor.Search:ASIAI0B)
Imported 'GUID: dbb8929676d4f4af093f06971d7cc051' -> (Import Result ID: 'a68861810c1acdc033f2e6bfdd9cb846') in 0.004 seconds [static and dynamic dependencies]. Details - ImportResultOutputID=b3d49126669df1bd11cfc42e0b642dfe DependenciesID=f3c061cff672bcb4ccdd1b10e48f03f7 StaticDependenciesID=2ea9345c36803fe32fb2ba389d0f0b49 
Number of updated asset objects reloaded before import = 0
Number of asset objects unloaded after import = 0
========================================================================
Received Import Request.
  Time of request: 2026-06-22T05:06:17.3629666Z
  Time since last request: 0.000417 seconds.
  importAddress: GUID: 962d2c1de100b4bee951cc5d53693b9f - Path: Packages/com.unity.visualscripting/Runtime/VisualScripting.Flow/Framework/Time/Cooldown.cs - Importer: ScriptedImporter/UnityEditor.QuickSearchModule:UnityEditor.Search:ASIAI0B
Importing 'GUID: 962d2c1de100b4bee951cc5d53693b9f - Path: Packages/com.unity.visualscripting/Runtime/VisualScripting.Flow/Framework/Time/Cooldown.cs - Importer: ScriptedImporter/UnityEditor.QuickSearchModule:UnityEditor.Search:ASIAI0B' with importer (ScriptedImporter : UnityEditor.QuickSearchModule:UnityEditor.Search:ASIAI0B)
Imported 'GUID: 962d2c1de100b4bee951cc5d53693b9f' -> (Import Result ID: '8be829298e5d2e0aab103e19fb945c6b') in 0.004 seconds [static and dynamic dependencies]. Details - ImportResultOutputID=b1e6b5db261cc851a73290893efaa82f DependenciesID=6ee6e3a0747a6b8183f3fcc2a78f85a6 StaticDependenciesID=d6a5567076a6ecabfa2e903bee3aeb47 
Number of updated asset objects reloaded before import = 0
Number of asset objects unloaded after import = 0
========================================================================
Received Import Request.
  Time of request: 2026-06-22T05:06:17.3678873Z
  Time since last request: 0.0003347 seconds.
  importAddress: GUID: 9e6cb5afb83024163b511b0ecdb549b2 - Path: Packages/com.unity.visualscripting/Runtime/VisualScripting.Flow/Framework/Events/GameObjectEventUnit.cs - Importer: ScriptedImporter/UnityEditor.QuickSearchModule:UnityEditor.Search:ASIAI0B
Importing 'GUID: 9e6cb5afb83024163b511b0ecdb549b2 - Path: Packages/com.unity.visualscripting/Runtime/VisualScripting.Flow/Framework/Events/GameObjectEventUnit.cs - Importer: ScriptedImporter/UnityEditor.QuickSearchModule:UnityEditor.Search:ASIAI0B' with importer (ScriptedImporter : UnityEditor.QuickSearchModule:UnityEditor.Search:ASIAI0B)
Imported 'GUID: 9e6cb5afb83024163b511b0ecdb549b2' -> (Import Result ID: 'a6daf7eeb3d16cb0768d2bcf2fcbf5d0') in 0.005 seconds [static and dynamic dependencies]. Details - ImportResultOutputID=21380082e66424e77c45f9ecfb6f87a3 DependenciesID=ef4ef6a0cc653cd3556ad6beb6369c2d StaticDependenciesID=a0b9704b5029de592f7f0f4c2110fda6 
Number of updated asset objects reloaded before import = 0
Number of asset objects unloaded after import = 0
========================================================================
Received Import Request.
  Time of request: 2026-06-22T05:06:17.3730092Z
  Time since last request: 0.0003844 seconds.
  importAddress: GUID: 20232477594504d2ebc0ad8288de4d5d - Path: Packages/com.unity.visualscripting/Runtime/VisualScripting.Flow/Framework/Math/Modulo.cs - Importer: ScriptedImporter/UnityEditor.QuickSearchModule:UnityEditor.Search:ASIAI0B
Importing 'GUID: 20232477594504d2ebc0ad8288de4d5d - Path: Packages/com.unity.visualscripting/Runtime/VisualScripting.Flow/Framework/Math/Modulo.cs - Importer: ScriptedImporter/UnityEditor.QuickSearchModule:UnityEditor.Search:ASIAI0B' with importer (ScriptedImporter : UnityEditor.QuickSearchModule:UnityEditor.Search:ASIAI0B)
Imported 'GUID: 20232477594504d2ebc0ad8288de4d5d' -> (Import Result ID: '01b1bf897dbc4a79ca3ec0ee8ecc0fa9') in 0.004 seconds [static and dynamic dependencies]. Details - ImportResultOutputID=64d193086a7462f4de027b22fbc90a57 DependenciesID=596727790ed3b54520ca41cb82cccaf2 StaticDependenciesID=4821b0b487f7a93f2cda963ecfbf8ec5 
Number of updated asset objects reloaded before import = 0
Number of asset objects unloaded after import = 0
========================================================================
Received Import Request.
  Time of request: 2026-06-22T05:06:17.3781416Z
  Time since last request: 0.0004383 seconds.
  importAddress: GUID: 0617241f63fdf4b819789715e39c4a90 - Path: Packages/com.unity.visualscripting/Runtime/VisualScripting.Flow/Framework/Graph/GetScriptGraph.cs - Importer: ScriptedImporter/UnityEditor.QuickSearchModule:UnityEditor.Search:ASIAI0B
Importing 'GUID: 0617241f63fdf4b819789715e39c4a90 - Path: Packages/com.unity.visualscripting/Runtime/VisualScripting.Flow/Framework/Graph/GetScriptGraph.cs - Importer: ScriptedImporter/UnityEditor.QuickSearchModule:UnityEditor.Search:ASIAI0B' with importer (ScriptedImporter : UnityEditor.QuickSearchModule:UnityEditor.Search:ASIAI0B)
Imported 'GUID: 0617241f63fdf4b819789715e39c4a90' -> (Import Result ID: 'f6bf0ac640353d0b4d545ce32a8c5d35') in 0.003 seconds [static and dynamic dependencies]. Details - ImportResultOutputID=19ce937bba897965f8364de9d68e6d74 DependenciesID=5226d758aea5693b070cb145f4a7fb7e StaticDependenciesID=530260d6e14d3612bfe5aaa5d2373d0c 
Number of updated asset objects reloaded before import = 0
Number of asset objects unloaded after import = 0
========================================================================
Received Import Request.
  Time of request: 2026-06-22T05:06:17.3987116Z
  Time since last request: 0.0169729 seconds.
  importAddress: GUID: a9a4efecbd0fe49e8a2f78d04225e5a1 - Path: Packages/com.unity.visualscripting/Editor/VisualScripting.Core/Plugin/Changelogs/LegacyLudiqGraphs/Changelog_1_2_4.cs - Importer: ScriptedImporter/UnityEditor.QuickSearchModule:UnityEditor.Search:ASIAI0B
Importing 'GUID: a9a4efecbd0fe49e8a2f78d04225e5a1 - Path: Packages/com.unity.visualscripting/Editor/VisualScripting.Core/Plugin/Changelogs/LegacyLudiqGraphs/Changelog_1_2_4.cs - Importer: ScriptedImporter/UnityEditor.QuickSearchModule:UnityEditor.Search:ASIAI0B' with importer (ScriptedImporter : UnityEditor.QuickSearchModule:UnityEditor.Search:ASIAI0B)
Imported 'GUID: a9a4efecbd0fe49e8a2f78d04225e5a1' -> (Import Result ID: 'a991e3f9168ae89cec9532abee9e88e2') in 0.004 seconds [static and dynamic dependencies]. Details - ImportResultOutputID=fc7dc4ac5b419a96483b6d20c4fa66dc DependenciesID=4b915f329b6293f4c5481365d196f917 StaticDependenciesID=25740b2f82705386dd6202db553d72cb 
Number of updated asset objects reloaded before import = 0
Number of asset objects unloaded after import = 0
========================================================================
Received Import Request.
  Time of request: 2026-06-22T05:06:17.4040473Z
  Time since last request: 0.0007539 seconds.
  importAddress: GUID: 2a4b178a058dd48f28bedb6d3da3dfab - Path: Packages/com.unity.visualscripting/Editor/VisualScripting.Core/Plugin/Changelogs/LegacyLudiqCore/Changelog_1_4_4.cs - Importer: ScriptedImporter/UnityEditor.QuickSearchModule:UnityEditor.Search:ASIAI0B
Importing 'GUID: 2a4b178a058dd48f28bedb6d3da3dfab - Path: Packages/com.unity.visualscripting/Editor/VisualScripting.Core/Plugin/Changelogs/LegacyLudiqCore/Changelog_1_4_4.cs - Importer: ScriptedImporter/UnityEditor.QuickSearchModule:UnityEditor.Search:ASIAI0B' with importer (ScriptedImporter : UnityEditor.QuickSearchModule:UnityEditor.Search:ASIAI0B)
Imported 'GUID: 2a4b178a058dd48f28bedb6d3da3dfab' -> (Import Result ID: '0aa7a5b2798b19488539619059b6ccca') in 0.003 seconds [static and dynamic dependencies]. Details - ImportResultOutputID=8a4df783798e5c6a3367272ce7b4842d DependenciesID=b3bd80880d97b68a4b9799cd35061735 StaticDependenciesID=004bb1798622479dc53ede79af12fa11 
Number of updated asset objects reloaded before import = 0
Number of asset objects unloaded after import = 0
========================================================================
Received Import Request.
  Time of request: 2026-06-22T05:06:17.4080408Z
  Time since last request: 0.0003636 seconds.
  importAddress: GUID: 084e29f4478104596b396170098a1a88 - Path: Packages/com.unity.visualscripting/Editor/VisualScripting.Core/Plugin/Changelogs/LegacyLudiqCore/Changelog_1_4_6.cs - Importer: ScriptedImporter/UnityEditor.QuickSearchModule:UnityEditor.Search:ASIAI0B
Importing 'GUID: 084e29f4478104596b396170098a1a88 - Path: Packages/com.unity.visualscripting/Editor/VisualScripting.Core/Plugin/Changelogs/LegacyLudiqCore/Changelog_1_4_6.cs - Importer: ScriptedImporter/UnityEditor.QuickSearchModule:UnityEditor.Search:ASIAI0B' with importer (ScriptedImporter : UnityEditor.QuickSearchModule:UnityEditor.Search:ASIAI0B)
Imported 'GUID: 084e29f4478104596b396170098a1a88' -> (Import Result ID: '7867a51033594d6ea5a3e5414b191b56') in 0.004 seconds [static and dynamic dependencies]. Details - ImportResultOutputID=4c5ff5d40eb3ee66a0d9a4068c4ea577 DependenciesID=ca110a4095468017269772f4ef0385b1 StaticDependenciesID=b483fb13facefb48164cffa5c56346af 
Number of updated asset objects reloaded before import = 0
Number of asset objects unloaded after import = 0
========================================================================
Received Import Request.
  Time of request: 2026-06-22T05:06:17.4127716Z
  Time since last request: 0.0004436 seconds.
  importAddress: GUID: 56c33d70d80ff4f6ba80cf6030a4eb9a - Path: Packages/com.unity.visualscripting/Editor/VisualScripting.Core/Plugin/Changelogs/LegacyLudiqCore/Changelog_1_4_1.cs - Importer: ScriptedImporter/UnityEditor.QuickSearchModule:UnityEditor.Search:ASIAI0B
Importing 'GUID: 56c33d70d80ff4f6ba80cf6030a4eb9a - Path: Packages/com.unity.visualscripting/Editor/VisualScripting.Core/Plugin/Changelogs/LegacyLudiqCore/Changelog_1_4_1.cs - Importer: ScriptedImporter/UnityEditor.QuickSearchModule:UnityEditor.Search:ASIAI0B' with importer (ScriptedImporter : UnityEditor.QuickSearchModule:UnityEditor.Search:ASIAI0B)
Imported 'GUID: 56c33d70d80ff4f6ba80cf6030a4eb9a' -> (Import Result ID: 'ae65b82ee2c82e9e29a892f6b865a81a') in 0.004 seconds [static and dynamic dependencies]. Details - ImportResultOutputID=4030fb9c7dce77262a6a4eb7fcc4018f DependenciesID=1abc85653aec2901cc2550905c639cde StaticDependenciesID=ad973115ab34c712590c277f21233ceb 
Number of updated asset objects reloaded before import = 0
Number of asset objects unloaded after import = 0
========================================================================
Received Import Request.
  Time of request: 2026-06-22T05:06:17.4177812Z
  Time since last request: 0.0004918 seconds.
  importAddress: GUID: 8d35773964af148639b8eadf97586c79 - Path: Packages/com.unity.visualscripting/Editor/VisualScripting.Core/Plugin/Changelogs/LegacyLudiqCore/Changelog_1_0_5.cs - Importer: ScriptedImporter/UnityEditor.QuickSearchModule:UnityEditor.Search:ASIAI0B
Importing 'GUID: 8d35773964af148639b8eadf97586c79 - Path: Packages/com.unity.visualscripting/Editor/VisualScripting.Core/Plugin/Changelogs/LegacyLudiqCore/Changelog_1_0_5.cs - Importer: ScriptedImporter/UnityEditor.QuickSearchModule:UnityEditor.Search:ASIAI0B' with importer (ScriptedImporter : UnityEditor.QuickSearchModule:UnityEditor.Search:ASIAI0B)
Imported 'GUID: 8d35773964af148639b8eadf97586c79' -> (Import Result ID: '83a2dcaf573fb5c3f7467d4faed1244c') in 0.004 seconds [static and dynamic dependencies]. Details - ImportResultOutputID=e98f554dc42ec88f3514bdb23d19ae82 DependenciesID=28c61ae10b42a8cfcfcbfbd179f5fd3f StaticDependenciesID=ad17611479c356f3c634286addddac0a 
Number of updated asset objects reloaded before import = 0
Number of asset objects unloaded after import = 0
========================================================================
Received Import Request.
  Time of request: 2026-06-22T05:06:17.4227959Z
  Time since last request: 0.0003748 seconds.
  importAddress: GUID: 5def96c62e5d440ac8a21883d37d6d59 - Path: Packages/com.unity.visualscripting/Editor/VisualScripting.Core/Plugin/Changelogs/LegacyLudiqCore/Changelog_1_0_1.cs - Importer: ScriptedImporter/UnityEditor.QuickSearchModule:UnityEditor.Search:ASIAI0B
Importing 'GUID: 5def96c62e5d440ac8a21883d37d6d59 - Path: Packages/com.unity.visualscripting/Editor/VisualScripting.Core/Plugin/Changelogs/LegacyLudiqCore/Changelog_1_0_1.cs - Importer: ScriptedImporter/UnityEditor.QuickSearchModule:UnityEditor.Search:ASIAI0B' with importer (ScriptedImporter : UnityEditor.QuickSearchModule:UnityEditor.Search:ASIAI0B)
Imported 'GUID: 5def96c62e5d440ac8a21883d37d6d59' -> (Import Result ID: 'dc3e162aa3d4f1f3c78ca223b85f075b') in 0.004 seconds [static and dynamic dependencies]. Details - ImportResultOutputID=5e6595ea9e8d09677a153c2cee839701 DependenciesID=c7998d059b0b01374f9c0571e862db48 StaticDependenciesID=9ef1fa3218b58e04c24e2d4c15231060 
Number of updated asset objects reloaded before import = 0
Number of asset objects unloaded after import = 0
========================================================================
Received Import Request.
  Time of request: 2026-06-22T05:06:17.4274316Z
  Time since last request: 0.0003254 seconds.
  importAddress: GUID: fbd7b60c4f4a7497584ee8214f088e6e - Path: Packages/com.unity.visualscripting/Runtime/VisualScripting.State/Framework/Graph/HasStateGraph.cs - Importer: ScriptedImporter/UnityEditor.QuickSearchModule:UnityEditor.Search:ASIAI0B
Importing 'GUID: fbd7b60c4f4a7497584ee8214f088e6e - Path: Packages/com.unity.visualscripting/Runtime/VisualScripting.State/Framework/Graph/HasStateGraph.cs - Importer: ScriptedImporter/UnityEditor.QuickSearchModule:UnityEditor.Search:ASIAI0B' with importer (ScriptedImporter : UnityEditor.QuickSearchModule:UnityEditor.Search:ASIAI0B)
Imported 'GUID: fbd7b60c4f4a7497584ee8214f088e6e' -> (Import Result ID: '808b8f3b7536501234df12e32ef82218') in 0.004 seconds [static and dynamic dependencies]. Details - ImportResultOutputID=4c83eee725c35125834f1e0647154402 DependenciesID=d71092fd88f91b1b0eb2f7261bb656cc StaticDependenciesID=217f164ec7d3948808e8e800f0ef6104 
Number of updated asset objects reloaded before import = 0
Number of asset objects unloaded after import = 0
========================================================================
Received Import Request.
  Time of request: 2026-06-22T05:06:17.4318378Z
  Time since last request: 0.0004324 seconds.
  importAddress: GUID: 70176689297954e0e894c4e82a8c63df - Path: Packages/com.unity.visualscripting/Editor/VisualScripting.Core/Plugin/Changelogs/LegacyLudiqCore/Changelog_1_4_8.cs - Importer: ScriptedImporter/UnityEditor.QuickSearchModule:UnityEditor.Search:ASIAI0B
Importing 'GUID: 70176689297954e0e894c4e82a8c63df - Path: Packages/com.unity.visualscripting/Editor/VisualScripting.Core/Plugin/Changelogs/LegacyLudiqCore/Changelog_1_4_8.cs - Importer: ScriptedImporter/UnityEditor.QuickSearchModule:UnityEditor.Search:ASIAI0B' with importer (ScriptedImporter : UnityEditor.QuickSearchModule:UnityEditor.Search:ASIAI0B)
Imported 'GUID: 70176689297954e0e894c4e82a8c63df' -> (Import Result ID: '3540227bc215f243e3865f19e3b07647') in 0.005 seconds [static and dynamic dependencies]. Details - ImportResultOutputID=05122d9b81e8fdeef876270ec88b9b86 DependenciesID=35a14e51a8e10c7e0ce550bdddd0e6a7 StaticDependenciesID=bfca9dcae69a0c60324894947964ec1a 
Number of updated asset objects reloaded before import = 0
Number of asset objects unloaded after import = 0
========================================================================
Received Import Request.
  Time of request: 2026-06-22T05:06:17.4372894Z
  Time since last request: 0.0004654 seconds.
  importAddress: GUID: 4f286685b29a74329997ff4ab7a99ad8 - Path: Packages/com.unity.visualscripting/Editor/VisualScripting.Core/Plugin/Changelogs/LegacyLudiqCore/Changelog_1_0_2.cs - Importer: ScriptedImporter/UnityEditor.QuickSearchModule:UnityEditor.Search:ASIAI0B
Importing 'GUID: 4f286685b29a74329997ff4ab7a99ad8 - Path: Packages/com.unity.visualscripting/Editor/VisualScripting.Core/Plugin/Changelogs/LegacyLudiqCore/Changelog_1_0_2.cs - Importer: ScriptedImporter/UnityEditor.QuickSearchModule:UnityEditor.Search:ASIAI0B' with importer (ScriptedImporter : UnityEditor.QuickSearchModule:UnityEditor.Search:ASIAI0B)
Imported 'GUID: 4f286685b29a74329997ff4ab7a99ad8' -> (Import Result ID: 'ef24d1caa4f3cf6b8785eb0c6fe0a054') in 0.005 seconds [static and dynamic dependencies]. Details - ImportResultOutputID=3657116b0f41dd5a0c3f4d9d3240b76b DependenciesID=c013e9f6f26b531ca533d581ef7868dd StaticDependenciesID=26a1f63e5b0a3c023aa3c729c2a50486 
Number of updated asset objects reloaded before import = 0
Number of asset objects unloaded after import = 0
========================================================================
Received Import Request.
  Time of request: 2026-06-22T05:06:17.4428981Z
  Time since last request: 0.0004521 seconds.
  importAddress: GUID: ffe3e28b9bbc14b6eb051ab3c89d4882 - Path: Packages/com.unity.visualscripting/Runtime/VisualScripting.Flow/Framework/Variables/IsVariableDefined.cs - Importer: ScriptedImporter/UnityEditor.QuickSearchModule:UnityEditor.Search:ASIAI0B
Importing 'GUID: ffe3e28b9bbc14b6eb051ab3c89d4882 - Path: Packages/com.unity.visualscripting/Runtime/VisualScripting.Flow/Framework/Variables/IsVariableDefined.cs - Importer: ScriptedImporter/UnityEditor.QuickSearchModule:UnityEditor.Search:ASIAI0B' with importer (ScriptedImporter : UnityEditor.QuickSearchModule:UnityEditor.Search:ASIAI0B)
Imported 'GUID: ffe3e28b9bbc14b6eb051ab3c89d4882' -> (Import Result ID: 'f2bfb2d09e012b5f90a319aadc284a16') in 0.005 seconds [static and dynamic dependencies]. Details - ImportResultOutputID=3fffbeea82c1ef11402a1202e7daf91f DependenciesID=d930338a3a01e637911a93f465fab4ec StaticDependenciesID=0c9eb4dfbfe4235a32436aa0f69f134a 
Number of updated asset objects reloaded before import = 0
Number of asset objects unloaded after import = 0
========================================================================
Received Import Request.
  Time of request: 2026-06-22T05:06:17.4492244Z
  Time since last request: 0.0007891 seconds.
  importAddress: GUID: 88625867c6f324d3c8afee297a904beb - Path: Packages/com.unity.visualscripting/Editor/VisualScripting.Core/Dependencies/ReorderableList/ElementAdderMenu/GenericElementAdderMenuBuilder.cs - Importer: ScriptedImporter/UnityEditor.QuickSearchModule:UnityEditor.Search:ASIAI0B
Importing 'GUID: 88625867c6f324d3c8afee297a904beb - Path: Packages/com.unity.visualscripting/Editor/VisualScripting.Core/Dependencies/ReorderableList/ElementAdderMenu/GenericElementAdderMenuBuilder.cs - Importer: ScriptedImporter/UnityEditor.QuickSearchModule:UnityEditor.Search:ASIAI0B' with importer (ScriptedImporter : UnityEditor.QuickSearchModule:UnityEditor.Search:ASIAI0B)
Imported 'GUID: 88625867c6f324d3c8afee297a904beb' -> (Import Result ID: '2f5645c64417581a0e39e8c960004459') in 0.005 seconds [static and dynamic dependencies]. Details - ImportResultOutputID=87c276200edc2b9f92089d7e448f5800 DependenciesID=7b275f4311e87e2deeb73386c678a6e9 StaticDependenciesID=04cf3f2c3fc860305f597a4e065d0162 
Number of updated asset objects reloaded before import = 0
Number of asset objects unloaded after import = 0
========================================================================
Received Import Request.
  Time of request: 2026-06-22T05:06:17.4546631Z
  Time since last request: 0.0003719 seconds.
  importAddress: GUID: 4f0fcc32437ff48c09d21d42c3255fc7 - Path: Packages/com.unity.visualscripting/Editor/VisualScripting.Core/Plugin/Changelogs/LegacyLudiqCore/Changelog_1_3_0.cs - Importer: ScriptedImporter/UnityEditor.QuickSearchModule:UnityEditor.Search:ASIAI0B
Importing 'GUID: 4f0fcc32437ff48c09d21d42c3255fc7 - Path: Packages/com.unity.visualscripting/Editor/VisualScripting.Core/Plugin/Changelogs/LegacyLudiqCore/Changelog_1_3_0.cs - Importer: ScriptedImporter/UnityEditor.QuickSearchModule:UnityEditor.Search:ASIAI0B' with importer (ScriptedImporter : UnityEditor.QuickSearchModule:UnityEditor.Search:ASIAI0B)
Imported 'GUID: 4f0fcc32437ff48c09d21d42c3255fc7' -> (Import Result ID: '6d9fb017fa09e095da2a2c01fc85235f') in 0.004 seconds [static and dynamic dependencies]. Details - ImportResultOutputID=07b541c5143013a1a5c4396c0ef3db40 DependenciesID=7729383aaf391f012819c22fbc68b244 StaticDependenciesID=765863dff921bfe154b31bc53763abe6 
Number of updated asset objects reloaded before import = 0
Number of asset objects unloaded after import = 0
========================================================================
Received Import Request.
  Time of request: 2026-06-22T05:06:17.4595966Z
  Time since last request: 0.0007672 seconds.
  importAddress: GUID: 14ec0480d0098486eb6a724e18e7c114 - Path: Packages/com.unity.visualscripting/Editor/VisualScripting.Core/Plugin/Changelogs/LegacyLudiqCore/Changelog_1_4_0.cs - Importer: ScriptedImporter/UnityEditor.QuickSearchModule:UnityEditor.Search:ASIAI0B
Importing 'GUID: 14ec0480d0098486eb6a724e18e7c114 - Path: Packages/com.unity.visualscripting/Editor/VisualScripting.Core/Plugin/Changelogs/LegacyLudiqCore/Changelog_1_4_0.cs - Importer: ScriptedImporter/UnityEditor.QuickSearchModule:UnityEditor.Search:ASIAI0B' with importer (ScriptedImporter : UnityEditor.QuickSearchModule:UnityEditor.Search:ASIAI0B)
Imported 'GUID: 14ec0480d0098486eb6a724e18e7c114' -> (Import Result ID: '3f0a3ac0f1441f4a144dee906abcc174') in 0.007 seconds [static and dynamic dependencies]. Details - ImportResultOutputID=c45ac8279d4c9016f220d19270a356b1 DependenciesID=dd20dd7e161fed5470fb258a9f886526 StaticDependenciesID=54794c54ae12b0c09ecdf6e357ec0058 
Number of updated asset objects reloaded before import = 0
Number of asset objects unloaded after import = 0
========================================================================
Received Import Request.
  Time of request: 2026-06-22T05:06:17.4769931Z
  Time since last request: 0.0100896 seconds.
  importAddress: GUID: 726bd1b4a2da44073b58af642cb2cd67 - Path: Packages/com.unity.visualscripting/Runtime/VisualScripting.Core/Dependencies/FullSerializer/Reflection/fsMetaProperty.cs - Importer: ScriptedImporter/UnityEditor.QuickSearchModule:UnityEditor.Search:ASIAI0B
Importing 'GUID: 726bd1b4a2da44073b58af642cb2cd67 - Path: Packages/com.unity.visualscripting/Runtime/VisualScripting.Core/Dependencies/FullSerializer/Reflection/fsMetaProperty.cs - Importer: ScriptedImporter/UnityEditor.QuickSearchModule:UnityEditor.Search:ASIAI0B' with importer (ScriptedImporter : UnityEditor.QuickSearchModule:UnityEditor.Search:ASIAI0B)
Imported 'GUID: 726bd1b4a2da44073b58af642cb2cd67' -> (Import Result ID: '5494f6daf159417d52119c9bac73b7c9') in 0.004 seconds [static and dynamic dependencies]. Details - ImportResultOutputID=aa34e57cf427a53960faf1bf996b65b5 DependenciesID=04f80f8a1580b01f7268010a511b3536 StaticDependenciesID=be515b703c594d79d05c6041ddb5d628 
Number of updated asset objects reloaded before import = 0
Number of asset objects unloaded after import = 0
========================================================================
Received Import Request.
  Time of request: 2026-06-22T05:06:17.4821205Z
  Time since last request: 0.0008916 seconds.
  importAddress: GUID: a0274e2d9504747689564e43b42b2525 - Path: Packages/com.unity.visualscripting/Runtime/VisualScripting.Flow/Framework/Events/Application/OnApplicationFocus.cs - Importer: ScriptedImporter/UnityEditor.QuickSearchModule:UnityEditor.Search:ASIAI0B
Importing 'GUID: a0274e2d9504747689564e43b42b2525 - Path: Packages/com.unity.visualscripting/Runtime/VisualScripting.Flow/Framework/Events/Application/OnApplicationFocus.cs - Importer: ScriptedImporter/UnityEditor.QuickSearchModule:UnityEditor.Search:ASIAI0B' with importer (ScriptedImporter : UnityEditor.QuickSearchModule:UnityEditor.Search:ASIAI0B)
Imported 'GUID: a0274e2d9504747689564e43b42b2525' -> (Import Result ID: 'ceaee3a98f4a43571da974d08e558c4d') in 0.005 seconds [static and dynamic dependencies]. Details - ImportResultOutputID=dd1039415f34f40765c9ebf2e8b0e50d DependenciesID=985ef8cce7293667dbbbdc261328ab0a StaticDependenciesID=193b0b30bba0473a4da1c0b99f53f53c 
Number of updated asset objects reloaded before import = 0
Number of asset objects unloaded after import = 0
========================================================================
Received Import Request.
  Time of request: 2026-06-22T05:06:17.4883765Z
  Time since last request: 0.0012105 seconds.
  importAddress: GUID: 201c5a374fe1842a591c42128390be5c - Path: Packages/com.unity.visualscripting/Runtime/VisualScripting.Core/Dependencies/FullSerializer/Internal/fsVersionedType.cs - Importer: ScriptedImporter/UnityEditor.QuickSearchModule:UnityEditor.Search:ASIAI0B
Importing 'GUID: 201c5a374fe1842a591c42128390be5c - Path: Packages/com.unity.visualscripting/Runtime/VisualScripting.Core/Dependencies/FullSerializer/Internal/fsVersionedType.cs - Importer: ScriptedImporter/UnityEditor.QuickSearchModule:UnityEditor.Search:ASIAI0B' with importer (ScriptedImporter : UnityEditor.QuickSearchModule:UnityEditor.Search:ASIAI0B)
Imported 'GUID: 201c5a374fe1842a591c42128390be5c' -> (Import Result ID: '05e6af8287fd11c0e3018737d0a0a6fe') in 0.005 seconds [static and dynamic dependencies]. Details - ImportResultOutputID=39b41d890eeba5aa8b56f4b47374f023 DependenciesID=5218d47781303b85eff4c67c2a6cd277 StaticDependenciesID=a1510ab0fd3d7286636f05beef777556 
Number of updated asset objects reloaded before import = 0
Number of asset objects unloaded after import = 0
========================================================================
Received Import Request.
  Time of request: 2026-06-22T05:06:17.4945387Z
  Time since last request: 0.0004366 seconds.
  importAddress: GUID: 37bee35b01d89446581ee06eb78ab74e - Path: Packages/com.unity.visualscripting/Runtime/VisualScripting.Core/Dependencies/FullSerializer/Converters/fsKeyValuePairConverter.cs - Importer: ScriptedImporter/UnityEditor.QuickSearchModule:UnityEditor.Search:ASIAI0B
Importing 'GUID: 37bee35b01d89446581ee06eb78ab74e - Path: Packages/com.unity.visualscripting/Runtime/VisualScripting.Core/Dependencies/FullSerializer/Converters/fsKeyValuePairConverter.cs - Importer: ScriptedImporter/UnityEditor.QuickSearchModule:UnityEditor.Search:ASIAI0B' with importer (ScriptedImporter : UnityEditor.QuickSearchModule:UnityEditor.Search:ASIAI0B)
Imported 'GUID: 37bee35b01d89446581ee06eb78ab74e' -> (Import Result ID: '0b69b4289a0947a197b54cab8a7d9517') in 0.004 seconds [static and dynamic dependencies]. Details - ImportResultOutputID=b625c7e92e0fef2f1a6c58a2376e8744 DependenciesID=fbc7e4e23b57b6fe6c591294d91f6db9 StaticDependenciesID=9131b656478860c2b7146050abe190d3 
Number of updated asset objects reloaded before import = 0
Number of asset objects unloaded after import = 0
========================================================================
Received Import Request.
  Time of request: 2026-06-22T05:06:17.499965Z
  Time since last request: 0.0007478 seconds.
  importAddress: GUID: f20b6488154d04514b542bc7dfec85b6 - Path: Packages/com.unity.visualscripting/Runtime/VisualScripting.Flow/Framework/Collections/Lists/InsertListItem.cs - Importer: ScriptedImporter/UnityEditor.QuickSearchModule:UnityEditor.Search:ASIAI0B
Importing 'GUID: f20b6488154d04514b542bc7dfec85b6 - Path: Packages/com.unity.visualscripting/Runtime/VisualScripting.Flow/Framework/Collections/Lists/InsertListItem.cs - Importer: ScriptedImporter/UnityEditor.QuickSearchModule:UnityEditor.Search:ASIAI0B' with importer (ScriptedImporter : UnityEditor.QuickSearchModule:UnityEditor.Search:ASIAI0B)
Imported 'GUID: f20b6488154d04514b542bc7dfec85b6' -> (Import Result ID: '5bd2993ee5bcd357e682a267d3a6defb') in 0.005 seconds [static and dynamic dependencies]. Details - ImportResultOutputID=c85ebd9bbebae52efe5180804098b39b DependenciesID=1803c985158583e72eabd5c2028710ec StaticDependenciesID=096f138f859afc0cdf1e0a0a2eb34f7b 
Number of updated asset objects reloaded before import = 0
Number of asset objects unloaded after import = 0
========================================================================
Received Import Request.
  Time of request: 2026-06-22T05:06:17.5061999Z
  Time since last request: 0.00067 seconds.
  importAddress: GUID: aceaeecabc7804af78324f3a4ca624d0 - Path: Packages/com.unity.visualscripting/Runtime/VisualScripting.Core/Dependencies/FullSerializer/Converters/fsReflectedConverter.cs - Importer: ScriptedImporter/UnityEditor.QuickSearchModule:UnityEditor.Search:ASIAI0B
Importing 'GUID: aceaeecabc7804af78324f3a4ca624d0 - Path: Packages/com.unity.visualscripting/Runtime/VisualScripting.Core/Dependencies/FullSerializer/Converters/fsReflectedConverter.cs - Importer: ScriptedImporter/UnityEditor.QuickSearchModule:UnityEditor.Search:ASIAI0B' with importer (ScriptedImporter : UnityEditor.QuickSearchModule:UnityEditor.Search:ASIAI0B)
Imported 'GUID: aceaeecabc7804af78324f3a4ca624d0' -> (Import Result ID: 'c4132490a54cb5e2a5e1355b8d6a75ef') in 0.005 seconds [static and dynamic dependencies]. Details - ImportResultOutputID=64e77661c7ad267c577c49ab625d7518 DependenciesID=b9259ff5e77419f0601d49093ed363c0 StaticDependenciesID=b726fb422094fe0a3584ea3eaea164b5 
Number of updated asset objects reloaded before import = 0
Number of asset objects unloaded after import = 0
========================================================================
Received Import Request.
  Time of request: 2026-06-22T05:06:17.5121002Z
  Time since last request: 0.0005113 seconds.
  importAddress: GUID: 0a8e3e47147a543cfbfa969532386942 - Path: Packages/com.unity.visualscripting/Runtime/VisualScripting.Flow/Framework/Collections/Dictionaries/GetDictionaryItem.cs - Importer: ScriptedImporter/UnityEditor.QuickSearchModule:UnityEditor.Search:ASIAI0B
Importing 'GUID: 0a8e3e47147a543cfbfa969532386942 - Path: Packages/com.unity.visualscripting/Runtime/VisualScripting.Flow/Framework/Collections/Dictionaries/GetDictionaryItem.cs - Importer: ScriptedImporter/UnityEditor.QuickSearchModule:UnityEditor.Search:ASIAI0B' with importer (ScriptedImporter : UnityEditor.QuickSearchModule:UnityEditor.Search:ASIAI0B)
Imported 'GUID: 0a8e3e47147a543cfbfa969532386942' -> (Import Result ID: '1cece222f13c1e5229d7d8ab5ea5e321') in 0.004 seconds [static and dynamic dependencies]. Details - ImportResultOutputID=bf995ba68e8345b39e88f9a88627dac6 DependenciesID=7f69e3bdd236347a789334f048226853 StaticDependenciesID=c9369ffa908878a76c056f114f15e358 
Number of updated asset objects reloaded before import = 0
Number of asset objects unloaded after import = 0
========================================================================
Received Import Request.
  Time of request: 2026-06-22T05:06:17.5169564Z
  Time since last request: 0.0005479 seconds.
  importAddress: GUID: 9db026615b4b14291b487e788cf2d074 - Path: Packages/com.unity.visualscripting/Editor/VisualScripting.Core/Plugin/Changelogs/LegacyLudiqGraphs/Changelog_1_4_5.cs - Importer: ScriptedImporter/UnityEditor.QuickSearchModule:UnityEditor.Search:ASIAI0B
Importing 'GUID: 9db026615b4b14291b487e788cf2d074 - Path: Packages/com.unity.visualscripting/Editor/VisualScripting.Core/Plugin/Changelogs/LegacyLudiqGraphs/Changelog_1_4_5.cs - Importer: ScriptedImporter/UnityEditor.QuickSearchModule:UnityEditor.Search:ASIAI0B' with importer (ScriptedImporter : UnityEditor.QuickSearchModule:UnityEditor.Search:ASIAI0B)
Imported 'GUID: 9db026615b4b14291b487e788cf2d074' -> (Import Result ID: '7a76ee2d8ce03a02e07a862c006012ed') in 0.004 seconds [static and dynamic dependencies]. Details - ImportResultOutputID=523d414258e0c432c184a44a6278b251 DependenciesID=e4a565d755b7536eab33738d2df39a25 StaticDependenciesID=1dbc31576e88f6700c30b3686540f302 
Number of updated asset objects reloaded before import = 0
Number of asset objects unloaded after import = 0
========================================================================
Received Import Request.
  Time of request: 2026-06-22T05:06:17.5219304Z
  Time since last request: 0.0004341 seconds.
  importAddress: GUID: 83ff07ed5d5f746a18cff1d9fd010e93 - Path: Packages/com.unity.visualscripting/Runtime/VisualScripting.Core/Dependencies/FullSerializer/Converters/fsIEnumerableConverter.cs - Importer: ScriptedImporter/UnityEditor.QuickSearchModule:UnityEditor.Search:ASIAI0B
Importing 'GUID: 83ff07ed5d5f746a18cff1d9fd010e93 - Path: Packages/com.unity.visualscripting/Runtime/VisualScripting.Core/Dependencies/FullSerializer/Converters/fsIEnumerableConverter.cs - Importer: ScriptedImporter/UnityEditor.QuickSearchModule:UnityEditor.Search:ASIAI0B' with importer (ScriptedImporter : UnityEditor.QuickSearchModule:UnityEditor.Search:ASIAI0B)
Imported 'GUID: 83ff07ed5d5f746a18cff1d9fd010e93' -> (Import Result ID: '1fe9faf6c96a9c6cbf3f1d556f142dea') in 0.004 seconds [static and dynamic dependencies]. Details - ImportResultOutputID=888143a296d937f6761fe18515aae956 DependenciesID=705f534ab70dc84136654be230f868fc StaticDependenciesID=f1a3f435530d321ae0787dbe5497c826 
Number of updated asset objects reloaded before import = 0
Number of asset objects unloaded after import = 0
========================================================================
Received Import Request.
  Time of request: 2026-06-22T05:06:17.5270334Z
  Time since last request: 0.0004077 seconds.
  importAddress: GUID: 055ce80827fbe4f2db3b492b9e29c156 - Path: Packages/com.unity.visualscripting/Runtime/VisualScripting.Flow/Framework/Events/Editor/OnDrawGizmos.cs - Importer: ScriptedImporter/UnityEditor.QuickSearchModule:UnityEditor.Search:ASIAI0B
Importing 'GUID: 055ce80827fbe4f2db3b492b9e29c156 - Path: Packages/com.unity.visualscripting/Runtime/VisualScripting.Flow/Framework/Events/Editor/OnDrawGizmos.cs - Importer: ScriptedImporter/UnityEditor.QuickSearchModule:UnityEditor.Search:ASIAI0B' with importer (ScriptedImporter : UnityEditor.QuickSearchModule:UnityEditor.Search:ASIAI0B)
Imported 'GUID: 055ce80827fbe4f2db3b492b9e29c156' -> (Import Result ID: '1e8634dcbac7c41c09add187c845b266') in 0.005 seconds [static and dynamic dependencies]. Details - ImportResultOutputID=f0241b419cceaa4035f8fc4469897143 DependenciesID=c4ba433d69033d4594529ab45d4fe826 StaticDependenciesID=750a0aed22631c814b7e9d395074c8aa 
Number of updated asset objects reloaded before import = 0
Number of asset objects unloaded after import = 0
========================================================================
Received Import Request.
  Time of request: 2026-06-22T05:06:17.5323853Z
  Time since last request: 0.0004689 seconds.
  importAddress: GUID: 56f45147e53b74230964d1066cb73f72 - Path: Packages/com.unity.visualscripting/Runtime/VisualScripting.Flow/Framework/Collections/Lists/AddListItem.cs - Importer: ScriptedImporter/UnityEditor.QuickSearchModule:UnityEditor.Search:ASIAI0B
Importing 'GUID: 56f45147e53b74230964d1066cb73f72 - Path: Packages/com.unity.visualscripting/Runtime/VisualScripting.Flow/Framework/Collections/Lists/AddListItem.cs - Importer: ScriptedImporter/UnityEditor.QuickSearchModule:UnityEditor.Search:ASIAI0B' with importer (ScriptedImporter : UnityEditor.QuickSearchModule:UnityEditor.Search:ASIAI0B)
Imported 'GUID: 56f45147e53b74230964d1066cb73f72' -> (Import Result ID: '2f060547a9c72523769f21e0144ab474') in 0.005 seconds [static and dynamic dependencies]. Details - ImportResultOutputID=c58e7fbe41b32769a0bc03ecda9e9ec9 DependenciesID=f33853d081e09ab98dcf9bb6d43a0285 StaticDependenciesID=2664cdb42246c58e5468530f0a80edb7 
Number of updated asset objects reloaded before import = 0
Number of asset objects unloaded after import = 0
========================================================================
Received Import Request.
  Time of request: 2026-06-22T05:06:17.5379763Z
  Time since last request: 0.0003788 seconds.
  importAddress: GUID: 82cef948c57f54216b22112983b79d47 - Path: Packages/com.unity.visualscripting/Editor/VisualScripting.Core/Plugin/Changelogs/LegacyLudiqGraphs/Changelog_1_4_4.cs - Importer: ScriptedImporter/UnityEditor.QuickSearchModule:UnityEditor.Search:ASIAI0B
Importing 'GUID: 82cef948c57f54216b22112983b79d47 - Path: Packages/com.unity.visualscripting/Editor/VisualScripting.Core/Plugin/Changelogs/LegacyLudiqGraphs/Changelog_1_4_4.cs - Importer: ScriptedImporter/UnityEditor.QuickSearchModule:UnityEditor.Search:ASIAI0B' with importer (ScriptedImporter : UnityEditor.QuickSearchModule:UnityEditor.Search:ASIAI0B)
Imported 'GUID: 82cef948c57f54216b22112983b79d47' -> (Import Result ID: '35d0b9455e043576a656c560abc200cc') in 0.004 seconds [static and dynamic dependencies]. Details - ImportResultOutputID=3a660987a3ac9c28b31c39700f483b72 DependenciesID=97fff71b99a97c80f9b4fbccf9ffc7a2 StaticDependenciesID=e75736c4556eda2895b3b5af86c47b96 
Number of updated asset objects reloaded before import = 0
Number of asset objects unloaded after import = 0
========================================================================
Received Import Request.
  Time of request: 2026-06-22T05:06:17.5426369Z
  Time since last request: 0.0003358 seconds.
  importAddress: GUID: a81c0890f86e544d8bd52f3fab082ca7 - Path: Packages/com.unity.visualscripting/Runtime/VisualScripting.Flow/Framework/Collections/Dictionaries/MergeDictionaries.cs - Importer: ScriptedImporter/UnityEditor.QuickSearchModule:UnityEditor.Search:ASIAI0B
Importing 'GUID: a81c0890f86e544d8bd52f3fab082ca7 - Path: Packages/com.unity.visualscripting/Runtime/VisualScripting.Flow/Framework/Collections/Dictionaries/MergeDictionaries.cs - Importer: ScriptedImporter/UnityEditor.QuickSearchModule:UnityEditor.Search:ASIAI0B' with importer (ScriptedImporter : UnityEditor.QuickSearchModule:UnityEditor.Search:ASIAI0B)
Imported 'GUID: a81c0890f86e544d8bd52f3fab082ca7' -> (Import Result ID: 'a2794b548e02989ea2db1f9701488c53') in 0.003 seconds [static and dynamic dependencies]. Details - ImportResultOutputID=4c5c8b44f0cbf0cdf7011e87120221e7 DependenciesID=fd7c1c4c5facc593d257b991a7bf9c6f StaticDependenciesID=f415bd8b64f5d8882d9a9d5eab879f38 
Number of updated asset objects reloaded before import = 0
Number of asset objects unloaded after import = 0
========================================================================
Received Import Request.
  Time of request: 2026-06-22T05:06:17.5662674Z
  Time since last request: 0.0199693 seconds.
  importAddress: GUID: de829102290134cd8bb7d6f030a0246c - Path: Packages/com.unity.visualscripting/Runtime/VisualScripting.Flow/Framework/Events/GUI/GenericGuiEventUnit.cs - Importer: ScriptedImporter/UnityEditor.QuickSearchModule:UnityEditor.Search:ASIAI0B
Importing 'GUID: de829102290134cd8bb7d6f030a0246c - Path: Packages/com.unity.visualscripting/Runtime/VisualScripting.Flow/Framework/Events/GUI/GenericGuiEventUnit.cs - Importer: ScriptedImporter/UnityEditor.QuickSearchModule:UnityEditor.Search:ASIAI0B' with importer (ScriptedImporter : UnityEditor.QuickSearchModule:UnityEditor.Search:ASIAI0B)
Imported 'GUID: de829102290134cd8bb7d6f030a0246c' -> (Import Result ID: 'dc9537b7ff339313cb27e1af6e560f06') in 0.005 seconds [static and dynamic dependencies]. Details - ImportResultOutputID=bdf2c24eae15b7f7f7f4fa4acc9240bd DependenciesID=12fbfcca438b7fa8d8ac9af22a709208 StaticDependenciesID=c35bdfeb80e05c7c0d01b1d03001d1d6 
Number of updated asset objects reloaded before import = 0
Number of asset objects unloaded after import = 0
========================================================================
Received Import Request.
  Time of request: 2026-06-22T05:06:17.5724574Z
  Time since last request: 0.0008092 seconds.
  importAddress: GUID: ddd8f3642494344d7937d9b32f751b2d - Path: Packages/com.unity.visualscripting/Runtime/VisualScripting.Flow/Framework/Events/Physics2D/OnCollisionEnter2D.cs - Importer: ScriptedImporter/UnityEditor.QuickSearchModule:UnityEditor.Search:ASIAI0B
Importing 'GUID: ddd8f3642494344d7937d9b32f751b2d - Path: Packages/com.unity.visualscripting/Runtime/VisualScripting.Flow/Framework/Events/Physics2D/OnCollisionEnter2D.cs - Importer: ScriptedImporter/UnityEditor.QuickSearchModule:UnityEditor.Search:ASIAI0B' with importer (ScriptedImporter : UnityEditor.QuickSearchModule:UnityEditor.Search:ASIAI0B)
Imported 'GUID: ddd8f3642494344d7937d9b32f751b2d' -> (Import Result ID: 'c4f07036746c42f9725f7c19edbf0a8c') in 0.003 seconds [static and dynamic dependencies]. Details - ImportResultOutputID=40d0569201ad882065ea8ed1cf4212f4 DependenciesID=c69e8c25b9de2fd8f7d2e073b2798986 StaticDependenciesID=b56eea651e26436cf1d4adceccee5216 
Number of updated asset objects reloaded before import = 0
Number of asset objects unloaded after import = 0
========================================================================
Received Import Request.
  Time of request: 2026-06-22T05:06:17.5763491Z
  Time since last request: 0.000479 seconds.
  importAddress: GUID: 9c2590fcaf8284fd4a2f8de1abcf3021 - Path: Packages/com.unity.visualscripting/Runtime/VisualScripting.Flow/Framework/Events/Hierarchy/OnTransformChildrenChanged.cs - Importer: ScriptedImporter/UnityEditor.QuickSearchModule:UnityEditor.Search:ASIAI0B
Importing 'GUID: 9c2590fcaf8284fd4a2f8de1abcf3021 - Path: Packages/com.unity.visualscripting/Runtime/VisualScripting.Flow/Framework/Events/Hierarchy/OnTransformChildrenChanged.cs - Importer: ScriptedImporter/UnityEditor.QuickSearchModule:UnityEditor.Search:ASIAI0B' with importer (ScriptedImporter : UnityEditor.QuickSearchModule:UnityEditor.Search:ASIAI0B)
Imported 'GUID: 9c2590fcaf8284fd4a2f8de1abcf3021' -> (Import Result ID: '781ad8adfbe4fcb227788af375b132a5') in 0.005 seconds [static and dynamic dependencies]. Details - ImportResultOutputID=0ebf3c55d8fc659b359a84d40e1608fe DependenciesID=39356da727e57df054fa00cf644d5931 StaticDependenciesID=43eb7ae4c56dd8fcbd6776ee0f9cc1ae 
Number of updated asset objects reloaded before import = 0
Number of asset objects unloaded after import = 0
========================================================================
Received Import Request.
  Time of request: 2026-06-22T05:06:17.5819639Z
  Time since last request: 0.0005886 seconds.
  importAddress: GUID: 2a27e2d609de84c398a54131860c6a4c - Path: Packages/com.unity.visualscripting/Runtime/VisualScripting.Flow/Framework/Events/GUI/OnMove.cs - Importer: ScriptedImporter/UnityEditor.QuickSearchModule:UnityEditor.Search:ASIAI0B
Importing 'GUID: 2a27e2d609de84c398a54131860c6a4c - Path: Packages/com.unity.visualscripting/Runtime/VisualScripting.Flow/Framework/Events/GUI/OnMove.cs - Importer: ScriptedImporter/UnityEditor.QuickSearchModule:UnityEditor.Search:ASIAI0B' with importer (ScriptedImporter : UnityEditor.QuickSearchModule:UnityEditor.Search:ASIAI0B)
Imported 'GUID: 2a27e2d609de84c398a54131860c6a4c' -> (Import Result ID: '58bcebfe3951098e24c35c7a95668109') in 0.004 seconds [static and dynamic dependencies]. Details - ImportResultOutputID=bbe91776ebecbeb8fb9d67dcb8fbcbe0 DependenciesID=400fe2a0a0aa3574bbee2f28f0e3915f StaticDependenciesID=693f2f6709868fb9fd1a3f3f3c4f6cac 
Number of updated asset objects reloaded before import = 0
Number of asset objects unloaded after import = 0
========================================================================
Received Import Request.
  Time of request: 2026-06-22T05:06:17.5872286Z
  Time since last request: 0.0005715 seconds.
  importAddress: GUID: aed12e673e821481c815bd99dc5e3ee6 - Path: Packages/com.unity.visualscripting/Runtime/VisualScripting.Flow/Framework/Events/Lifecycle/LateUpdate.cs - Importer: ScriptedImporter/UnityEditor.QuickSearchModule:UnityEditor.Search:ASIAI0B
Importing 'GUID: aed12e673e821481c815bd99dc5e3ee6 - Path: Packages/com.unity.visualscripting/Runtime/VisualScripting.Flow/Framework/Events/Lifecycle/LateUpdate.cs - Importer: ScriptedImporter/UnityEditor.QuickSearchModule:UnityEditor.Search:ASIAI0B' with importer (ScriptedImporter : UnityEditor.QuickSearchModule:UnityEditor.Search:ASIAI0B)
Imported 'GUID: aed12e673e821481c815bd99dc5e3ee6' -> (Import Result ID: '6894999ee55e74e4dfb89998f5cda84c') in 0.004 seconds [static and dynamic dependencies]. Details - ImportResultOutputID=a5039a42d71057d0c542a226e46c09ff DependenciesID=63c3c2f3377e360464a01706a8be69a7 StaticDependenciesID=277caa185202e84784bde6435295dc79 
Number of updated asset objects reloaded before import = 0
Number of asset objects unloaded after import = 0
========================================================================
Received Import Request.
  Time of request: 2026-06-22T05:06:17.5915144Z
  Time since last request: 0.0003852 seconds.
  importAddress: GUID: 47df8b0e5f16248518d0ea6e53cc9525 - Path: Packages/com.unity.visualscripting/Runtime/VisualScripting.Flow/Framework/Events/GUI/OnPointerEnter.cs - Importer: ScriptedImporter/UnityEditor.QuickSearchModule:UnityEditor.Search:ASIAI0B
Importing 'GUID: 47df8b0e5f16248518d0ea6e53cc9525 - Path: Packages/com.unity.visualscripting/Runtime/VisualScripting.Flow/Framework/Events/GUI/OnPointerEnter.cs - Importer: ScriptedImporter/UnityEditor.QuickSearchModule:UnityEditor.Search:ASIAI0B' with importer (ScriptedImporter : UnityEditor.QuickSearchModule:UnityEditor.Search:ASIAI0B)
Imported 'GUID: 47df8b0e5f16248518d0ea6e53cc9525' -> (Import Result ID: 'a905487bb41a88fb0befd8ff78be75e7') in 0.004 seconds [static and dynamic dependencies]. Details - ImportResultOutputID=635d45bb23007167ffb6cb0347887bdd DependenciesID=89d6917cbaa9a8f59e9f2fc3b98f869d StaticDependenciesID=eb05ded558815cc13410630320775861 
Number of updated asset objects reloaded before import = 0
Number of asset objects unloaded after import = 0
========================================================================
Received Import Request.
  Time of request: 2026-06-22T05:06:17.5958066Z
  Time since last request: 0.0004844 seconds.
  importAddress: GUID: e21f2125eef984c988322507eec1b786 - Path: Packages/com.unity.visualscripting/Runtime/VisualScripting.Flow/Framework/Events/GUI/OnEndDrag.cs - Importer: ScriptedImporter/UnityEditor.QuickSearchModule:UnityEditor.Search:ASIAI0B
Importing 'GUID: e21f2125eef984c988322507eec1b786 - Path: Packages/com.unity.visualscripting/Runtime/VisualScripting.Flow/Framework/Events/GUI/OnEndDrag.cs - Importer: ScriptedImporter/UnityEditor.QuickSearchModule:UnityEditor.Search:ASIAI0B' with importer (ScriptedImporter : UnityEditor.QuickSearchModule:UnityEditor.Search:ASIAI0B)
Imported 'GUID: e21f2125eef984c988322507eec1b786' -> (Import Result ID: '171d4084d3092fbc0c75039bbf98dc98') in 0.005 seconds [static and dynamic dependencies]. Details - ImportResultOutputID=93f6e9f53be8ae26619f38c291e55026 DependenciesID=2b41ec2a488ff193c6f7a05169491ecf StaticDependenciesID=2f63e2868b41ae0d6ea6ea863d039622 
Number of updated asset objects reloaded before import = 0
Number of asset objects unloaded after import = 0
========================================================================
Received Import Request.
  Time of request: 2026-06-22T05:06:17.6014299Z
  Time since last request: 0.0003869 seconds.
  importAddress: GUID: 3ac0ecc56b475422cab6f6c037407b4c - Path: Packages/com.unity.visualscripting/Runtime/VisualScripting.Flow/Framework/Events/Input/OnMouseInput.cs - Importer: ScriptedImporter/UnityEditor.QuickSearchModule:UnityEditor.Search:ASIAI0B
Importing 'GUID: 3ac0ecc56b475422cab6f6c037407b4c - Path: Packages/com.unity.visualscripting/Runtime/VisualScripting.Flow/Framework/Events/Input/OnMouseInput.cs - Importer: ScriptedImporter/UnityEditor.QuickSearchModule:UnityEditor.Search:ASIAI0B' with importer (ScriptedImporter : UnityEditor.QuickSearchModule:UnityEditor.Search:ASIAI0B)
Imported 'GUID: 3ac0ecc56b475422cab6f6c037407b4c' -> (Import Result ID: '87a87cc8f2f014de827f1371a643e1b1') in 0.004 seconds [static and dynamic dependencies]. Details - ImportResultOutputID=fe5e8e3b7f6290ab559e248d03832b4f DependenciesID=8a7e818652ce3657c6732790e857f7a9 StaticDependenciesID=9efee42a86f67e60eaec56bb93780608 
Number of updated asset objects reloaded before import = 0
Number of asset objects unloaded after import = 0
========================================================================
Received Import Request.
  Time of request: 2026-06-22T05:06:17.6060987Z
  Time since last request: 0.0004509 seconds.
  importAddress: GUID: 0bd3f95e953dd4fdcb2cc87d32acfd80 - Path: Packages/com.unity.visualscripting/Runtime/VisualScripting.Flow/Framework/Events/GUI/OnToggleValueChanged.cs - Importer: ScriptedImporter/UnityEditor.QuickSearchModule:UnityEditor.Search:ASIAI0B
Importing 'GUID: 0bd3f95e953dd4fdcb2cc87d32acfd80 - Path: Packages/com.unity.visualscripting/Runtime/VisualScripting.Flow/Framework/Events/GUI/OnToggleValueChanged.cs - Importer: ScriptedImporter/UnityEditor.QuickSearchModule:UnityEditor.Search:ASIAI0B' with importer (ScriptedImporter : UnityEditor.QuickSearchModule:UnityEditor.Search:ASIAI0B)
Imported 'GUID: 0bd3f95e953dd4fdcb2cc87d32acfd80' -> (Import Result ID: 'fa8af7086a6c28f2629a64995a9b72ac') in 0.004 seconds [static and dynamic dependencies]. Details - ImportResultOutputID=b209b244953b17ae8dc79540ecd7f9c5 DependenciesID=4d6a817f81450edf7575eee333397ba0 StaticDependenciesID=94d3116d9e5745fb762ca918e55ea71c 
Number of updated asset objects reloaded before import = 0
Number of asset objects unloaded after import = 0
========================================================================
Received Import Request.
  Time of request: 2026-06-22T05:06:17.6129464Z
  Time since last request: 0.0025413 seconds.
  importAddress: GUID: 3470c88e1e3734ff48ef9626e5ee4f40 - Path: Packages/com.unity.visualscripting/Runtime/VisualScripting.Flow/Framework/Events/Lifecycle/FixedUpdate.cs - Importer: ScriptedImporter/UnityEditor.QuickSearchModule:UnityEditor.Search:ASIAI0B
Importing 'GUID: 3470c88e1e3734ff48ef9626e5ee4f40 - Path: Packages/com.unity.visualscripting/Runtime/VisualScripting.Flow/Framework/Events/Lifecycle/FixedUpdate.cs - Importer: ScriptedImporter/UnityEditor.QuickSearchModule:UnityEditor.Search:ASIAI0B' with importer (ScriptedImporter : UnityEditor.QuickSearchModule:UnityEditor.Search:ASIAI0B)
Imported 'GUID: 3470c88e1e3734ff48ef9626e5ee4f40' -> (Import Result ID: '58a3099b87ea4c2da5ab892cd9d684ef') in 0.005 seconds [static and dynamic dependencies]. Details - ImportResultOutputID=592014f4ac8d218c4a121c7b8dfb65c8 DependenciesID=7250de58a74b2b25d66ae6afb9b5e5b1 StaticDependenciesID=90b1fd8d10a0f35552eb8f7983088db3 
Number of updated asset objects reloaded before import = 0
Number of asset objects unloaded after import = 0
========================================================================
Received Import Request.
  Time of request: 2026-06-22T05:06:17.6186741Z
  Time since last request: 0.0005685 seconds.
  importAddress: GUID: b1c4184a7c61a4f5b8c65858d176cd65 - Path: Packages/com.unity.visualscripting/Runtime/VisualScripting.Flow/Framework/Events/Physics/CollisionEventUnit.cs - Importer: ScriptedImporter/UnityEditor.QuickSearchModule:UnityEditor.Search:ASIAI0B
Importing 'GUID: b1c4184a7c61a4f5b8c65858d176cd65 - Path: Packages/com.unity.visualscripting/Runtime/VisualScripting.Flow/Framework/Events/Physics/CollisionEventUnit.cs - Importer: ScriptedImporter/UnityEditor.QuickSearchModule:UnityEditor.Search:ASIAI0B' with importer (ScriptedImporter : UnityEditor.QuickSearchModule:UnityEditor.Search:ASIAI0B)
Imported 'GUID: b1c4184a7c61a4f5b8c65858d176cd65' -> (Import Result ID: '5e853ffb8926076a09cd26f7e84fd23a') in 0.004 seconds [static and dynamic dependencies]. Details - ImportResultOutputID=160f1c956a0ec2fef0d640770df18772 DependenciesID=ffbdae6229f32db8c9a954d062e13a3d StaticDependenciesID=fb5f8379006fc717df0c816fce8a6240 
Number of updated asset objects reloaded before import = 0
Number of asset objects unloaded after import = 0
========================================================================
Received Import Request.
  Time of request: 2026-06-22T05:06:17.6239046Z
  Time since last request: 0.0005719 seconds.
  importAddress: GUID: be7e95fccd0884b4b9ff35fa43f12cd5 - Path: Packages/com.unity.visualscripting/Runtime/VisualScripting.Flow/Framework/Events/Hierarchy/OnTransformParentChanged.cs - Importer: ScriptedImporter/UnityEditor.QuickSearchModule:UnityEditor.Search:ASIAI0B
Importing 'GUID: be7e95fccd0884b4b9ff35fa43f12cd5 - Path: Packages/com.unity.visualscripting/Runtime/VisualScripting.Flow/Framework/Events/Hierarchy/OnTransformParentChanged.cs - Importer: ScriptedImporter/UnityEditor.QuickSearchModule:UnityEditor.Search:ASIAI0B' with importer (ScriptedImporter : UnityEditor.QuickSearchModule:UnityEditor.Search:ASIAI0B)
Imported 'GUID: be7e95fccd0884b4b9ff35fa43f12cd5' -> (Import Result ID: '9164d8a4b6290b9a0d9e85af181ab088') in 0.004 seconds [static and dynamic dependencies]. Details - ImportResultOutputID=4a25dc8d2b1c59052b2479126c50828d DependenciesID=b132ddd4b4004528ac4b14d2417aff5d StaticDependenciesID=1f8c4099d9ff54d6caaff69843caa622 
Number of updated asset objects reloaded before import = 0
Number of asset objects unloaded after import = 0
========================================================================
Received Import Request.
  Time of request: 2026-06-22T05:06:17.6286885Z
  Time since last request: 0.0004121 seconds.
  importAddress: GUID: 6e80cd73486524a5fa8f4ebc514915c8 - Path: Packages/com.unity.visualscripting/Runtime/VisualScripting.Flow/Framework/Events/GUI/OnDeselect.cs - Importer: ScriptedImporter/UnityEditor.QuickSearchModule:UnityEditor.Search:ASIAI0B
Importing 'GUID: 6e80cd73486524a5fa8f4ebc514915c8 - Path: Packages/com.unity.visualscripting/Runtime/VisualScripting.Flow/Framework/Events/GUI/OnDeselect.cs - Importer: ScriptedImporter/UnityEditor.QuickSearchModule:UnityEditor.Search:ASIAI0B' with importer (ScriptedImporter : UnityEditor.QuickSearchModule:UnityEditor.Search:ASIAI0B)
Imported 'GUID: 6e80cd73486524a5fa8f4ebc514915c8' -> (Import Result ID: 'd28673a5841335810b977893832ff2a7') in 0.005 seconds [static and dynamic dependencies]. Details - ImportResultOutputID=aab7a6d0a76e6be8261d5510b325cb9d DependenciesID=142f67f4535ed5b700051d27e62a7d5a StaticDependenciesID=027c663f35c0045377a366a52a851d9c 
Number of updated asset objects reloaded before import = 0
Number of asset objects unloaded after import = 0
========================================================================
Received Import Request.
  Time of request: 2026-06-22T05:06:17.6536173Z
  Time since last request: 0.0198149 seconds.
  importAddress: GUID: 69b3064e843284997ad557b3308b2fbc - Path: Packages/com.unity.visualscripting/Runtime/VisualScripting.Flow/Framework/Math/Vector3/Vector3Normalize.cs - Importer: ScriptedImporter/UnityEditor.QuickSearchModule:UnityEditor.Search:ASIAI0B
Importing 'GUID: 69b3064e843284997ad557b3308b2fbc - Path: Packages/com.unity.visualscripting/Runtime/VisualScripting.Flow/Framework/Math/Vector3/Vector3Normalize.cs - Importer: ScriptedImporter/UnityEditor.QuickSearchModule:UnityEditor.Search:ASIAI0B' with importer (ScriptedImporter : UnityEditor.QuickSearchModule:UnityEditor.Search:ASIAI0B)
Imported 'GUID: 69b3064e843284997ad557b3308b2fbc' -> (Import Result ID: '47a3690f5e6cde06d21450060cfbe4e2') in 0.004 seconds [static and dynamic dependencies]. Details - ImportResultOutputID=e8f75ccb97084674b52efcfc0b0022b6 DependenciesID=1d9073b45489f29d46aa4395d933cad7 StaticDependenciesID=6f0908b8c9a757b119d151272b27a4b2 
Number of updated asset objects reloaded before import = 0
Number of asset objects unloaded after import = 0
========================================================================
Received Import Request.
  Time of request: 2026-06-22T05:06:17.65844Z
  Time since last request: 0.0006895 seconds.
  importAddress: GUID: 273c8eb9f78f34ac7b137c54a0583e00 - Path: Packages/com.unity.visualscripting/Runtime/VisualScripting.Flow/Framework/Events/Physics2D/OnTriggerEnter2D.cs - Importer: ScriptedImporter/UnityEditor.QuickSearchModule:UnityEditor.Search:ASIAI0B
Importing 'GUID: 273c8eb9f78f34ac7b137c54a0583e00 - Path: Packages/com.unity.visualscripting/Runtime/VisualScripting.Flow/Framework/Events/Physics2D/OnTriggerEnter2D.cs - Importer: ScriptedImporter/UnityEditor.QuickSearchModule:UnityEditor.Search:ASIAI0B' with importer (ScriptedImporter : UnityEditor.QuickSearchModule:UnityEditor.Search:ASIAI0B)
Imported 'GUID: 273c8eb9f78f34ac7b137c54a0583e00' -> (Import Result ID: '4eb637bff042d2d0b4c9ab1c42609abf') in 0.004 seconds [static and dynamic dependencies]. Details - ImportResultOutputID=cdc6552744a6e179296e58f0be07823c DependenciesID=e57490856290a30806dbc35914bd946d StaticDependenciesID=e274851a6efa6cc61e763e8dc3cfcc50 
Number of updated asset objects reloaded before import = 0
Number of asset objects unloaded after import = 0
========================================================================
Received Import Request.
  Time of request: 2026-06-22T05:06:17.6628049Z
  Time since last request: 0.000342 seconds.
  importAddress: GUID: 15d3a609022674400b5e72b897a265de - Path: Packages/com.unity.visualscripting/Runtime/VisualScripting.Flow/Framework/Math/Vector3/Vector3Divide.cs - Importer: ScriptedImporter/UnityEditor.QuickSearchModule:UnityEditor.Search:ASIAI0B
Importing 'GUID: 15d3a609022674400b5e72b897a265de - Path: Packages/com.unity.visualscripting/Runtime/VisualScripting.Flow/Framework/Math/Vector3/Vector3Divide.cs - Importer: ScriptedImporter/UnityEditor.QuickSearchModule:UnityEditor.Search:ASIAI0B' with importer (ScriptedImporter : UnityEditor.QuickSearchModule:UnityEditor.Search:ASIAI0B)
Imported 'GUID: 15d3a609022674400b5e72b897a265de' -> (Import Result ID: 'f6cd8d22102892cfc71105d95f5b5030') in 0.005 seconds [static and dynamic dependencies]. Details - ImportResultOutputID=1c6c0397372bcd882e1e7f613217ee33 DependenciesID=64b5d2302f95c0722bad61f78b899ace StaticDependenciesID=5a01f068dc22fb08e57447b74839c065 
Number of updated asset objects reloaded before import = 0
Number of asset objects unloaded after import = 0
========================================================================
Received Import Request.
  Time of request: 2026-06-22T05:06:17.6684527Z
  Time since last request: 0.0005649 seconds.
  importAddress: GUID: e0c6067d02e96482bb3220423798537c - Path: Packages/com.unity.visualscripting/Runtime/VisualScripting.Flow/Framework/Math/Generic/GenericModulo.cs - Importer: ScriptedImporter/UnityEditor.QuickSearchModule:UnityEditor.Search:ASIAI0B
Importing 'GUID: e0c6067d02e96482bb3220423798537c - Path: Packages/com.unity.visualscripting/Runtime/VisualScripting.Flow/Framework/Math/Generic/GenericModulo.cs - Importer: ScriptedImporter/UnityEditor.QuickSearchModule:UnityEditor.Search:ASIAI0B' with importer (ScriptedImporter : UnityEditor.QuickSearchModule:UnityEditor.Search:ASIAI0B)
Imported 'GUID: e0c6067d02e96482bb3220423798537c' -> (Import Result ID: '30ae353c474b207a710e0921b6076f07') in 0.005 seconds [static and dynamic dependencies]. Details - ImportResultOutputID=27daa78e9b680d7de2298f7c9a798315 DependenciesID=46b5c304933318e9219bfbefaf1bd843 StaticDependenciesID=0f2a98f7ae1ba0b64b2b7810ad9c18de 
Number of updated asset objects reloaded before import = 0
Number of asset objects unloaded after import = 0
========================================================================
Received Import Request.
  Time of request: 2026-06-22T05:06:17.6739631Z
  Time since last request: 0.0005313 seconds.
  importAddress: GUID: 459317b7a46914c369498518bea1c011 - Path: Packages/com.unity.visualscripting/Runtime/VisualScripting.Flow/Framework/Math/Vector2/Vector2Project.cs - Importer: ScriptedImporter/UnityEditor.QuickSearchModule:UnityEditor.Search:ASIAI0B
Importing 'GUID: 459317b7a46914c369498518bea1c011 - Path: Packages/com.unity.visualscripting/Runtime/VisualScripting.Flow/Framework/Math/Vector2/Vector2Project.cs - Importer: ScriptedImporter/UnityEditor.QuickSearchModule:UnityEditor.Search:ASIAI0B' with importer (ScriptedImporter : UnityEditor.QuickSearchModule:UnityEditor.Search:ASIAI0B)
Imported 'GUID: 459317b7a46914c369498518bea1c011' -> (Import Result ID: '79814b3fb631ff1500db1a5c02c2138d') in 0.004 seconds [static and dynamic dependencies]. Details - ImportResultOutputID=8e54ff81393261014572116d5b2c8241 DependenciesID=423575774b7aa0b10fa9267c275f3765 StaticDependenciesID=c98583df51b15135fec2b5efe129521b 
Number of updated asset objects reloaded before import = 0
Number of asset objects unloaded after import = 0
========================================================================
Received Import Request.
  Time of request: 2026-06-22T05:06:17.6791695Z
  Time since last request: 0.0004542 seconds.
  importAddress: GUID: c67283f54d58842718fdf793bb6a248e - Path: Packages/com.unity.visualscripting/Runtime/VisualScripting.Flow/Framework/Math/Scalar/ScalarSubtract.cs - Importer: ScriptedImporter/UnityEditor.QuickSearchModule:UnityEditor.Search:ASIAI0B
Importing 'GUID: c67283f54d58842718fdf793bb6a248e - Path: Packages/com.unity.visualscripting/Runtime/VisualScripting.Flow/Framework/Math/Scalar/ScalarSubtract.cs - Importer: ScriptedImporter/UnityEditor.QuickSearchModule:UnityEditor.Search:ASIAI0B' with importer (ScriptedImporter : UnityEditor.QuickSearchModule:UnityEditor.Search:ASIAI0B)
Imported 'GUID: c67283f54d58842718fdf793bb6a248e' -> (Import Result ID: '4baccef54d4c8479a6eb10165478e6ba') in 0.004 seconds [static and dynamic dependencies]. Details - ImportResultOutputID=46877b7522ef7736e698ba1b729a9829 DependenciesID=4822ac95692c264b11fb9874923abfc3 StaticDependenciesID=770b5230f9be9e4a53d01dc319d6478d 
Number of updated asset objects reloaded before import = 0
Number of asset objects unloaded after import = 0
========================================================================
Received Import Request.
  Time of request: 2026-06-22T05:06:17.6843703Z
  Time since last request: 0.0004925 seconds.
  importAddress: GUID: 1295b2f73900d49faa55b8f4392a7bef - Path: Packages/com.unity.visualscripting/Runtime/VisualScripting.Flow/Framework/Math/Vector2/Vector2Round.cs - Importer: ScriptedImporter/UnityEditor.QuickSearchModule:UnityEditor.Search:ASIAI0B
Importing 'GUID: 1295b2f73900d49faa55b8f4392a7bef - Path: Packages/com.unity.visualscripting/Runtime/VisualScripting.Flow/Framework/Math/Vector2/Vector2Round.cs - Importer: ScriptedImporter/UnityEditor.QuickSearchModule:UnityEditor.Search:ASIAI0B' with importer (ScriptedImporter : UnityEditor.QuickSearchModule:UnityEditor.Search:ASIAI0B)
Imported 'GUID: 1295b2f73900d49faa55b8f4392a7bef' -> (Import Result ID: '84c0947ac5786cc46472215fa4139b04') in 0.005 seconds [static and dynamic dependencies]. Details - ImportResultOutputID=5de89e4bb341243fc8e9a9396ff57bee DependenciesID=336a927f54e5ccb4cba345f36dce186c StaticDependenciesID=77e1b7a98e072d02314da1e02f4765c0 
Number of updated asset objects reloaded before import = 0
Number of asset objects unloaded after import = 0
========================================================================
Received Import Request.
  Time of request: 2026-06-22T05:06:17.6899305Z
  Time since last request: 0.0007944 seconds.
  importAddress: GUID: 2773b1278094c421baea92a3238c8231 - Path: Packages/com.unity.visualscripting/Runtime/VisualScripting.Flow/Framework/Math/Vector2/Vector2Maximum.cs - Importer: ScriptedImporter/UnityEditor.QuickSearchModule:UnityEditor.Search:ASIAI0B
Importing 'GUID: 2773b1278094c421baea92a3238c8231 - Path: Packages/com.unity.visualscripting/Runtime/VisualScripting.Flow/Framework/Math/Vector2/Vector2Maximum.cs - Importer: ScriptedImporter/UnityEditor.QuickSearchModule:UnityEditor.Search:ASIAI0B' with importer (ScriptedImporter : UnityEditor.QuickSearchModule:UnityEditor.Search:ASIAI0B)
Imported 'GUID: 2773b1278094c421baea92a3238c8231' -> (Import Result ID: '8b4a4b779fa6049533ce8fca4285be37') in 0.005 seconds [static and dynamic dependencies]. Details - ImportResultOutputID=e3df1a859410ca2aa298781b6c002afc DependenciesID=68fbf07d8358510eb2730c7c359c30cb StaticDependenciesID=73dba37f152ba7d2e5f061a213d9cf0c 
Number of updated asset objects reloaded before import = 0
Number of asset objects unloaded after import = 0
========================================================================
Received Import Request.
  Time of request: 2026-06-22T05:06:17.6956465Z
  Time since last request: 0.0004809 seconds.
  importAddress: GUID: 0477178b781c14585ab8bdf5de793c55 - Path: Packages/com.unity.visualscripting/Runtime/VisualScripting.Flow/Framework/Math/Vector3/Vector3Angle.cs - Importer: ScriptedImporter/UnityEditor.QuickSearchModule:UnityEditor.Search:ASIAI0B
Importing 'GUID: 0477178b781c14585ab8bdf5de793c55 - Path: Packages/com.unity.visualscripting/Runtime/VisualScripting.Flow/Framework/Math/Vector3/Vector3Angle.cs - Importer: ScriptedImporter/UnityEditor.QuickSearchModule:UnityEditor.Search:ASIAI0B' with importer (ScriptedImporter : UnityEditor.QuickSearchModule:UnityEditor.Search:ASIAI0B)
Imported 'GUID: 0477178b781c14585ab8bdf5de793c55' -> (Import Result ID: 'e64ff1cd6ae4be847d2d9f3165e1b61d') in 0.005 seconds [static and dynamic dependencies]. Details - ImportResultOutputID=e821498d154a554bdada7690b3361b34 DependenciesID=cee2e23b92fd849ff20f4242fe718897 StaticDependenciesID=7b1fe22c2ed2a47575786ff47e63dfa7 
Number of updated asset objects reloaded before import = 0
Number of asset objects unloaded after import = 0
========================================================================
Received Import Request.
  Time of request: 2026-06-22T05:06:17.7008153Z
  Time since last request: 0.0003843 seconds.
  importAddress: GUID: 089121cc9f7ea42359753ca5889e821b - Path: Packages/com.unity.visualscripting/Runtime/VisualScripting.Flow/Framework/Math/Vector2/DeprecatedVector2Add.cs - Importer: ScriptedImporter/UnityEditor.QuickSearchModule:UnityEditor.Search:ASIAI0B
Importing 'GUID: 089121cc9f7ea42359753ca5889e821b - Path: Packages/com.unity.visualscripting/Runtime/VisualScripting.Flow/Framework/Math/Vector2/DeprecatedVector2Add.cs - Importer: ScriptedImporter/UnityEditor.QuickSearchModule:UnityEditor.Search:ASIAI0B' with importer (ScriptedImporter : UnityEditor.QuickSearchModule:UnityEditor.Search:ASIAI0B)
Imported 'GUID: 089121cc9f7ea42359753ca5889e821b' -> (Import Result ID: '923881ac725c32b0b065d871b147cc79') in 0.005 seconds [static and dynamic dependencies]. Details - ImportResultOutputID=558289a2b8375f2b3642dd5c9592f17a DependenciesID=1d6c9624a1896d1950fb7d2228be53ba StaticDependenciesID=acc5149d4273d44dcd938430f267dc9c 
Number of updated asset objects reloaded before import = 0
Number of asset objects unloaded after import = 0
========================================================================
Received Import Request.
  Time of request: 2026-06-22T05:06:17.7061562Z
  Time since last request: 0.0004857 seconds.
  importAddress: GUID: 094b4f8978345452997167b2f818dc47 - Path: Packages/com.unity.visualscripting/Runtime/VisualScripting.Flow/Framework/Math/Generic/GenericSubtract.cs - Importer: ScriptedImporter/UnityEditor.QuickSearchModule:UnityEditor.Search:ASIAI0B
Importing 'GUID: 094b4f8978345452997167b2f818dc47 - Path: Packages/com.unity.visualscripting/Runtime/VisualScripting.Flow/Framework/Math/Generic/GenericSubtract.cs - Importer: ScriptedImporter/UnityEditor.QuickSearchModule:UnityEditor.Search:ASIAI0B' with importer (ScriptedImporter : UnityEditor.QuickSearchModule:UnityEditor.Search:ASIAI0B)
Imported 'GUID: 094b4f8978345452997167b2f818dc47' -> (Import Result ID: '0599ef9a8a7fdc346d12de07885f1224') in 0.005 seconds [static and dynamic dependencies]. Details - ImportResultOutputID=361a2520e7f70ba4c6ffc51009a0637d DependenciesID=e66bb972dd0dc1b4d399d475328cce41 StaticDependenciesID=b95a33f608dd1f3f9b005bf32f5fbae5 
Number of updated asset objects reloaded before import = 0
Number of asset objects unloaded after import = 0
========================================================================
Received Import Request.
  Time of request: 2026-06-22T05:06:17.7119783Z
  Time since last request: 0.0006942 seconds.
  importAddress: GUID: 44c4f5c49116c489886368eacb8af0da - Path: Packages/com.unity.visualscripting/Runtime/VisualScripting.Flow/Framework/Math/Vector3/Vector3CrossProduct.cs - Importer: ScriptedImporter/UnityEditor.QuickSearchModule:UnityEditor.Search:ASIAI0B
Importing 'GUID: 44c4f5c49116c489886368eacb8af0da - Path: Packages/com.unity.visualscripting/Runtime/VisualScripting.Flow/Framework/Math/Vector3/Vector3CrossProduct.cs - Importer: ScriptedImporter/UnityEditor.QuickSearchModule:UnityEditor.Search:ASIAI0B' with importer (ScriptedImporter : UnityEditor.QuickSearchModule:UnityEditor.Search:ASIAI0B)
Imported 'GUID: 44c4f5c49116c489886368eacb8af0da' -> (Import Result ID: 'de5da299c19a628e03d3ddded51b2c78') in 0.006 seconds [static and dynamic dependencies]. Details - ImportResultOutputID=6d71310cc82ef38434a6a797976eded5 DependenciesID=e5bb847c37fd6aef76c41cc4b4aa0b79 StaticDependenciesID=972ab286a52be8c0c953cd98020d6539 
Number of updated asset objects reloaded before import = 0
Number of asset objects unloaded after import = 0
========================================================================
Received Import Request.
  Time of request: 2026-06-22T05:06:17.7186341Z
  Time since last request: 0.0007377 seconds.
  importAddress: GUID: 4aeeb284134244e73b9258e584a23da4 - Path: Packages/com.unity.visualscripting/Runtime/VisualScripting.Flow/Framework/Math/Vector2/Vector2Divide.cs - Importer: ScriptedImporter/UnityEditor.QuickSearchModule:UnityEditor.Search:ASIAI0B
Importing 'GUID: 4aeeb284134244e73b9258e584a23da4 - Path: Packages/com.unity.visualscripting/Runtime/VisualScripting.Flow/Framework/Math/Vector2/Vector2Divide.cs - Importer: ScriptedImporter/UnityEditor.QuickSearchModule:UnityEditor.Search:ASIAI0B' with importer (ScriptedImporter : UnityEditor.QuickSearchModule:UnityEditor.Search:ASIAI0B)
Imported 'GUID: 4aeeb284134244e73b9258e584a23da4' -> (Import Result ID: '6996569a980085c0905d3614b269dee1') in 0.006 seconds [static and dynamic dependencies]. Details - ImportResultOutputID=988641fe0eaf00c45082d494d587da95 DependenciesID=c32d8658c253486a0b8676cff1d24e03 StaticDependenciesID=2d694fde45b6051fcfc66ab7bf6a7e9e 
Number of updated asset objects reloaded before import = 0
Number of asset objects unloaded after import = 0
========================================================================
Received Import Request.
  Time of request: 2026-06-22T05:06:17.7338939Z
  Time since last request: 0.0088907 seconds.
  importAddress: GUID: 7f819e9b71fcc40da8cab6328e655887 - Path: Packages/com.unity.visualscripting/Runtime/VisualScripting.Core/Dependencies/FullSerializer/Converters/Unity/Rect_DirectConverter.cs - Importer: ScriptedImporter/UnityEditor.QuickSearchModule:UnityEditor.Search:ASIAI0B
Importing 'GUID: 7f819e9b71fcc40da8cab6328e655887 - Path: Packages/com.unity.visualscripting/Runtime/VisualScripting.Core/Dependencies/FullSerializer/Converters/Unity/Rect_DirectConverter.cs - Importer: ScriptedImporter/UnityEditor.QuickSearchModule:UnityEditor.Search:ASIAI0B' with importer (ScriptedImporter : UnityEditor.QuickSearchModule:UnityEditor.Search:ASIAI0B)
Imported 'GUID: 7f819e9b71fcc40da8cab6328e655887' -> (Import Result ID: '8f610c86b4e9f9028d7501bf9ccb471c') in 0.006 seconds [static and dynamic dependencies]. Details - ImportResultOutputID=e7819ae10f7f047fd28960d8d2e426a0 DependenciesID=47d3948d877765d34fb63b52726e1901 StaticDependenciesID=722bfd9bbfe37f61e6d179449a4fea70 
Number of updated asset objects reloaded before import = 0
Number of asset objects unloaded after import = 0
========================================================================
Received Import Request.
  Time of request: 2026-06-22T05:06:17.7414678Z
  Time since last request: 0.0011797 seconds.
  importAddress: GUID: 7bf26d8b29910457897a2d640f71bac2 - Path: Packages/com.unity.visualscripting/Runtime/VisualScripting.Flow/Framework/Math/Vector4/Vector4Maximum.cs - Importer: ScriptedImporter/UnityEditor.QuickSearchModule:UnityEditor.Search:ASIAI0B
Importing 'GUID: 7bf26d8b29910457897a2d640f71bac2 - Path: Packages/com.unity.visualscripting/Runtime/VisualScripting.Flow/Framework/Math/Vector4/Vector4Maximum.cs - Importer: ScriptedImporter/UnityEditor.QuickSearchModule:UnityEditor.Search:ASIAI0B' with importer (ScriptedImporter : UnityEditor.QuickSearchModule:UnityEditor.Search:ASIAI0B)
Imported 'GUID: 7bf26d8b29910457897a2d640f71bac2' -> (Import Result ID: '7efee182cc8309a236a2694c6fcaa286') in 0.005 seconds [static and dynamic dependencies]. Details - ImportResultOutputID=d1597344a0a857bca78c8eccab8318eb DependenciesID=3e5a00e8b4c7c3431accf869d55b7edf StaticDependenciesID=b9721d29e70d5332756dabf8c6056d55 
Number of updated asset objects reloaded before import = 0
Number of asset objects unloaded after import = 0
========================================================================
Received Import Request.
  Time of request: 2026-06-22T05:06:17.7469926Z
  Time since last request: 0.0005773 seconds.
  importAddress: GUID: 174f315b4bc7c4f36806d210235d06f3 - Path: Packages/com.unity.visualscripting/Runtime/VisualScripting.Flow/Framework/Variables/Obsolete/IsGraphVariableDefined.cs - Importer: ScriptedImporter/UnityEditor.QuickSearchModule:UnityEditor.Search:ASIAI0B
Importing 'GUID: 174f315b4bc7c4f36806d210235d06f3 - Path: Packages/com.unity.visualscripting/Runtime/VisualScripting.Flow/Framework/Variables/Obsolete/IsGraphVariableDefined.cs - Importer: ScriptedImporter/UnityEditor.QuickSearchModule:UnityEditor.Search:ASIAI0B' with importer (ScriptedImporter : UnityEditor.QuickSearchModule:UnityEditor.Search:ASIAI0B)
Imported 'GUID: 174f315b4bc7c4f36806d210235d06f3' -> (Import Result ID: 'e060b23010d7d96bbadec0f98d625c4f') in 0.005 seconds [static and dynamic dependencies]. Details - ImportResultOutputID=fa810fb7e2b556c50abc56eb3fb67298 DependenciesID=76bf2e9d33efb16d6d9da4cd0a4a0e66 StaticDependenciesID=b8ac4a725cfab773c5259168de34ba69 
Number of updated asset objects reloaded before import = 0
Number of asset objects unloaded after import = 0
========================================================================
Received Import Request.
  Time of request: 2026-06-22T05:06:17.7533154Z
  Time since last request: 0.0007386 seconds.
  importAddress: GUID: 13ccb60195c6c460b873d505f64e58c0 - Path: Packages/com.unity.visualscripting/Runtime/VisualScripting.Flow/Framework/Math/Vector4/Vector4Sum.cs - Importer: ScriptedImporter/UnityEditor.QuickSearchModule:UnityEditor.Search:ASIAI0B
Importing 'GUID: 13ccb60195c6c460b873d505f64e58c0 - Path: Packages/com.unity.visualscripting/Runtime/VisualScripting.Flow/Framework/Math/Vector4/Vector4Sum.cs - Importer: ScriptedImporter/UnityEditor.QuickSearchModule:UnityEditor.Search:ASIAI0B' with importer (ScriptedImporter : UnityEditor.QuickSearchModule:UnityEditor.Search:ASIAI0B)
Imported 'GUID: 13ccb60195c6c460b873d505f64e58c0' -> (Import Result ID: '47f2a6e7d60107d62fb8669a292015f5') in 0.006 seconds [static and dynamic dependencies]. Details - ImportResultOutputID=610735c89ea70b5e1ecd2297061550b5 DependenciesID=7d9cd7ff1a2d65d192ed203efe4a66af StaticDependenciesID=44ad69f08404e9672c0e87c1c29b26e5 
Number of updated asset objects reloaded before import = 0
Number of asset objects unloaded after import = 0
========================================================================
Received Import Request.
  Time of request: 2026-06-22T05:06:17.7599378Z
  Time since last request: 0.0005782 seconds.
  importAddress: GUID: c476b094afb4a486b8a9351527dd9506 - Path: Packages/com.unity.visualscripting/Runtime/VisualScripting.Flow/Framework/Variables/Obsolete/GetObjectVariable.cs - Importer: ScriptedImporter/UnityEditor.QuickSearchModule:UnityEditor.Search:ASIAI0B
Importing 'GUID: c476b094afb4a486b8a9351527dd9506 - Path: Packages/com.unity.visualscripting/Runtime/VisualScripting.Flow/Framework/Variables/Obsolete/GetObjectVariable.cs - Importer: ScriptedImporter/UnityEditor.QuickSearchModule:UnityEditor.Search:ASIAI0B' with importer (ScriptedImporter : UnityEditor.QuickSearchModule:UnityEditor.Search:ASIAI0B)
Imported 'GUID: c476b094afb4a486b8a9351527dd9506' -> (Import Result ID: '559b734957d5128c683179e743dc91c4') in 0.004 seconds [static and dynamic dependencies]. Details - ImportResultOutputID=f9d4175a8c68021d22e942cea1535864 DependenciesID=63d86a26e3e047fff6cbbbb58b29815e StaticDependenciesID=56ed6b8d939309f405cc443f1f97f528 
Number of updated asset objects reloaded before import = 0
Number of asset objects unloaded after import = 0
========================================================================
Received Import Request.
  Time of request: 2026-06-22T05:06:17.7644097Z
  Time since last request: 0.0003663 seconds.
  importAddress: GUID: 199c31d6f4c504929b9b2db6bd0e6fc6 - Path: Packages/com.unity.visualscripting/Runtime/VisualScripting.Flow/Framework/Variables/Obsolete/ISavedVariableUnit.cs - Importer: ScriptedImporter/UnityEditor.QuickSearchModule:UnityEditor.Search:ASIAI0B
Importing 'GUID: 199c31d6f4c504929b9b2db6bd0e6fc6 - Path: Packages/com.unity.visualscripting/Runtime/VisualScripting.Flow/Framework/Variables/Obsolete/ISavedVariableUnit.cs - Importer: ScriptedImporter/UnityEditor.QuickSearchModule:UnityEditor.Search:ASIAI0B' with importer (ScriptedImporter : UnityEditor.QuickSearchModule:UnityEditor.Search:ASIAI0B)
Imported 'GUID: 199c31d6f4c504929b9b2db6bd0e6fc6' -> (Import Result ID: '343f008bcb0feea7d9c13e865866a280') in 0.004 seconds [static and dynamic dependencies]. Details - ImportResultOutputID=aecc32611d01a26e0efa499747b1f423 DependenciesID=11e77db16aaa4e751308f26e3f337bd2 StaticDependenciesID=5ee0fb0da8f983bf1992a0f85bb04ea3 
Number of updated asset objects reloaded before import = 0
Number of asset objects unloaded after import = 0
========================================================================
Received Import Request.
  Time of request: 2026-06-22T05:06:17.7695995Z
  Time since last request: 0.000489 seconds.
  importAddress: GUID: 0f845efaf9d7b40589c25fcd49898bce - Path: Packages/com.unity.visualscripting/Runtime/VisualScripting.Flow/Framework/Math/Vector4/Vector4Divide.cs - Importer: ScriptedImporter/UnityEditor.QuickSearchModule:UnityEditor.Search:ASIAI0B
Importing 'GUID: 0f845efaf9d7b40589c25fcd49898bce - Path: Packages/com.unity.visualscripting/Runtime/VisualScripting.Flow/Framework/Math/Vector4/Vector4Divide.cs - Importer: ScriptedImporter/UnityEditor.QuickSearchModule:UnityEditor.Search:ASIAI0B' with importer (ScriptedImporter : UnityEditor.QuickSearchModule:UnityEditor.Search:ASIAI0B)
Imported 'GUID: 0f845efaf9d7b40589c25fcd49898bce' -> (Import Result ID: '0a82ab3e4a068d34cb21d506e022d709') in 0.005 seconds [static and dynamic dependencies]. Details - ImportResultOutputID=a3089ffd7e051c40c75311fcfd48b4a6 DependenciesID=104bdb14ae8337a6b7ef44a7b9579177 StaticDependenciesID=18e3d4b1eb7845019930b0b5a5a8e315 
Number of updated asset objects reloaded before import = 0
Number of asset objects unloaded after import = 0
========================================================================
Received Import Request.
  Time of request: 2026-06-22T05:06:17.7747646Z
  Time since last request: 0.0003424 seconds.
  importAddress: GUID: d3b511699db3543da9f36148351d5ed0 - Path: Packages/com.unity.visualscripting/Runtime/VisualScripting.Core/Dependencies/FullSerializer/Converters/Unity/Keyframe_DirectConverter.cs - Importer: ScriptedImporter/UnityEditor.QuickSearchModule:UnityEditor.Search:ASIAI0B
Importing 'GUID: d3b511699db3543da9f36148351d5ed0 - Path: Packages/com.unity.visualscripting/Runtime/VisualScripting.Core/Dependencies/FullSerializer/Converters/Unity/Keyframe_DirectConverter.cs - Importer: ScriptedImporter/UnityEditor.QuickSearchModule:UnityEditor.Search:ASIAI0B' with importer (ScriptedImporter : UnityEditor.QuickSearchModule:UnityEditor.Search:ASIAI0B)
Imported 'GUID: d3b511699db3543da9f36148351d5ed0' -> (Import Result ID: '2273bf75a6e08507f65ba93765951d3a') in 0.004 seconds [static and dynamic dependencies]. Details - ImportResultOutputID=7c04df2b04995a6bccbbe44f3b7d7c32 DependenciesID=eb162a0d6520c7dfdb5532488346c132 StaticDependenciesID=0e51297654372ee086f8d62e0b5e1cb2 
Number of updated asset objects reloaded before import = 0
Number of asset objects unloaded after import = 0
========================================================================
Received Import Request.
  Time of request: 2026-06-22T05:06:17.7797418Z
  Time since last request: 0.0004347 seconds.
  importAddress: GUID: ff70b9856e27b4278b96c17a9e977619 - Path: Packages/com.unity.visualscripting/Runtime/VisualScripting.Flow/Framework/Math/Vector4/Vector4Subtract.cs - Importer: ScriptedImporter/UnityEditor.QuickSearchModule:UnityEditor.Search:ASIAI0B
Importing 'GUID: ff70b9856e27b4278b96c17a9e977619 - Path: Packages/com.unity.visualscripting/Runtime/VisualScripting.Flow/Framework/Math/Vector4/Vector4Subtract.cs - Importer: ScriptedImporter/UnityEditor.QuickSearchModule:UnityEditor.Search:ASIAI0B' with importer (ScriptedImporter : UnityEditor.QuickSearchModule:UnityEditor.Search:ASIAI0B)
Imported 'GUID: ff70b9856e27b4278b96c17a9e977619' -> (Import Result ID: 'f6870f90740c76d964b97eb52db2949d') in 0.005 seconds [static and dynamic dependencies]. Details - ImportResultOutputID=a39b731c3deeb381ea5588c552541618 DependenciesID=968127a7a37a3f1275db332f0b4ae80a StaticDependenciesID=562bef7f703c8aeb298689d7336f85d1 
Number of updated asset objects reloaded before import = 0
Number of asset objects unloaded after import = 0
========================================================================
Received Import Request.
  Time of request: 2026-06-22T05:06:17.7853231Z
  Time since last request: 0.0005053 seconds.
  importAddress: GUID: df00c99de947d4266aad40a0136a1034 - Path: Packages/com.unity.visualscripting/Runtime/VisualScripting.Flow/Framework/Math/Vector4/Vector4PerSecond.cs - Importer: ScriptedImporter/UnityEditor.QuickSearchModule:UnityEditor.Search:ASIAI0B
Importing 'GUID: df00c99de947d4266aad40a0136a1034 - Path: Packages/com.unity.visualscripting/Runtime/VisualScripting.Flow/Framework/Math/Vector4/Vector4PerSecond.cs - Importer: ScriptedImporter/UnityEditor.QuickSearchModule:UnityEditor.Search:ASIAI0B' with importer (ScriptedImporter : UnityEditor.QuickSearchModule:UnityEditor.Search:ASIAI0B)
Imported 'GUID: df00c99de947d4266aad40a0136a1034' -> (Import Result ID: 'e751218127c2f3158bd357ed0730e46f') in 0.005 seconds [static and dynamic dependencies]. Details - ImportResultOutputID=7c577ee4726cefddb29ede3be8f95bb8 DependenciesID=cf2a742c7b76845ae78386de69319e92 StaticDependenciesID=aa7c4146c10f7d6582ac716d15da3a3d 
Number of updated asset objects reloaded before import = 0
Number of asset objects unloaded after import = 0
========================================================================
Received Import Request.
  Time of request: 2026-06-22T05:06:17.7905806Z
  Time since last request: 0.0004203 seconds.
  importAddress: GUID: e5e1f94b4e224941bec175143967961f - Path: Packages/com.unity.feature.development/package.json - Importer: ScriptedImporter/UnityEditor.QuickSearchModule:UnityEditor.Search:ASIAI0B
Importing 'GUID: e5e1f94b4e224941bec175143967961f - Path: Packages/com.unity.feature.development/package.json - Importer: ScriptedImporter/UnityEditor.QuickSearchModule:UnityEditor.Search:ASIAI0B' with importer (ScriptedImporter : UnityEditor.QuickSearchModule:UnityEditor.Search:ASIAI0B)
Imported 'GUID: e5e1f94b4e224941bec175143967961f' -> (Import Result ID: '3340c5bfe59645698773ef4189d5b88c') in 0.004 seconds [static and dynamic dependencies]. Details - ImportResultOutputID=4bc38fd645120f5684a75e1b8870c4be DependenciesID=7b557b9a82053d3e0ade28486de32c2a StaticDependenciesID=06f5e5f1e476310f28a1b965d2b94ff4 
Number of updated asset objects reloaded before import = 0
Number of asset objects unloaded after import = 1
========================================================================
Received Import Request.
  Time of request: 2026-06-22T05:06:17.7953629Z
  Time since last request: 0.0003383 seconds.
  importAddress: GUID: 87d4a5472eeb90c42adb81dd8a4f18dd - Path: Packages/com.unity.visualscripting/Runtime/VisualScripting.Core/Dependencies/FullSerializer/Converters/Unity/InputAction_DirectConverter.cs - Importer: ScriptedImporter/UnityEditor.QuickSearchModule:UnityEditor.Search:ASIAI0B
Importing 'GUID: 87d4a5472eeb90c42adb81dd8a4f18dd - Path: Packages/com.unity.visualscripting/Runtime/VisualScripting.Core/Dependencies/FullSerializer/Converters/Unity/InputAction_DirectConverter.cs - Importer: ScriptedImporter/UnityEditor.QuickSearchModule:UnityEditor.Search:ASIAI0B' with importer (ScriptedImporter : UnityEditor.QuickSearchModule:UnityEditor.Search:ASIAI0B)
Imported 'GUID: 87d4a5472eeb90c42adb81dd8a4f18dd' -> (Import Result ID: '8947333e8ddb6884ff48fee01eeb25c6') in 0.004 seconds [static and dynamic dependencies]. Details - ImportResultOutputID=187843b1ef9ebaae9e723f89cda28a9e DependenciesID=92a460bd8d8837d206ec0b72b1c61be7 StaticDependenciesID=57ab0c56614e5ef2041d86b2269c6567 
Number of updated asset objects reloaded before import = 0
Number of asset objects unloaded after import = 0
========================================================================
Received Import Request.
  Time of request: 2026-06-22T05:06:17.8002618Z
  Time since last request: 0.0004123 seconds.
  importAddress: GUID: 0949a6b19cebf4a8aad4cd2bb80207e0 - Path: Packages/com.unity.visualscripting/Runtime/VisualScripting.Flow/Framework/Math/Vector3/Vector3PerSecond.cs - Importer: ScriptedImporter/UnityEditor.QuickSearchModule:UnityEditor.Search:ASIAI0B
Importing 'GUID: 0949a6b19cebf4a8aad4cd2bb80207e0 - Path: Packages/com.unity.visualscripting/Runtime/VisualScripting.Flow/Framework/Math/Vector3/Vector3PerSecond.cs - Importer: ScriptedImporter/UnityEditor.QuickSearchModule:UnityEditor.Search:ASIAI0B' with importer (ScriptedImporter : UnityEditor.QuickSearchModule:UnityEditor.Search:ASIAI0B)
Imported 'GUID: 0949a6b19cebf4a8aad4cd2bb80207e0' -> (Import Result ID: '733cf38a2b3f516f6cee9df3d21fbf7a') in 0.005 seconds [static and dynamic dependencies]. Details - ImportResultOutputID=e6d639c113dd2befde58daf768e67593 DependenciesID=d58aeecfde47a43f841670e4a0aabfd9 StaticDependenciesID=50b10de02d9f8d5930e6fe916b5266b3 
Number of updated asset objects reloaded before import = 0
Number of asset objects unloaded after import = 0
========================================================================
Received Import Request.
  Time of request: 2026-06-22T05:06:17.8201283Z
  Time since last request: 0.0150682 seconds.
  importAddress: GUID: bf22284ca28e7ef4490033b61e9b52cd - Path: Packages/com.unity.timeline/Editor/Animation/AnimationClipActions.cs - Importer: ScriptedImporter/UnityEditor.QuickSearchModule:UnityEditor.Search:ASIAI0B
Importing 'GUID: bf22284ca28e7ef4490033b61e9b52cd - Path: Packages/com.unity.timeline/Editor/Animation/AnimationClipActions.cs - Importer: ScriptedImporter/UnityEditor.QuickSearchModule:UnityEditor.Search:ASIAI0B' with importer (ScriptedImporter : UnityEditor.QuickSearchModule:UnityEditor.Search:ASIAI0B)
Imported 'GUID: bf22284ca28e7ef4490033b61e9b52cd' -> (Import Result ID: '0734b7c4954bc5399ae8c1f0cdc41bf0') in 0.004 seconds [static and dynamic dependencies]. Details - ImportResultOutputID=9264d88b5ecb621a958195cac2eb7966 DependenciesID=c877231c712a9bcd9f07c9b353396613 StaticDependenciesID=64cba9b080e2bfa089b642681a95eee5 
Number of updated asset objects reloaded before import = 0
Number of asset objects unloaded after import = 0
========================================================================
Received Import Request.
  Time of request: 2026-06-22T05:06:17.8254263Z
  Time since last request: 0.0010054 seconds.
  importAddress: GUID: c46b007a3762fc84cb1ee7ca30060f0b - Path: Packages/com.unity.timeline/Editor/Activation/ActivationTrackInspector.cs - Importer: ScriptedImporter/UnityEditor.QuickSearchModule:UnityEditor.Search:ASIAI0B
Importing 'GUID: c46b007a3762fc84cb1ee7ca30060f0b - Path: Packages/com.unity.timeline/Editor/Activation/ActivationTrackInspector.cs - Importer: ScriptedImporter/UnityEditor.QuickSearchModule:UnityEditor.Search:ASIAI0B' with importer (ScriptedImporter : UnityEditor.QuickSearchModule:UnityEditor.Search:ASIAI0B)
Imported 'GUID: c46b007a3762fc84cb1ee7ca30060f0b' -> (Import Result ID: '80d8d86886eec2dd76bca8aa12571e9b') in 0.003 seconds [static and dynamic dependencies]. Details - ImportResultOutputID=9536dfd0777834786beeae8b337bd918 DependenciesID=c1623ef8757a4223eba0be5e41dd2b0b StaticDependenciesID=bb8e3dba9c61ea71c6b63d069e6ce4dc 
Number of updated asset objects reloaded before import = 0
Number of asset objects unloaded after import = 0
========================================================================
Received Import Request.
  Time of request: 2026-06-22T05:06:17.8293324Z
  Time since last request: 0.0004367 seconds.
  importAddress: GUID: de11c48878ba1b44b8b641af54dba8c1 - Path: Packages/com.unity.timeline/Editor/Actions/IAction.cs - Importer: ScriptedImporter/UnityEditor.QuickSearchModule:UnityEditor.Search:ASIAI0B
Importing 'GUID: de11c48878ba1b44b8b641af54dba8c1 - Path: Packages/com.unity.timeline/Editor/Actions/IAction.cs - Importer: ScriptedImporter/UnityEditor.QuickSearchModule:UnityEditor.Search:ASIAI0B' with importer (ScriptedImporter : UnityEditor.QuickSearchModule:UnityEditor.Search:ASIAI0B)
Imported 'GUID: de11c48878ba1b44b8b641af54dba8c1' -> (Import Result ID: 'f2611f73437ea6e3a519072774f2f22e') in 0.005 seconds [static and dynamic dependencies]. Details - ImportResultOutputID=b271f79b8930f0fddefa44a07bf7a6f0 DependenciesID=4e73dbcd47f16be73fdc3946c77d966c StaticDependenciesID=08dd3c870f6547d1bab9cd9f707ffe82 
Number of updated asset objects reloaded before import = 0
Number of asset objects unloaded after import = 0
========================================================================
Received Import Request.
  Time of request: 2026-06-22T05:06:17.8346506Z
  Time since last request: 0.0004282 seconds.
  importAddress: GUID: fda82b5ca7a4c5f40b497c4f5f4bd950 - Path: Packages/com.unity.timeline/Editor/Actions/TrackActions.cs - Importer: ScriptedImporter/UnityEditor.QuickSearchModule:UnityEditor.Search:ASIAI0B
Importing 'GUID: fda82b5ca7a4c5f40b497c4f5f4bd950 - Path: Packages/com.unity.timeline/Editor/Actions/TrackActions.cs - Importer: ScriptedImporter/UnityEditor.QuickSearchModule:UnityEditor.Search:ASIAI0B' with importer (ScriptedImporter : UnityEditor.QuickSearchModule:UnityEditor.Search:ASIAI0B)
Imported 'GUID: fda82b5ca7a4c5f40b497c4f5f4bd950' -> (Import Result ID: 'f0b853d9b27ab830c980eed0099eff0d') in 0.004 seconds [static and dynamic dependencies]. Details - ImportResultOutputID=9e22f83c87e9133b55769f203ddefad2 DependenciesID=cd4ac5ad1281c01c6b6e52cd5e240989 StaticDependenciesID=baca60c2949d43788716662958bb5762 
Number of updated asset objects reloaded before import = 0
Number of asset objects unloaded after import = 0
========================================================================
Received Import Request.
  Time of request: 2026-06-22T05:06:17.8392398Z
  Time since last request: 0.0004428 seconds.
  importAddress: GUID: 02f771204943f4a40949438e873e3eff - Path: Packages/com.unity.timeline/Editor/Unity.Timeline.Editor.asmdef - Importer: ScriptedImporter/UnityEditor.QuickSearchModule:UnityEditor.Search:ASIAI0B
Importing 'GUID: 02f771204943f4a40949438e873e3eff - Path: Packages/com.unity.timeline/Editor/Unity.Timeline.Editor.asmdef - Importer: ScriptedImporter/UnityEditor.QuickSearchModule:UnityEditor.Search:ASIAI0B' with importer (ScriptedImporter : UnityEditor.QuickSearchModule:UnityEditor.Search:ASIAI0B)
Imported 'GUID: 02f771204943f4a40949438e873e3eff' -> (Import Result ID: 'a4f2583b1cb2fbfd6f5bc5e5aae63679') in 0.008 seconds [static and dynamic dependencies]. Details - ImportResultOutputID=4d6e26e29c4f8be968e2be09ca5304fc DependenciesID=a05846c84b2b9500446d5aaec3eac93b StaticDependenciesID=5176269c8f8684e5582e07106db90e34 
Number of updated asset objects reloaded before import = 0
Number of asset objects unloaded after import = 1
========================================================================
Received Import Request.
  Time of request: 2026-06-22T05:06:17.8479267Z
  Time since last request: 0.000546 seconds.
  importAddress: GUID: 5da77d4d078922b4c8466e9e35fb3f5e - Path: Packages/com.unity.timeline/Editor/Actions/MarkerActions.cs - Importer: ScriptedImporter/UnityEditor.QuickSearchModule:UnityEditor.Search:ASIAI0B
Importing 'GUID: 5da77d4d078922b4c8466e9e35fb3f5e - Path: Packages/com.unity.timeline/Editor/Actions/MarkerActions.cs - Importer: ScriptedImporter/UnityEditor.QuickSearchModule:UnityEditor.Search:ASIAI0B' with importer (ScriptedImporter : UnityEditor.QuickSearchModule:UnityEditor.Search:ASIAI0B)
Imported 'GUID: 5da77d4d078922b4c8466e9e35fb3f5e' -> (Import Result ID: 'ea879ba4254bf559100027b411d80904') in 0.005 seconds [static and dynamic dependencies]. Details - ImportResultOutputID=1624173ebefcf81d1a0b1cc51f11c5f0 DependenciesID=032fac9a9b4dbcc111fe4b2651d81f64 StaticDependenciesID=e5986137f656c3dd613eea8337232ff7 
Number of updated asset objects reloaded before import = 0
Number of asset objects unloaded after import = 0
========================================================================
Received Import Request.
  Time of request: 2026-06-22T05:06:17.8535926Z
  Time since last request: 0.0004607 seconds.
  importAddress: GUID: abd179dbd4724b4b928b9777e1deca87 - Path: Packages/com.unity.timeline/Runtime/ObjectId.cs - Importer: ScriptedImporter/UnityEditor.QuickSearchModule:UnityEditor.Search:ASIAI0B
Importing 'GUID: abd179dbd4724b4b928b9777e1deca87 - Path: Packages/com.unity.timeline/Runtime/ObjectId.cs - Importer: ScriptedImporter/UnityEditor.QuickSearchModule:UnityEditor.Search:ASIAI0B' with importer (ScriptedImporter : UnityEditor.QuickSearchModule:UnityEditor.Search:ASIAI0B)
Imported 'GUID: abd179dbd4724b4b928b9777e1deca87' -> (Import Result ID: '3e661ce720147fcc1e5213895a8fc205') in 0.004 seconds [static and dynamic dependencies]. Details - ImportResultOutputID=c721f780e6d36904d2c265e51729f4cb DependenciesID=7fbadb005d2a7b08cd11d4321e134d3c StaticDependenciesID=ae1b03df83e19a78c982aba88ad3383f 
Number of updated asset objects reloaded before import = 0
Number of asset objects unloaded after import = 0
========================================================================
Received Import Request.
  Time of request: 2026-06-22T05:06:17.8587865Z
  Time since last request: 0.0004439 seconds.
  importAddress: GUID: eb95e19e2b194be89dd90d8532f0ad89 - Path: Packages/com.unity.timeline/Editor/ObjectIdExtension.cs - Importer: ScriptedImporter/UnityEditor.QuickSearchModule:UnityEditor.Search:ASIAI0B
Importing 'GUID: eb95e19e2b194be89dd90d8532f0ad89 - Path: Packages/com.unity.timeline/Editor/ObjectIdExtension.cs - Importer: ScriptedImporter/UnityEditor.QuickSearchModule:UnityEditor.Search:ASIAI0B' with importer (ScriptedImporter : UnityEditor.QuickSearchModule:UnityEditor.Search:ASIAI0B)
Imported 'GUID: eb95e19e2b194be89dd90d8532f0ad89' -> (Import Result ID: 'f9a6857f1b983e610d889e25a949cf67') in 0.005 seconds [static and dynamic dependencies]. Details - ImportResultOutputID=c13e5472f746eea2dff3b6ee85d5fd30 DependenciesID=31779a4cdc620aebb06efc1239ef070b StaticDependenciesID=ed5c73622bcdb3971cf6306f5cc3062f 
Number of updated asset objects reloaded before import = 0
Number of asset objects unloaded after import = 0
========================================================================
Received Import Request.
  Time of request: 2026-06-22T05:06:17.8650473Z
  Time since last request: 0.0005192 seconds.
  importAddress: GUID: 4a0757ee0236f39489520769ae710288 - Path: Packages/com.unity.timeline/CHANGELOG.md - Importer: ScriptedImporter/UnityEditor.QuickSearchModule:UnityEditor.Search:ASIAI0B
Importing 'GUID: 4a0757ee0236f39489520769ae710288 - Path: Packages/com.unity.timeline/CHANGELOG.md - Importer: ScriptedImporter/UnityEditor.QuickSearchModule:UnityEditor.Search:ASIAI0B' with importer (ScriptedImporter : UnityEditor.QuickSearchModule:UnityEditor.Search:ASIAI0B)
Imported 'GUID: 4a0757ee0236f39489520769ae710288' -> (Import Result ID: 'eaf2b18253ff7e111557286e5cd67e4e') in 0.005 seconds [static and dynamic dependencies]. Details - ImportResultOutputID=f746cf0315e7367eddb7aa23bfb890fd DependenciesID=24c1cddd2c4d0952b1b3cbe8146a4b2b StaticDependenciesID=88f87a95fbfaff34e60317500411dd81 
Number of updated asset objects reloaded before import = 0
Number of asset objects unloaded after import = 1
========================================================================
Received Import Request.
  Time of request: 2026-06-22T05:06:17.8711191Z
  Time since last request: 0.0005144 seconds.
  importAddress: GUID: 5e79d50dea5c9c74d9297cce6cd6d053 - Path: Packages/com.unity.timeline/Editor/Actions/ActionContext.cs - Importer: ScriptedImporter/UnityEditor.QuickSearchModule:UnityEditor.Search:ASIAI0B
Importing 'GUID: 5e79d50dea5c9c74d9297cce6cd6d053 - Path: Packages/com.unity.timeline/Editor/Actions/ActionContext.cs - Importer: ScriptedImporter/UnityEditor.QuickSearchModule:UnityEditor.Search:ASIAI0B' with importer (ScriptedImporter : UnityEditor.QuickSearchModule:UnityEditor.Search:ASIAI0B)
Imported 'GUID: 5e79d50dea5c9c74d9297cce6cd6d053' -> (Import Result ID: '01e76b7896794d88fb7f3d30c2a07e03') in 0.004 seconds [static and dynamic dependencies]. Details - ImportResultOutputID=1870fd451a557809e4c20e419f5c391f DependenciesID=a087026d74041a972c943fc05e6f8083 StaticDependenciesID=fa3d348354c5ca28980cb1e2ef6239d6 
Number of updated asset objects reloaded before import = 0
Number of asset objects unloaded after import = 0
========================================================================
Received Import Request.
  Time of request: 2026-06-22T05:06:17.8763362Z
  Time since last request: 0.000445 seconds.
  importAddress: GUID: 667a99762bdf5484fbaa02573fd396e2 - Path: Packages/com.unity.timeline/Runtime/ClipCaps.cs - Importer: ScriptedImporter/UnityEditor.QuickSearchModule:UnityEditor.Search:ASIAI0B
Importing 'GUID: 667a99762bdf5484fbaa02573fd396e2 - Path: Packages/com.unity.timeline/Runtime/ClipCaps.cs - Importer: ScriptedImporter/UnityEditor.QuickSearchModule:UnityEditor.Search:ASIAI0B' with importer (ScriptedImporter : UnityEditor.QuickSearchModule:UnityEditor.Search:ASIAI0B)
Imported 'GUID: 667a99762bdf5484fbaa02573fd396e2' -> (Import Result ID: '203f98e7f37be1cb6b7e7fea1cdeb1bc') in 0.005 seconds [static and dynamic dependencies]. Details - ImportResultOutputID=8b96f7517fc95038b4267002a1815b65 DependenciesID=d749f032f3bd55eb18ce873ec4cebc5b StaticDependenciesID=1217782677c6e66dad4c0a69318f2170 
Number of updated asset objects reloaded before import = 0
Number of asset objects unloaded after import = 0
========================================================================
Received Import Request.
  Time of request: 2026-06-22T05:06:17.8816536Z
  Time since last request: 0.0003706 seconds.
  importAddress: GUID: c9f0489deaf04d0fbcbe45fd50a018f6 - Path: Packages/com.unity.timeline/DocCodeExamples/TrackAssetExamples.cs - Importer: ScriptedImporter/UnityEditor.QuickSearchModule:UnityEditor.Search:ASIAI0B
Importing 'GUID: c9f0489deaf04d0fbcbe45fd50a018f6 - Path: Packages/com.unity.timeline/DocCodeExamples/TrackAssetExamples.cs - Importer: ScriptedImporter/UnityEditor.QuickSearchModule:UnityEditor.Search:ASIAI0B' with importer (ScriptedImporter : UnityEditor.QuickSearchModule:UnityEditor.Search:ASIAI0B)
Imported 'GUID: c9f0489deaf04d0fbcbe45fd50a018f6' -> (Import Result ID: '6c374c7df47c57c7fc5dddce134dfa97') in 0.006 seconds [static and dynamic dependencies]. Details - ImportResultOutputID=0bb6c04db9e7ff1e6f12edca47f60423 DependenciesID=7dccb66a3f36aacbd4228760d1293d6e StaticDependenciesID=979858befae0e022be8ca034f1b3950f 
Number of updated asset objects reloaded before import = 0
Number of asset objects unloaded after import = 0
========================================================================
Received Import Request.
  Time of request: 2026-06-22T05:06:17.9065504Z
  Time since last request: 0.0188973 seconds.
  importAddress: GUID: 41dcdc094b311464c8d6cb614548d89b - Path: Packages/com.unity.timeline/Editor/inspectors/GroupTrackInspector.cs - Importer: ScriptedImporter/UnityEditor.QuickSearchModule:UnityEditor.Search:ASIAI0B
Importing 'GUID: 41dcdc094b311464c8d6cb614548d89b - Path: Packages/com.unity.timeline/Editor/inspectors/GroupTrackInspector.cs - Importer: ScriptedImporter/UnityEditor.QuickSearchModule:UnityEditor.Search:ASIAI0B' with importer (ScriptedImporter : UnityEditor.QuickSearchModule:UnityEditor.Search:ASIAI0B)
Imported 'GUID: 41dcdc094b311464c8d6cb614548d89b' -> (Import Result ID: '8f1f8dd71bdd1281b383bfb46ef5c392') in 0.005 seconds [static and dynamic dependencies]. Details - ImportResultOutputID=c3b352aaff5adb2301a6d385ef963a44 DependenciesID=643a64258a022e2e15b7bbdd3bdcb37f StaticDependenciesID=29167ecd1b490a7849a9399f169fa19a 
Number of updated asset objects reloaded before import = 0
Number of asset objects unloaded after import = 0
========================================================================
Received Import Request.
  Time of request: 2026-06-22T05:06:17.912367Z
  Time since last request: 0.000787 seconds.
  importAddress: GUID: ef4c81c9368d5a340b14c2fec1cad345 - Path: Packages/com.unity.timeline/Editor/Recording/TimelineRecording.cs - Importer: ScriptedImporter/UnityEditor.QuickSearchModule:UnityEditor.Search:ASIAI0B
Importing 'GUID: ef4c81c9368d5a340b14c2fec1cad345 - Path: Packages/com.unity.timeline/Editor/Recording/TimelineRecording.cs - Importer: ScriptedImporter/UnityEditor.QuickSearchModule:UnityEditor.Search:ASIAI0B' with importer (ScriptedImporter : UnityEditor.QuickSearchModule:UnityEditor.Search:ASIAI0B)
Imported 'GUID: ef4c81c9368d5a340b14c2fec1cad345' -> (Import Result ID: 'cb379e31b611becc2a470d9720e86ad9') in 0.003 seconds [static and dynamic dependencies]. Details - ImportResultOutputID=0cae9cb83b5a7ee564d87ac903b50eb3 DependenciesID=f1f695d128ef6163b947a822737939bd StaticDependenciesID=d805e71d2e8d38f90646b4e51cad0896 
Number of updated asset objects reloaded before import = 0
Number of asset objects unloaded after import = 0
========================================================================
Received Import Request.
  Time of request: 2026-06-22T05:06:17.9163424Z
  Time since last request: 0.0004564 seconds.
  importAddress: GUID: 35cb34351b19cf44ba78afbd58746610 - Path: Packages/com.unity.timeline/Editor/CustomEditors/TrackEditor.cs - Importer: ScriptedImporter/UnityEditor.QuickSearchModule:UnityEditor.Search:ASIAI0B
Importing 'GUID: 35cb34351b19cf44ba78afbd58746610 - Path: Packages/com.unity.timeline/Editor/CustomEditors/TrackEditor.cs - Importer: ScriptedImporter/UnityEditor.QuickSearchModule:UnityEditor.Search:ASIAI0B' with importer (ScriptedImporter : UnityEditor.QuickSearchModule:UnityEditor.Search:ASIAI0B)
Imported 'GUID: 35cb34351b19cf44ba78afbd58746610' -> (Import Result ID: '4ed3b272f939c6ad1bf7e939b8f25196') in 0.005 seconds [static and dynamic dependencies]. Details - ImportResultOutputID=cdbd07d03829f9453d59ae1f47b127a3 DependenciesID=ec846420acda5022792e1bd621cadccd StaticDependenciesID=45c87706013d075dab0991b96d0c3b58 
Number of updated asset objects reloaded before import = 0
Number of asset objects unloaded after import = 0
========================================================================
Received Import Request.
  Time of request: 2026-06-22T05:06:17.9218815Z
  Time since last request: 0.0005512 seconds.
  importAddress: GUID: 2537ddddebaa455409dec422eb08fd7e - Path: Packages/com.unity.timeline/Editor/CustomEditors/ClipEditor.cs - Importer: ScriptedImporter/UnityEditor.QuickSearchModule:UnityEditor.Search:ASIAI0B
Importing 'GUID: 2537ddddebaa455409dec422eb08fd7e - Path: Packages/com.unity.timeline/Editor/CustomEditors/ClipEditor.cs - Importer: ScriptedImporter/UnityEditor.QuickSearchModule:UnityEditor.Search:ASIAI0B' with importer (ScriptedImporter : UnityEditor.QuickSearchModule:UnityEditor.Search:ASIAI0B)
Imported 'GUID: 2537ddddebaa455409dec422eb08fd7e' -> (Import Result ID: '660e4cb5a1443f34e91c3ee9de4616e5') in 0.005 seconds [static and dynamic dependencies]. Details - ImportResultOutputID=2926466d88842abae25dde5a8eea424c DependenciesID=6901bfe6b6ec4a8c1b417fc4c8f46825 StaticDependenciesID=dd23ba0183c06fe531c6e459487cd1e5 
Number of updated asset objects reloaded before import = 0
Number of asset objects unloaded after import = 0
========================================================================
Received Import Request.
  Time of request: 2026-06-22T05:06:17.9274008Z
  Time since last request: 0.0006306 seconds.
  importAddress: GUID: 99c5970046bb263469514e56eb6aa519 - Path: Packages/com.unity.timeline/Editor/CustomEditors/MarkerEditor.cs - Importer: ScriptedImporter/UnityEditor.QuickSearchModule:UnityEditor.Search:ASIAI0B
Importing 'GUID: 99c5970046bb263469514e56eb6aa519 - Path: Packages/com.unity.timeline/Editor/CustomEditors/MarkerEditor.cs - Importer: ScriptedImporter/UnityEditor.QuickSearchModule:UnityEditor.Search:ASIAI0B' with importer (ScriptedImporter : UnityEditor.QuickSearchModule:UnityEditor.Search:ASIAI0B)
Imported 'GUID: 99c5970046bb263469514e56eb6aa519' -> (Import Result ID: 'dd0ba6bbe7fff2c9f01c5eea4512c275') in 0.004 seconds [static and dynamic dependencies]. Details - ImportResultOutputID=9de0849a9a9ff0fe3b26ac61d6258e03 DependenciesID=70ee658ba6e0c05513720062eb4aa616 StaticDependenciesID=874142f6ab2e4fd67e0dcdef73603ee8 
Number of updated asset objects reloaded before import = 0
Number of asset objects unloaded after import = 0
========================================================================
Received Import Request.
  Time of request: 2026-06-22T05:06:17.9323718Z
  Time since last request: 0.0007854 seconds.
  importAddress: GUID: 3387717991705ce4e8ef033a0e543a06 - Path: Packages/com.unity.timeline/Editor/inspectors/TimelineInspectorUtility.cs - Importer: ScriptedImporter/UnityEditor.QuickSearchModule:UnityEditor.Search:ASIAI0B
Importing 'GUID: 3387717991705ce4e8ef033a0e543a06 - Path: Packages/com.unity.timeline/Editor/inspectors/TimelineInspectorUtility.cs - Importer: ScriptedImporter/UnityEditor.QuickSearchModule:UnityEditor.Search:ASIAI0B' with importer (ScriptedImporter : UnityEditor.QuickSearchModule:UnityEditor.Search:ASIAI0B)
Imported 'GUID: 3387717991705ce4e8ef033a0e543a06' -> (Import Result ID: 'bd1d67af3132f054f5b8f4acc10fb88e') in 0.005 seconds [static and dynamic dependencies]. Details - ImportResultOutputID=fa949b8b40a8629b579b6daee5c4e49c DependenciesID=f4a197dcbfa9a70945f5c1f9bc974874 StaticDependenciesID=08a1ecd98f1b57466204948600f0b528 
Number of updated asset objects reloaded before import = 0
Number of asset objects unloaded after import = 0
========================================================================
Received Import Request.
  Time of request: 2026-06-22T05:06:17.9383483Z
  Time since last request: 0.0004419 seconds.
  importAddress: GUID: d49b2ed20045e034f9cdf6a6d95e6183 - Path: Packages/com.unity.timeline/Editor/Animation/ClipCurveEditor.cs - Importer: ScriptedImporter/UnityEditor.QuickSearchModule:UnityEditor.Search:ASIAI0B
Importing 'GUID: d49b2ed20045e034f9cdf6a6d95e6183 - Path: Packages/com.unity.timeline/Editor/Animation/ClipCurveEditor.cs - Importer: ScriptedImporter/UnityEditor.QuickSearchModule:UnityEditor.Search:ASIAI0B' with importer (ScriptedImporter : UnityEditor.QuickSearchModule:UnityEditor.Search:ASIAI0B)
Imported 'GUID: d49b2ed20045e034f9cdf6a6d95e6183' -> (Import Result ID: 'ce0584d5fb8f9d8a1bca5c35d14d2b40') in 0.005 seconds [static and dynamic dependencies]. Details - ImportResultOutputID=add330a70daef2704b3563d45659340e DependenciesID=d6e673977cf3bd891b4f256bfed12eff StaticDependenciesID=83070ab11bf812c014ddb4e8259c92f8 
Number of updated asset objects reloaded before import = 0
Number of asset objects unloaded after import = 0
========================================================================
Received Import Request.
  Time of request: 2026-06-22T05:06:17.9436632Z
  Time since last request: 0.0004165 seconds.
  importAddress: GUID: e6870f707805737429a719f575621041 - Path: Packages/com.unity.timeline/Editor/Attributes/MenuEntryAttribute.cs - Importer: ScriptedImporter/UnityEditor.QuickSearchModule:UnityEditor.Search:ASIAI0B
Importing 'GUID: e6870f707805737429a719f575621041 - Path: Packages/com.unity.timeline/Editor/Attributes/MenuEntryAttribute.cs - Importer: ScriptedImporter/UnityEditor.QuickSearchModule:UnityEditor.Search:ASIAI0B' with importer (ScriptedImporter : UnityEditor.QuickSearchModule:UnityEditor.Search:ASIAI0B)
Imported 'GUID: e6870f707805737429a719f575621041' -> (Import Result ID: '65e7fd0663b617774ab34fc99105aa0a') in 0.005 seconds [static and dynamic dependencies]. Details - ImportResultOutputID=9d363f9d37f17c4384501afc0bfe6a4a DependenciesID=cbd1628eca179279b56c9bb4105fe381 StaticDependenciesID=b0af71c7031b2189e7bafa03790b592d 
Number of updated asset objects reloaded before import = 0
Number of asset objects unloaded after import = 0
========================================================================
Received Import Request.
  Time of request: 2026-06-22T05:06:17.9497735Z
  Time since last request: 0.0005043 seconds.
  importAddress: GUID: b8c3bda3a988b5f4c910a5c3f722d0be - Path: Packages/com.unity.timeline/Editor/Manipulators/TimelineClipGroup.cs - Importer: ScriptedImporter/UnityEditor.QuickSearchModule:UnityEditor.Search:ASIAI0B
Importing 'GUID: b8c3bda3a988b5f4c910a5c3f722d0be - Path: Packages/com.unity.timeline/Editor/Manipulators/TimelineClipGroup.cs - Importer: ScriptedImporter/UnityEditor.QuickSearchModule:UnityEditor.Search:ASIAI0B' with importer (ScriptedImporter : UnityEditor.QuickSearchModule:UnityEditor.Search:ASIAI0B)
Imported 'GUID: b8c3bda3a988b5f4c910a5c3f722d0be' -> (Import Result ID: '637ed84283053b96ee04e9b55a694776') in 0.005 seconds [static and dynamic dependencies]. Details - ImportResultOutputID=594687ce85983e6ff8ee8c5b978ace36 DependenciesID=50193f6f6d65c67e41664a19a9351538 StaticDependenciesID=a1216623e7906d41918c890d094d387e 
Number of updated asset objects reloaded before import = 0
Number of asset objects unloaded after import = 0
========================================================================
Received Import Request.
  Time of request: 2026-06-22T05:06:17.9552571Z
  Time since last request: 0.0005176 seconds.
  importAddress: GUID: 5b6cac4a98010394791c66942a33caf4 - Path: Packages/com.unity.timeline/Editor/Audio/AudioClipPropertiesDrawer.cs - Importer: ScriptedImporter/UnityEditor.QuickSearchModule:UnityEditor.Search:ASIAI0B
Importing 'GUID: 5b6cac4a98010394791c66942a33caf4 - Path: Packages/com.unity.timeline/Editor/Audio/AudioClipPropertiesDrawer.cs - Importer: ScriptedImporter/UnityEditor.QuickSearchModule:UnityEditor.Search:ASIAI0B' with importer (ScriptedImporter : UnityEditor.QuickSearchModule:UnityEditor.Search:ASIAI0B)
Imported 'GUID: 5b6cac4a98010394791c66942a33caf4' -> (Import Result ID: 'e3d1a18766dcc6395cc12285bd95f765') in 0.006 seconds [static and dynamic dependencies]. Details - ImportResultOutputID=fc85d687350abda10336a108e24ef0bb DependenciesID=89a85bdb473c5af08ef586d5300fb589 StaticDependenciesID=efb2b189f8ec36e1375523abae0a4d93 
Number of updated asset objects reloaded before import = 0
Number of asset objects unloaded after import = 0
========================================================================
Received Import Request.
  Time of request: 2026-06-22T05:06:17.9618833Z
  Time since last request: 0.0004395 seconds.
  importAddress: GUID: a59c2e62fbd97f84f92c3b546e3903cb - Path: Packages/com.unity.timeline/Editor/Recording/TimelineRecordingContextualResponder.cs - Importer: ScriptedImporter/UnityEditor.QuickSearchModule:UnityEditor.Search:ASIAI0B
Importing 'GUID: a59c2e62fbd97f84f92c3b546e3903cb - Path: Packages/com.unity.timeline/Editor/Recording/TimelineRecordingContextualResponder.cs - Importer: ScriptedImporter/UnityEditor.QuickSearchModule:UnityEditor.Search:ASIAI0B' with importer (ScriptedImporter : UnityEditor.QuickSearchModule:UnityEditor.Search:ASIAI0B)
Imported 'GUID: a59c2e62fbd97f84f92c3b546e3903cb' -> (Import Result ID: 'fc0e3367e3b66a96484a04fe131db602') in 0.005 seconds [static and dynamic dependencies]. Details - ImportResultOutputID=4b6f4ce0fb291a071c1152870d60b5e0 DependenciesID=0501400a641693718013774da939c652 StaticDependenciesID=1f771105335986ed4975b1823ff75c19 
Number of updated asset objects reloaded before import = 0
Number of asset objects unloaded after import = 0
========================================================================
Received Import Request.
  Time of request: 2026-06-22T05:06:17.9679298Z
  Time since last request: 0.0004787 seconds.
  importAddress: GUID: fd6ede1d2f47ab146b2ec0a3969a37cc - Path: Packages/com.unity.timeline/Editor/CustomEditors/CustomTimelineEditorCache.cs - Importer: ScriptedImporter/UnityEditor.QuickSearchModule:UnityEditor.Search:ASIAI0B
Importing 'GUID: fd6ede1d2f47ab146b2ec0a3969a37cc - Path: Packages/com.unity.timeline/Editor/CustomEditors/CustomTimelineEditorCache.cs - Importer: ScriptedImporter/UnityEditor.QuickSearchModule:UnityEditor.Search:ASIAI0B' with importer (ScriptedImporter : UnityEditor.QuickSearchModule:UnityEditor.Search:ASIAI0B)
Imported 'GUID: fd6ede1d2f47ab146b2ec0a3969a37cc' -> (Import Result ID: '52e06ede497ca75afcfef951266cf817') in 0.004 seconds [static and dynamic dependencies]. Details - ImportResultOutputID=9470745793aff8427514677f79ef1fe7 DependenciesID=2e909c9d6ae80e832ed83fce382e440e StaticDependenciesID=fff460dca9020d99f9b0a3caf6ca3b4c 
Number of updated asset objects reloaded before import = 0
Number of asset objects unloaded after import = 0
========================================================================
Received Import Request.
  Time of request: 2026-06-22T05:06:17.9729738Z
  Time since last request: 0.0009193 seconds.
  importAddress: GUID: ae05f0dd1cf145e4e8e905c7971ee433 - Path: Packages/com.unity.timeline/Editor/inspectors/BuiltInCurvePresets.cs - Importer: ScriptedImporter/UnityEditor.QuickSearchModule:UnityEditor.Search:ASIAI0B
Importing 'GUID: ae05f0dd1cf145e4e8e905c7971ee433 - Path: Packages/com.unity.timeline/Editor/inspectors/BuiltInCurvePresets.cs - Importer: ScriptedImporter/UnityEditor.QuickSearchModule:UnityEditor.Search:ASIAI0B' with importer (ScriptedImporter : UnityEditor.QuickSearchModule:UnityEditor.Search:ASIAI0B)
Imported 'GUID: ae05f0dd1cf145e4e8e905c7971ee433' -> (Import Result ID: 'b0f78c043a5f9e17135345aa135a39e3') in 0.004 seconds [static and dynamic dependencies]. Details - ImportResultOutputID=b2ff7c4220ef13cd4bc0697ddadba0c7 DependenciesID=a50867e51b850b3a6eca206266901c39 StaticDependenciesID=b59863febc4a894159dc47061c711484 
Number of updated asset objects reloaded before import = 0
Number of asset objects unloaded after import = 0
========================================================================
Received Import Request.
  Time of request: 2026-06-22T05:06:17.9779161Z
  Time since last request: 0.0005424 seconds.
  importAddress: GUID: dfd084fea478f3148b7de3d83bab1d8c - Path: Packages/com.unity.timeline/Editor/Manipulators/EditMode.cs - Importer: ScriptedImporter/UnityEditor.QuickSearchModule:UnityEditor.Search:ASIAI0B
Importing 'GUID: dfd084fea478f3148b7de3d83bab1d8c - Path: Packages/com.unity.timeline/Editor/Manipulators/EditMode.cs - Importer: ScriptedImporter/UnityEditor.QuickSearchModule:UnityEditor.Search:ASIAI0B' with importer (ScriptedImporter : UnityEditor.QuickSearchModule:UnityEditor.Search:ASIAI0B)
Imported 'GUID: dfd084fea478f3148b7de3d83bab1d8c' -> (Import Result ID: '3cf177fdb054aee7d1da42a498b6e346') in 0.005 seconds [static and dynamic dependencies]. Details - ImportResultOutputID=a704b14c6e8db551f22b39384dc99b41 DependenciesID=5b9d0208ac47c2390011dcf5588ac027 StaticDependenciesID=8f39001e5df24842bb99e17627890bd9 
Number of updated asset objects reloaded before import = 0
Number of asset objects unloaded after import = 0
========================================================================
Received Import Request.
  Time of request: 2026-06-22T05:06:17.9912517Z
  Time since last request: 0.0082277 seconds.
  importAddress: GUID: b33687803b08daf418e5315de17658b8 - Path: Packages/com.unity.timeline/Editor/Signals/SignalUtility.cs - Importer: ScriptedImporter/UnityEditor.QuickSearchModule:UnityEditor.Search:ASIAI0B
Importing 'GUID: b33687803b08daf418e5315de17658b8 - Path: Packages/com.unity.timeline/Editor/Signals/SignalUtility.cs - Importer: ScriptedImporter/UnityEditor.QuickSearchModule:UnityEditor.Search:ASIAI0B' with importer (ScriptedImporter : UnityEditor.QuickSearchModule:UnityEditor.Search:ASIAI0B)
Imported 'GUID: b33687803b08daf418e5315de17658b8' -> (Import Result ID: '7d2ab30bb30a28967ac51e9dee306b8f') in 0.004 seconds [static and dynamic dependencies]. Details - ImportResultOutputID=e095688618b2b8815d617d276b895bfa DependenciesID=ebe7ad72fe036c3c2e58c8f5daf2f8cb StaticDependenciesID=dd79122b95594017b9d96e0864151edb 
Number of updated asset objects reloaded before import = 0
Number of asset objects unloaded after import = 0
========================================================================
Received Import Request.
  Time of request: 2026-06-22T05:06:17.9967178Z
  Time since last request: 0.0011954 seconds.
  importAddress: GUID: ef5fa6e2005defb4ab5142723827b58e - Path: Packages/com.unity.timeline/Editor/Utilities/BindingUtility.cs - Importer: ScriptedImporter/UnityEditor.QuickSearchModule:UnityEditor.Search:ASIAI0B
Importing 'GUID: ef5fa6e2005defb4ab5142723827b58e - Path: Packages/com.unity.timeline/Editor/Utilities/BindingUtility.cs - Importer: ScriptedImporter/UnityEditor.QuickSearchModule:UnityEditor.Search:ASIAI0B' with importer (ScriptedImporter : UnityEditor.QuickSearchModule:UnityEditor.Search:ASIAI0B)
Imported 'GUID: ef5fa6e2005defb4ab5142723827b58e' -> (Import Result ID: '2aea0ae8e00a0d1dacd6105d81d07f60') in 0.003 seconds [static and dynamic dependencies]. Details - ImportResultOutputID=e80c772e33c25b1e8f88d6b517297399 DependenciesID=18bccf850362122be52c78ba6c80475c StaticDependenciesID=c56efc1be4d5012cdd8b664461a426a1 
Number of updated asset objects reloaded before import = 0
Number of asset objects unloaded after import = 0
========================================================================
Received Import Request.
  Time of request: 2026-06-22T05:06:18.0004876Z
  Time since last request: 0.0003739 seconds.
  importAddress: GUID: df8df80bb65e9ec4280229a9921c4f3c - Path: Packages/com.unity.timeline/Editor/State/WindowState.cs - Importer: ScriptedImporter/UnityEditor.QuickSearchModule:UnityEditor.Search:ASIAI0B
Importing 'GUID: df8df80bb65e9ec4280229a9921c4f3c - Path: Packages/com.unity.timeline/Editor/State/WindowState.cs - Importer: ScriptedImporter/UnityEditor.QuickSearchModule:UnityEditor.Search:ASIAI0B' with importer (ScriptedImporter : UnityEditor.QuickSearchModule:UnityEditor.Search:ASIAI0B)
Imported 'GUID: df8df80bb65e9ec4280229a9921c4f3c' -> (Import Result ID: 'ce043283dadc706d3e3eba3e163c47dc') in 0.004 seconds [static and dynamic dependencies]. Details - ImportResultOutputID=8f5a155970d4555ba520c4dd6efd1146 DependenciesID=4809b2bb37c2b97e029003f9a0fa1768 StaticDependenciesID=f37a92c946fbfe35b66f4bf07eb1b305 
Number of updated asset objects reloaded before import = 0
Number of asset objects unloaded after import = 0
========================================================================
Received Import Request.
  Time of request: 2026-06-22T05:06:18.0053962Z
  Time since last request: 0.0004666 seconds.
  importAddress: GUID: 5f31f28cc64c91042976555c016ffd5f - Path: Packages/com.unity.timeline/Editor/Utilities/StyleManager.cs - Importer: ScriptedImporter/UnityEditor.QuickSearchModule:UnityEditor.Search:ASIAI0B
Importing 'GUID: 5f31f28cc64c91042976555c016ffd5f - Path: Packages/com.unity.timeline/Editor/Utilities/StyleManager.cs - Importer: ScriptedImporter/UnityEditor.QuickSearchModule:UnityEditor.Search:ASIAI0B' with importer (ScriptedImporter : UnityEditor.QuickSearchModule:UnityEditor.Search:ASIAI0B)
Imported 'GUID: 5f31f28cc64c91042976555c016ffd5f' -> (Import Result ID: '613a4ab6ae9d38644b71b42932984ec1') in 0.004 seconds [static and dynamic dependencies]. Details - ImportResultOutputID=063b0a593d3e36d5972ee711a4573777 DependenciesID=8f03e2d3378b62757a8eacb43258a52c StaticDependenciesID=f938a79ab23c1568adb8e65025105570 
Number of updated asset objects reloaded before import = 0
Number of asset objects unloaded after import = 0
========================================================================
Received Import Request.
  Time of request: 2026-06-22T05:06:18.0107017Z
  Time since last request: 0.0005614 seconds.
  importAddress: GUID: d1207768d96c479488b6b81f3483e0c1 - Path: Packages/com.unity.timeline/Editor/State/SequencePath.cs - Importer: ScriptedImporter/UnityEditor.QuickSearchModule:UnityEditor.Search:ASIAI0B
Importing 'GUID: d1207768d96c479488b6b81f3483e0c1 - Path: Packages/com.unity.timeline/Editor/State/SequencePath.cs - Importer: ScriptedImporter/UnityEditor.QuickSearchModule:UnityEditor.Search:ASIAI0B' with importer (ScriptedImporter : UnityEditor.QuickSearchModule:UnityEditor.Search:ASIAI0B)
Imported 'GUID: d1207768d96c479488b6b81f3483e0c1' -> (Import Result ID: '0c74e5d8c725d1857545af2ae4d673f8') in 0.005 seconds [static and dynamic dependencies]. Details - ImportResultOutputID=3a3f95dc2c0c9455a45afd3fbb4f4742 DependenciesID=54342b4c78ab488867eacf811e0a6bda StaticDependenciesID=c6667f30999a4b3494acd2696851ec80 
Number of updated asset objects reloaded before import = 0
Number of asset objects unloaded after import = 0
========================================================================
Received Import Request.
  Time of request: 2026-06-22T05:06:18.0167416Z
  Time since last request: 0.0005639 seconds.
  importAddress: GUID: 49f1d2c7420db4444b011955726d0046 - Path: Packages/com.unity.timeline/Editor/Recording/TrackAssetRecordingExtensions.cs - Importer: ScriptedImporter/UnityEditor.QuickSearchModule:UnityEditor.Search:ASIAI0B
Importing 'GUID: 49f1d2c7420db4444b011955726d0046 - Path: Packages/com.unity.timeline/Editor/Recording/TrackAssetRecordingExtensions.cs - Importer: ScriptedImporter/UnityEditor.QuickSearchModule:UnityEditor.Search:ASIAI0B' with importer (ScriptedImporter : UnityEditor.QuickSearchModule:UnityEditor.Search:ASIAI0B)
Imported 'GUID: 49f1d2c7420db4444b011955726d0046' -> (Import Result ID: '36183b3b2fe9a08d4328838dfd16617d') in 0.005 seconds [static and dynamic dependencies]. Details - ImportResultOutputID=4ce4354b4a3b352bfa62760174018c6d DependenciesID=53bffd4cf5cff53de40c2dc25ad2cf22 StaticDependenciesID=c3fce9a10ec9393779444323fdaa3f3e 
Number of updated asset objects reloaded before import = 0
Number of asset objects unloaded after import = 0
========================================================================
Received Import Request.
  Time of request: 2026-06-22T05:06:18.0227566Z
  Time since last request: 0.0004603 seconds.
  importAddress: GUID: 51a7878f6c989394782db73339e90e46 - Path: Packages/com.unity.timeline/Editor/Signals/SignalEmitterEditor.cs - Importer: ScriptedImporter/UnityEditor.QuickSearchModule:UnityEditor.Search:ASIAI0B
Importing 'GUID: 51a7878f6c989394782db73339e90e46 - Path: Packages/com.unity.timeline/Editor/Signals/SignalEmitterEditor.cs - Importer: ScriptedImporter/UnityEditor.QuickSearchModule:UnityEditor.Search:ASIAI0B' with importer (ScriptedImporter : UnityEditor.QuickSearchModule:UnityEditor.Search:ASIAI0B)
Imported 'GUID: 51a7878f6c989394782db73339e90e46' -> (Import Result ID: '8888b08a5cc020093be1dc4b1e0e9c75') in 0.004 seconds [static and dynamic dependencies]. Details - ImportResultOutputID=753ae162abdebc63035759ef7fa32e1f DependenciesID=328670bcd8789ed6eba3b5ba3525325a StaticDependenciesID=5047784a04bb59d84462f0a4710fe6bf 
Number of updated asset objects reloaded before import = 0
Number of asset objects unloaded after import = 0
========================================================================
Received Import Request.
  Time of request: 2026-06-22T05:06:18.0276758Z
  Time since last request: 0.0004175 seconds.
  importAddress: GUID: 1f3a562675833b4448299e4f627b0cec - Path: Packages/com.unity.timeline/Editor/Utilities/PropertyCollector.cs - Importer: ScriptedImporter/UnityEditor.QuickSearchModule:UnityEditor.Search:ASIAI0B
Importing 'GUID: 1f3a562675833b4448299e4f627b0cec - Path: Packages/com.unity.timeline/Editor/Utilities/PropertyCollector.cs - Importer: ScriptedImporter/UnityEditor.QuickSearchModule:UnityEditor.Search:ASIAI0B' with importer (ScriptedImporter : UnityEditor.QuickSearchModule:UnityEditor.Search:ASIAI0B)
Imported 'GUID: 1f3a562675833b4448299e4f627b0cec' -> (Import Result ID: '1a740588dd18cb1efecb36dc03674cc6') in 0.006 seconds [static and dynamic dependencies]. Details - ImportResultOutputID=7648bc2c9207c77c67f3c8fc6a1bd8db DependenciesID=f44add9bdd545ebbebdab51ca95c051c StaticDependenciesID=fd6c942208359bd29c912865ba03db04 
Number of updated asset objects reloaded before import = 0
Number of asset objects unloaded after import = 0
========================================================================
Received Import Request.
  Time of request: 2026-06-22T05:06:18.034121Z
  Time since last request: 0.0005724 seconds.
  importAddress: GUID: 3e29cdd1646803545b8fb18908666ec4 - Path: Packages/com.unity.timeline/Editor/treeview/TimelineClipHandle.cs - Importer: ScriptedImporter/UnityEditor.QuickSearchModule:UnityEditor.Search:ASIAI0B
Importing 'GUID: 3e29cdd1646803545b8fb18908666ec4 - Path: Packages/com.unity.timeline/Editor/treeview/TimelineClipHandle.cs - Importer: ScriptedImporter/UnityEditor.QuickSearchModule:UnityEditor.Search:ASIAI0B' with importer (ScriptedImporter : UnityEditor.QuickSearchModule:UnityEditor.Search:ASIAI0B)
Imported 'GUID: 3e29cdd1646803545b8fb18908666ec4' -> (Import Result ID: '21b595022806326644af7f1f2a973551') in 0.004 seconds [static and dynamic dependencies]. Details - ImportResultOutputID=996920929cd51a83b10fe7b8bcad5f2b DependenciesID=363f33dea9640a974af7117a1381aa09 StaticDependenciesID=a184ade116010dbc55bcf554fe374c2b 
Number of updated asset objects reloaded before import = 0
Number of asset objects unloaded after import = 0
========================================================================
Received Import Request.
  Time of request: 2026-06-22T05:06:18.039239Z
  Time since last request: 0.0004016 seconds.
  importAddress: GUID: 58004290eb3aab44e9823d1f25c4ed73 - Path: Packages/com.unity.timeline/Editor/Signals/SignalAssetInspector.cs - Importer: ScriptedImporter/UnityEditor.QuickSearchModule:UnityEditor.Search:ASIAI0B
Importing 'GUID: 58004290eb3aab44e9823d1f25c4ed73 - Path: Packages/com.unity.timeline/Editor/Signals/SignalAssetInspector.cs - Importer: ScriptedImporter/UnityEditor.QuickSearchModule:UnityEditor.Search:ASIAI0B' with importer (ScriptedImporter : UnityEditor.QuickSearchModule:UnityEditor.Search:ASIAI0B)
Imported 'GUID: 58004290eb3aab44e9823d1f25c4ed73' -> (Import Result ID: '92917ad100579c17f9bd3da60d1436ab') in 0.004 seconds [static and dynamic dependencies]. Details - ImportResultOutputID=c937e47d40d92febb0da41a3b9e555b4 DependenciesID=3d737893322234264f3977371d25e65d StaticDependenciesID=d16c94181bb924515544d6cae30b357f 
Number of updated asset objects reloaded before import = 0
Number of asset objects unloaded after import = 0
========================================================================
Received Import Request.
  Time of request: 2026-06-22T05:06:18.0443965Z
  Time since last request: 0.000459 seconds.
  importAddress: GUID: 5151708d47edd4344ba8e7bd469d966e - Path: Packages/com.unity.timeline/Editor/treeview/ManipulationsTracks.cs - Importer: ScriptedImporter/UnityEditor.QuickSearchModule:UnityEditor.Search:ASIAI0B
Importing 'GUID: 5151708d47edd4344ba8e7bd469d966e - Path: Packages/com.unity.timeline/Editor/treeview/ManipulationsTracks.cs - Importer: ScriptedImporter/UnityEditor.QuickSearchModule:UnityEditor.Search:ASIAI0B' with importer (ScriptedImporter : UnityEditor.QuickSearchModule:UnityEditor.Search:ASIAI0B)
Imported 'GUID: 5151708d47edd4344ba8e7bd469d966e' -> (Import Result ID: '4bc23110c0460e1680332895758dcb87') in 0.004 seconds [static and dynamic dependencies]. Details - ImportResultOutputID=45fd646a848f4c64044bf046652b79b3 DependenciesID=46198c8d0ba7278b6d45f14fb6757b77 StaticDependenciesID=a72ad7a7e1d28104e0115f9b97dcc049 
Number of updated asset objects reloaded before import = 0
Number of asset objects unloaded after import = 0
========================================================================
Received Import Request.
  Time of request: 2026-06-22T05:06:18.0495447Z
  Time since last request: 0.0003921 seconds.
  importAddress: GUID: ee83d5e1ad2ac4c9aa39e3a6f256062e - Path: Packages/com.unity.timeline/Editor/treeview/IPropertyKeyDataSource.cs - Importer: ScriptedImporter/UnityEditor.QuickSearchModule:UnityEditor.Search:ASIAI0B
Importing 'GUID: ee83d5e1ad2ac4c9aa39e3a6f256062e - Path: Packages/com.unity.timeline/Editor/treeview/IPropertyKeyDataSource.cs - Importer: ScriptedImporter/UnityEditor.QuickSearchModule:UnityEditor.Search:ASIAI0B' with importer (ScriptedImporter : UnityEditor.QuickSearchModule:UnityEditor.Search:ASIAI0B)
Imported 'GUID: ee83d5e1ad2ac4c9aa39e3a6f256062e' -> (Import Result ID: '0bd5bbb3c8ab2447773e5a78923afd94') in 0.005 seconds [static and dynamic dependencies]. Details - ImportResultOutputID=f03b00e9e1bd3dbba34fb22101cd697c DependenciesID=7cd3d491a86cce0e0077f77b00a9ebe2 StaticDependenciesID=1f89831a2446b077499446dd889afc21 
Number of updated asset objects reloaded before import = 0
Number of asset objects unloaded after import = 0
========================================================================
Received Import Request.
  Time of request: 2026-06-22T05:06:18.0556435Z
  Time since last request: 0.0004312 seconds.
  importAddress: GUID: 255b0c6d400fd964dab3029c8abc53f4 - Path: Packages/com.unity.timeline/Editor/Signals/SignalManager.cs - Importer: ScriptedImporter/UnityEditor.QuickSearchModule:UnityEditor.Search:ASIAI0B
Importing 'GUID: 255b0c6d400fd964dab3029c8abc53f4 - Path: Packages/com.unity.timeline/Editor/Signals/SignalManager.cs - Importer: ScriptedImporter/UnityEditor.QuickSearchModule:UnityEditor.Search:ASIAI0B' with importer (ScriptedImporter : UnityEditor.QuickSearchModule:UnityEditor.Search:ASIAI0B)
Imported 'GUID: 255b0c6d400fd964dab3029c8abc53f4' -> (Import Result ID: 'c205edbeed99f1d65f172a696c746d20') in 0.009 seconds [static and dynamic dependencies]. Details - ImportResultOutputID=683a6921c241480796e1a401ad59cd81 DependenciesID=35bfe2ef36a8347d2f8d7dd12bdad821 StaticDependenciesID=acc8b36d8efd24ab4b0960bb638a8674 
Number of updated asset objects reloaded before import = 0
Number of asset objects unloaded after import = 0
========================================================================
Received Import Request.
  Time of request: 2026-06-22T05:06:18.0817533Z
  Time since last request: 0.016363 seconds.
  importAddress: GUID: 030f85c3f73729f4f976f66ffb23b875 - Path: Packages/com.unity.timeline/Runtime/Animation/AnimationPlayableAsset.cs - Importer: ScriptedImporter/UnityEditor.QuickSearchModule:UnityEditor.Search:ASIAI0B
Importing 'GUID: 030f85c3f73729f4f976f66ffb23b875 - Path: Packages/com.unity.timeline/Runtime/Animation/AnimationPlayableAsset.cs - Importer: ScriptedImporter/UnityEditor.QuickSearchModule:UnityEditor.Search:ASIAI0B' with importer (ScriptedImporter : UnityEditor.QuickSearchModule:UnityEditor.Search:ASIAI0B)
Imported 'GUID: 030f85c3f73729f4f976f66ffb23b875' -> (Import Result ID: '5429d8c58b6dfad3a8eb9a77d6812ded') in 0.004 seconds [static and dynamic dependencies]. Details - ImportResultOutputID=b1fe7664172f6122f38765bd5f13646d DependenciesID=7b5305290d3e722bdb403c8345b4bdec StaticDependenciesID=a40e530cdcddf8f9389dde9f1a5f8ac3 
Number of updated asset objects reloaded before import = 0
Number of asset objects unloaded after import = 0
========================================================================
Received Import Request.
  Time of request: 2026-06-22T05:06:18.0872751Z
  Time since last request: 0.0008933 seconds.
  importAddress: GUID: f817a38900380be47942905e17e7d39b - Path: Packages/com.unity.timeline/Editor/Window/TimelineWindow.cs - Importer: ScriptedImporter/UnityEditor.QuickSearchModule:UnityEditor.Search:ASIAI0B
Importing 'GUID: f817a38900380be47942905e17e7d39b - Path: Packages/com.unity.timeline/Editor/Window/TimelineWindow.cs - Importer: ScriptedImporter/UnityEditor.QuickSearchModule:UnityEditor.Search:ASIAI0B' with importer (ScriptedImporter : UnityEditor.QuickSearchModule:UnityEditor.Search:ASIAI0B)
Imported 'GUID: f817a38900380be47942905e17e7d39b' -> (Import Result ID: 'd584abd4501a6332f0930358b3fe7810') in 0.003 seconds [static and dynamic dependencies]. Details - ImportResultOutputID=83e5aeb5e05b5332d8b7243f5ad161f1 DependenciesID=798e26c4134e350a49b2bcf509e92a36 StaticDependenciesID=c400bbb0319499f18f6ec95a03d48f9c 
Number of updated asset objects reloaded before import = 0
Number of asset objects unloaded after import = 0
========================================================================
Received Import Request.
  Time of request: 2026-06-22T05:06:18.0910998Z
  Time since last request: 0.000465 seconds.
  importAddress: GUID: 5082cb99a8f99b84d84dd8b4c5233a9e - Path: Packages/com.unity.timeline/Runtime/Events/INotificationOptionProvider.cs - Importer: ScriptedImporter/UnityEditor.QuickSearchModule:UnityEditor.Search:ASIAI0B
Importing 'GUID: 5082cb99a8f99b84d84dd8b4c5233a9e - Path: Packages/com.unity.timeline/Runtime/Events/INotificationOptionProvider.cs - Importer: ScriptedImporter/UnityEditor.QuickSearchModule:UnityEditor.Search:ASIAI0B' with importer (ScriptedImporter : UnityEditor.QuickSearchModule:UnityEditor.Search:ASIAI0B)
Imported 'GUID: 5082cb99a8f99b84d84dd8b4c5233a9e' -> (Import Result ID: '7f17fe881cf1286a8e1718ccf3b2455e') in 0.004 seconds [static and dynamic dependencies]. Details - ImportResultOutputID=7943e3467467cad2f1c35cab09dc06de DependenciesID=6661ace92bf813b2af75202805748f1f StaticDependenciesID=5f4b94e120aa3308aa9704a54cb2ca7f 
Number of updated asset objects reloaded before import = 0
Number of asset objects unloaded after import = 0
========================================================================
Received Import Request.
  Time of request: 2026-06-22T05:06:18.0961263Z
  Time since last request: 0.0004075 seconds.
  importAddress: GUID: 98545765d7a2b614b921715928035ee2 - Path: Packages/com.unity.timeline/Editor/Window/PlaybackScroller.cs - Importer: ScriptedImporter/UnityEditor.QuickSearchModule:UnityEditor.Search:ASIAI0B
Importing 'GUID: 98545765d7a2b614b921715928035ee2 - Path: Packages/com.unity.timeline/Editor/Window/PlaybackScroller.cs - Importer: ScriptedImporter/UnityEditor.QuickSearchModule:UnityEditor.Search:ASIAI0B' with importer (ScriptedImporter : UnityEditor.QuickSearchModule:UnityEditor.Search:ASIAI0B)
Imported 'GUID: 98545765d7a2b614b921715928035ee2' -> (Import Result ID: 'e6d84f36adbafede016c2b853357be13') in 0.004 seconds [static and dynamic dependencies]. Details - ImportResultOutputID=35483ef2790f2d02248c627c96dcea54 DependenciesID=da4d5b40f9d08242ae48c3f7da59acc1 StaticDependenciesID=9de67a2e5f80d042320ea8f37bfa10a0 
Number of updated asset objects reloaded before import = 0
Number of asset objects unloaded after import = 0
========================================================================
Received Import Request.
  Time of request: 2026-06-22T05:06:18.1009022Z
  Time since last request: 0.0005461 seconds.
  importAddress: GUID: 70f955bbb437a494888ef54d97abb474 - Path: Packages/com.unity.timeline/Runtime/Evaluation/RuntimeClipBase.cs - Importer: ScriptedImporter/UnityEditor.QuickSearchModule:UnityEditor.Search:ASIAI0B
Importing 'GUID: 70f955bbb437a494888ef54d97abb474 - Path: Packages/com.unity.timeline/Runtime/Evaluation/RuntimeClipBase.cs - Importer: ScriptedImporter/UnityEditor.QuickSearchModule:UnityEditor.Search:ASIAI0B' with importer (ScriptedImporter : UnityEditor.QuickSearchModule:UnityEditor.Search:ASIAI0B)
Imported 'GUID: 70f955bbb437a494888ef54d97abb474' -> (Import Result ID: '9394037c9a01043113e30eaa79cf4c89') in 0.005 seconds [static and dynamic dependencies]. Details - ImportResultOutputID=ac5f0d0fe74d02c7cf6d880ac15ef9f3 DependenciesID=a245096d78bf9a8a5a1ac5340e3d2299 StaticDependenciesID=63bf2ca692ba14d67d98a62d9da890d5 
Number of updated asset objects reloaded before import = 0
Number of asset objects unloaded after import = 0
========================================================================
Received Import Request.
  Time of request: 2026-06-22T05:06:18.1062056Z
  Time since last request: 0.0004096 seconds.
  importAddress: GUID: 08d23c0b73905c148b525c3c93fff580 - Path: Packages/com.unity.timeline/Editor/Window/TimelineWindow_TrackGui.cs - Importer: ScriptedImporter/UnityEditor.QuickSearchModule:UnityEditor.Search:ASIAI0B
Importing 'GUID: 08d23c0b73905c148b525c3c93fff580 - Path: Packages/com.unity.timeline/Editor/Window/TimelineWindow_TrackGui.cs - Importer: ScriptedImporter/UnityEditor.QuickSearchModule:UnityEditor.Search:ASIAI0B' with importer (ScriptedImporter : UnityEditor.QuickSearchModule:UnityEditor.Search:ASIAI0B)
Imported 'GUID: 08d23c0b73905c148b525c3c93fff580' -> (Import Result ID: '27c87224c02c85a0b939cbdec9db48db') in 0.005 seconds [static and dynamic dependencies]. Details - ImportResultOutputID=4e1035038459e609acc5aa3f1147fb02 DependenciesID=e44e814ed06b1be07bdb0dcdb490797d StaticDependenciesID=e49bba0cd8f74bcb6aa8fa1414a4e445 
Number of updated asset objects reloaded before import = 0
Number of asset objects unloaded after import = 0
========================================================================
Received Import Request.
  Time of request: 2026-06-22T05:06:18.1113354Z
  Time since last request: 0.0003875 seconds.
  importAddress: GUID: d1c9c1ed454d0594b951eb6a76ac62ad - Path: Packages/com.unity.timeline/Editor/Window/TimelineWindow_EditorCallbacks.cs - Importer: ScriptedImporter/UnityEditor.QuickSearchModule:UnityEditor.Search:ASIAI0B
Importing 'GUID: d1c9c1ed454d0594b951eb6a76ac62ad - Path: Packages/com.unity.timeline/Editor/Window/TimelineWindow_EditorCallbacks.cs - Importer: ScriptedImporter/UnityEditor.QuickSearchModule:UnityEditor.Search:ASIAI0B' with importer (ScriptedImporter : UnityEditor.QuickSearchModule:UnityEditor.Search:ASIAI0B)
Imported 'GUID: d1c9c1ed454d0594b951eb6a76ac62ad' -> (Import Result ID: 'd9d6c9d5d43f2c4e47e668bf9c26b22b') in 0.004 seconds [static and dynamic dependencies]. Details - ImportResultOutputID=852c9391f1c08ebc7e0fddb693be96fe DependenciesID=7f6d03665d578816c5fd0e9f5b16e017 StaticDependenciesID=dbfa7be90e010656a07d56b93168ef1c 
Number of updated asset objects reloaded before import = 0
Number of asset objects unloaded after import = 0
========================================================================
Received Import Request.
  Time of request: 2026-06-22T05:06:18.116637Z
  Time since last request: 0.0005531 seconds.
  importAddress: GUID: 6c3d52cc5c46d7946a920e21901ff38e - Path: Packages/com.unity.timeline/Runtime/Attributes/TrackColorAttribute.cs - Importer: ScriptedImporter/UnityEditor.QuickSearchModule:UnityEditor.Search:ASIAI0B
Importing 'GUID: 6c3d52cc5c46d7946a920e21901ff38e - Path: Packages/com.unity.timeline/Runtime/Attributes/TrackColorAttribute.cs - Importer: ScriptedImporter/UnityEditor.QuickSearchModule:UnityEditor.Search:ASIAI0B' with importer (ScriptedImporter : UnityEditor.QuickSearchModule:UnityEditor.Search:ASIAI0B)
Imported 'GUID: 6c3d52cc5c46d7946a920e21901ff38e' -> (Import Result ID: '34e3438998cd825ac68890334803fdce') in 0.005 seconds [static and dynamic dependencies]. Details - ImportResultOutputID=9043254f49d0b4f304485e9ec0c164d7 DependenciesID=3c51bd174cccb9a260acbd86e4902b5f StaticDependenciesID=221644bc61584a10fada61782dbfa684 
Number of updated asset objects reloaded before import = 0
Number of asset objects unloaded after import = 0
========================================================================
Received Import Request.
  Time of request: 2026-06-22T05:06:18.1223179Z
  Time since last request: 0.0003831 seconds.
  importAddress: GUID: 4068e97704a16794ea218ba560cdc1e9 - Path: Packages/com.unity.timeline/Editor/Window/TimelineMarkerHeaderGUI.cs - Importer: ScriptedImporter/UnityEditor.QuickSearchModule:UnityEditor.Search:ASIAI0B
Importing 'GUID: 4068e97704a16794ea218ba560cdc1e9 - Path: Packages/com.unity.timeline/Editor/Window/TimelineMarkerHeaderGUI.cs - Importer: ScriptedImporter/UnityEditor.QuickSearchModule:UnityEditor.Search:ASIAI0B' with importer (ScriptedImporter : UnityEditor.QuickSearchModule:UnityEditor.Search:ASIAI0B)
Imported 'GUID: 4068e97704a16794ea218ba560cdc1e9' -> (Import Result ID: 'e3be699d18632eec709e7e7f02e6f6eb') in 0.004 seconds [static and dynamic dependencies]. Details - ImportResultOutputID=fffcffdbca1a913a817ed8175bade992 DependenciesID=9d19346921e51d8697b023a4251e7d9e StaticDependenciesID=18dbd5dcd28db6c8823199cb7704f5bc 
Number of updated asset objects reloaded before import = 0
Number of asset objects unloaded after import = 0
========================================================================
Received Import Request.
  Time of request: 2026-06-22T05:06:18.1276838Z
  Time since last request: 0.0007316 seconds.
  importAddress: GUID: 9be6112c2b1c3ae44927680ba7b36e10 - Path: Packages/com.unity.timeline/Editor/Utilities/TimelineKeyboardNavigation.cs - Importer: ScriptedImporter/UnityEditor.QuickSearchModule:UnityEditor.Search:ASIAI0B
Importing 'GUID: 9be6112c2b1c3ae44927680ba7b36e10 - Path: Packages/com.unity.timeline/Editor/Utilities/TimelineKeyboardNavigation.cs - Importer: ScriptedImporter/UnityEditor.QuickSearchModule:UnityEditor.Search:ASIAI0B' with importer (ScriptedImporter : UnityEditor.QuickSearchModule:UnityEditor.Search:ASIAI0B)
Imported 'GUID: 9be6112c2b1c3ae44927680ba7b36e10' -> (Import Result ID: '85101c7599b389dc002892912fd9414b') in 0.005 seconds [static and dynamic dependencies]. Details - ImportResultOutputID=3af79deec10d56ad79db93ea4f2e96da DependenciesID=5bd82708d386786c9d9247e795008ca6 StaticDependenciesID=05e70cec6e8bf2b83d35ea06396fec57 
Number of updated asset objects reloaded before import = 0
Number of asset objects unloaded after import = 0
========================================================================
Received Import Request.
  Time of request: 2026-06-22T05:06:18.1329085Z
  Time since last request: 0.0004138 seconds.
  importAddress: GUID: 1ad2b855cf8b7425483e36e6134f18f9 - Path: Packages/com.unity.timeline/Editor/Window/SequenceContext.cs - Importer: ScriptedImporter/UnityEditor.QuickSearchModule:UnityEditor.Search:ASIAI0B
Importing 'GUID: 1ad2b855cf8b7425483e36e6134f18f9 - Path: Packages/com.unity.timeline/Editor/Window/SequenceContext.cs - Importer: ScriptedImporter/UnityEditor.QuickSearchModule:UnityEditor.Search:ASIAI0B' with importer (ScriptedImporter : UnityEditor.QuickSearchModule:UnityEditor.Search:ASIAI0B)
Imported 'GUID: 1ad2b855cf8b7425483e36e6134f18f9' -> (Import Result ID: '8146854c1fc99700187276d2107bf7d5') in 0.005 seconds [static and dynamic dependencies]. Details - ImportResultOutputID=f5abb605b25d1e5a2f73ceffcc03b49c DependenciesID=2ac579be88dedf0385e009b6bda9a735 StaticDependenciesID=e51a540db99c6007cdac934b6b2dd410 
Number of updated asset objects reloaded before import = 0
Number of asset objects unloaded after import = 0
========================================================================
Received Import Request.
  Time of request: 2026-06-22T05:06:18.1385098Z
  Time since last request: 0.0004229 seconds.
  importAddress: GUID: 95c91abdcc1ea03458c2ea4e9626a5d8 - Path: Packages/com.unity.timeline/Runtime/AssetUpgrade/TimelineUpgrade.cs - Importer: ScriptedImporter/UnityEditor.QuickSearchModule:UnityEditor.Search:ASIAI0B
Importing 'GUID: 95c91abdcc1ea03458c2ea4e9626a5d8 - Path: Packages/com.unity.timeline/Runtime/AssetUpgrade/TimelineUpgrade.cs - Importer: ScriptedImporter/UnityEditor.QuickSearchModule:UnityEditor.Search:ASIAI0B' with importer (ScriptedImporter : UnityEditor.QuickSearchModule:UnityEditor.Search:ASIAI0B)
Imported 'GUID: 95c91abdcc1ea03458c2ea4e9626a5d8' -> (Import Result ID: '8eb1d5dbd6c7318a27f592adfc725cb7') in 0.004 seconds [static and dynamic dependencies]. Details - ImportResultOutputID=1e5c1c2db90555708fb20761c0f9937b DependenciesID=4ac8164186a369a7bbf0b10dff7d074f StaticDependenciesID=cd06298e698a31192de0500234bad733 
Number of updated asset objects reloaded before import = 0
Number of asset objects unloaded after import = 0
========================================================================
Received Import Request.
  Time of request: 2026-06-22T05:06:18.1434577Z
  Time since last request: 0.000496 seconds.
  importAddress: GUID: 4c1821c1816c6fa44967b8ecb79ea7e4 - Path: Packages/com.unity.timeline/Editor/Utilities/TypeUtility.cs - Importer: ScriptedImporter/UnityEditor.QuickSearchModule:UnityEditor.Search:ASIAI0B
Importing 'GUID: 4c1821c1816c6fa44967b8ecb79ea7e4 - Path: Packages/com.unity.timeline/Editor/Utilities/TypeUtility.cs - Importer: ScriptedImporter/UnityEditor.QuickSearchModule:UnityEditor.Search:ASIAI0B' with importer (ScriptedImporter : UnityEditor.QuickSearchModule:UnityEditor.Search:ASIAI0B)
Imported 'GUID: 4c1821c1816c6fa44967b8ecb79ea7e4' -> (Import Result ID: '775b2d65c9c3eb218fc92f7d3e87e119') in 0.004 seconds [static and dynamic dependencies]. Details - ImportResultOutputID=0648723d02c8f61df26e502a20322c13 DependenciesID=b7bf33e0bc16dcadb3b5b1a30ae6a354 StaticDependenciesID=1b0dafa1e1df38b32c44a9e8e0ef8584 
Number of updated asset objects reloaded before import = 0
Number of asset objects unloaded after import = 0
========================================================================
Received Import Request.
  Time of request: 2026-06-22T05:06:18.1676738Z
  Time since last request: 0.0195482 seconds.
  importAddress: GUID: e63c16ba902c4dfeb9fb2e8c105e1347 - Path: Packages/com.unity.timeline/Runtime/Utilities/BlendUtility.cs - Importer: ScriptedImporter/UnityEditor.QuickSearchModule:UnityEditor.Search:ASIAI0B
Importing 'GUID: e63c16ba902c4dfeb9fb2e8c105e1347 - Path: Packages/com.unity.timeline/Runtime/Utilities/BlendUtility.cs - Importer: ScriptedImporter/UnityEditor.QuickSearchModule:UnityEditor.Search:ASIAI0B' with importer (ScriptedImporter : UnityEditor.QuickSearchModule:UnityEditor.Search:ASIAI0B)
Imported 'GUID: e63c16ba902c4dfeb9fb2e8c105e1347' -> (Import Result ID: 'c364d7502d1cc1e47028edf7c77641ae') in 0.004 seconds [static and dynamic dependencies]. Details - ImportResultOutputID=8a80e96f5fad179a2bef0bc8b93809c8 DependenciesID=dad14ca5d4aaa8de1a463a32bcdfffe6 StaticDependenciesID=62790d278ec0718e464bec23a4fdc902 
Number of updated asset objects reloaded before import = 0
Number of asset objects unloaded after import = 0
========================================================================
Received Import Request.
  Time of request: 2026-06-22T05:06:18.172955Z
  Time since last request: 0.0004446 seconds.
  importAddress: GUID: f603edd7163537f44927ad2808147a25 - Path: Packages/com.unity.timeline/Runtime/Playables/ParticleControlPlayable.cs - Importer: ScriptedImporter/UnityEditor.QuickSearchModule:UnityEditor.Search:ASIAI0B
Importing 'GUID: f603edd7163537f44927ad2808147a25 - Path: Packages/com.unity.timeline/Runtime/Playables/ParticleControlPlayable.cs - Importer: ScriptedImporter/UnityEditor.QuickSearchModule:UnityEditor.Search:ASIAI0B' with importer (ScriptedImporter : UnityEditor.QuickSearchModule:UnityEditor.Search:ASIAI0B)
Imported 'GUID: f603edd7163537f44927ad2808147a25' -> (Import Result ID: '0e7de9d1d9dff1a393a0f333ebfab638') in 0.004 seconds [static and dynamic dependencies]. Details - ImportResultOutputID=8c03320e33eafe4f99f6443991653492 DependenciesID=86eb267eb6294e99266a13e25e39752d StaticDependenciesID=da5064b7922bb903224b00ea74982648 
Number of updated asset objects reloaded before import = 0
Number of asset objects unloaded after import = 0
========================================================================
Received Import Request.
  Time of request: 2026-06-22T05:06:18.1775267Z
  Time since last request: 0.0007909 seconds.
  importAddress: GUID: 32535dd294c621e4297fba34b15b1c52 - Path: Packages/com.unity.timeline/Runtime/Utilities/Extrapolation.cs - Importer: ScriptedImporter/UnityEditor.QuickSearchModule:UnityEditor.Search:ASIAI0B
Importing 'GUID: 32535dd294c621e4297fba34b15b1c52 - Path: Packages/com.unity.timeline/Runtime/Utilities/Extrapolation.cs - Importer: ScriptedImporter/UnityEditor.QuickSearchModule:UnityEditor.Search:ASIAI0B' with importer (ScriptedImporter : UnityEditor.QuickSearchModule:UnityEditor.Search:ASIAI0B)
Imported 'GUID: 32535dd294c621e4297fba34b15b1c52' -> (Import Result ID: '0525d4ea6339be06b29f53c99221c187') in 0.005 seconds [static and dynamic dependencies]. Details - ImportResultOutputID=4b91e6fe5c674d97c989c976eb69c6c6 DependenciesID=85e961884a94d8152b8fbcf2f83db05f StaticDependenciesID=1eb05c69ef9ba394d3c7b16ce166a2b8 
Number of updated asset objects reloaded before import = 0
Number of asset objects unloaded after import = 0
========================================================================
Received Import Request.
  Time of request: 2026-06-22T05:06:18.1833701Z
  Time since last request: 0.0005368 seconds.
  importAddress: GUID: 88338eb35defad644a48718188e8f219 - Path: Packages/com.unity.timeline/Editor/Manipulators/AddDelete/AddDeleteItemModeRipple.cs - Importer: ScriptedImporter/UnityEditor.QuickSearchModule:UnityEditor.Search:ASIAI0B
Importing 'GUID: 88338eb35defad644a48718188e8f219 - Path: Packages/com.unity.timeline/Editor/Manipulators/AddDelete/AddDeleteItemModeRipple.cs - Importer: ScriptedImporter/UnityEditor.QuickSearchModule:UnityEditor.Search:ASIAI0B' with importer (ScriptedImporter : UnityEditor.QuickSearchModule:UnityEditor.Search:ASIAI0B)
Imported 'GUID: 88338eb35defad644a48718188e8f219' -> (Import Result ID: '02ad630d2c4f9c8ea2b96c3f1a594152') in 0.003 seconds [static and dynamic dependencies]. Details - ImportResultOutputID=6df6ec66f8f44f839fab908a9cfe6902 DependenciesID=1f4cfa9c3756db257bc56ada14edf99d StaticDependenciesID=fd3049412558d57ec68eeafe3757a1bd 
Number of updated asset objects reloaded before import = 0
Number of asset objects unloaded after import = 0
========================================================================
Received Import Request.
  Time of request: 2026-06-22T05:06:18.1870867Z
  Time since last request: 0.0005316 seconds.
  importAddress: GUID: ea28dc637ae40484da709200d3328587 - Path: Packages/com.unity.timeline/Editor/Manipulators/AddDelete/AddDeleteItemModeReplace.cs - Importer: ScriptedImporter/UnityEditor.QuickSearchModule:UnityEditor.Search:ASIAI0B
Importing 'GUID: ea28dc637ae40484da709200d3328587 - Path: Packages/com.unity.timeline/Editor/Manipulators/AddDelete/AddDeleteItemModeReplace.cs - Importer: ScriptedImporter/UnityEditor.QuickSearchModule:UnityEditor.Search:ASIAI0B' with importer (ScriptedImporter : UnityEditor.QuickSearchModule:UnityEditor.Search:ASIAI0B)
Imported 'GUID: ea28dc637ae40484da709200d3328587' -> (Import Result ID: 'a4ab8e8c6d4c48e84813e93154fccc0d') in 0.003 seconds [static and dynamic dependencies]. Details - ImportResultOutputID=c37e82d0aac50cd80add785a055c0cb7 DependenciesID=e30d7386beebaa07c58926ac77c60f37 StaticDependenciesID=25c13216679890658aa403f91ff99038 
Number of updated asset objects reloaded before import = 0
Number of asset objects unloaded after import = 0
========================================================================
Received Import Request.
  Time of request: 2026-06-22T05:06:18.190875Z
  Time since last request: 0.0004233 seconds.
  importAddress: GUID: 1db879070d9a45f4c86cdf5e59616df5 - Path: Packages/com.unity.timeline/Runtime/Playables/TimeControlPlayable.cs - Importer: ScriptedImporter/UnityEditor.QuickSearchModule:UnityEditor.Search:ASIAI0B
Importing 'GUID: 1db879070d9a45f4c86cdf5e59616df5 - Path: Packages/com.unity.timeline/Runtime/Playables/TimeControlPlayable.cs - Importer: ScriptedImporter/UnityEditor.QuickSearchModule:UnityEditor.Search:ASIAI0B' with importer (ScriptedImporter : UnityEditor.QuickSearchModule:UnityEditor.Search:ASIAI0B)
Imported 'GUID: 1db879070d9a45f4c86cdf5e59616df5' -> (Import Result ID: '6c023bca295e4bb19abeeabf371284e3') in 0.004 seconds [static and dynamic dependencies]. Details - ImportResultOutputID=6fff0c43cdcb309766d105df09313c87 DependenciesID=9f76df760b6f4f9f000350eb12603c6c StaticDependenciesID=3bc47bc3d02eafdf62987db3704fad08 
Number of updated asset objects reloaded before import = 0
Number of asset objects unloaded after import = 0
========================================================================
Received Import Request.
  Time of request: 2026-06-22T05:06:18.1954023Z
  Time since last request: 0.0005985 seconds.
  importAddress: GUID: 7a02f7efcd3e4f3baa0079e620bddbd7 - Path: Packages/com.unity.timeline/Runtime/Utilities/TimelineClipExtensions.cs - Importer: ScriptedImporter/UnityEditor.QuickSearchModule:UnityEditor.Search:ASIAI0B
Importing 'GUID: 7a02f7efcd3e4f3baa0079e620bddbd7 - Path: Packages/com.unity.timeline/Runtime/Utilities/TimelineClipExtensions.cs - Importer: ScriptedImporter/UnityEditor.QuickSearchModule:UnityEditor.Search:ASIAI0B' with importer (ScriptedImporter : UnityEditor.QuickSearchModule:UnityEditor.Search:ASIAI0B)
Imported 'GUID: 7a02f7efcd3e4f3baa0079e620bddbd7' -> (Import Result ID: '5ed63ec14487cb00e63a242d636176fd') in 0.005 seconds [static and dynamic dependencies]. Details - ImportResultOutputID=0e80c84f1f9cde82f87500fb1353a1cb DependenciesID=8326b0413905e390551077420d5d166f StaticDependenciesID=4e8e8a4c348cdcc12ae1e338e5255bf8 
Number of updated asset objects reloaded before import = 0
Number of asset objects unloaded after import = 0
========================================================================
Received Import Request.
  Time of request: 2026-06-22T05:06:18.2012701Z
  Time since last request: 0.0004768 seconds.
  importAddress: GUID: b5f0881228e5827438f74e9b7b33c2dc - Path: Packages/com.unity.timeline/Runtime/Utilities/IPropertyPreview.cs - Importer: ScriptedImporter/UnityEditor.QuickSearchModule:UnityEditor.Search:ASIAI0B
Importing 'GUID: b5f0881228e5827438f74e9b7b33c2dc - Path: Packages/com.unity.timeline/Runtime/Utilities/IPropertyPreview.cs - Importer: ScriptedImporter/UnityEditor.QuickSearchModule:UnityEditor.Search:ASIAI0B' with importer (ScriptedImporter : UnityEditor.QuickSearchModule:UnityEditor.Search:ASIAI0B)
Imported 'GUID: b5f0881228e5827438f74e9b7b33c2dc' -> (Import Result ID: '5109e7458b9823567f8c251ffcefaa78') in 0.011 seconds [static and dynamic dependencies]. Details - ImportResultOutputID=baacec61087d5c4c3ba685113258fa5e DependenciesID=6f153bf0eca197ba2432a02859dd83da StaticDependenciesID=ec47cb3a7e048bbb4ff0f4c70343417b 
Number of updated asset objects reloaded before import = 0
Number of asset objects unloaded after import = 0
========================================================================
Received Import Request.
  Time of request: 2026-06-22T05:06:18.2133031Z
  Time since last request: 0.0004181 seconds.
  importAddress: GUID: f779e779d62b5ca49b658236c337845d - Path: Packages/com.unity.timeline/Runtime/Utilities/TimeUtility.cs - Importer: ScriptedImporter/UnityEditor.QuickSearchModule:UnityEditor.Search:ASIAI0B
Importing 'GUID: f779e779d62b5ca49b658236c337845d - Path: Packages/com.unity.timeline/Runtime/Utilities/TimeUtility.cs - Importer: ScriptedImporter/UnityEditor.QuickSearchModule:UnityEditor.Search:ASIAI0B' with importer (ScriptedImporter : UnityEditor.QuickSearchModule:UnityEditor.Search:ASIAI0B)
Imported 'GUID: f779e779d62b5ca49b658236c337845d' -> (Import Result ID: '94724f896253f54430c872add7db466d') in 0.006 seconds [static and dynamic dependencies]. Details - ImportResultOutputID=2dc895438a6d99962cc6731fe917571a DependenciesID=c8151eb8894bea3db5d31901338958f2 StaticDependenciesID=917521b5d90bad9a27b3feafae6c2bae 
Number of updated asset objects reloaded before import = 0
Number of asset objects unloaded after import = 0
========================================================================
Received Import Request.
  Time of request: 2026-06-22T05:06:18.2209659Z
  Time since last request: 0.0008691 seconds.
  importAddress: GUID: f4f988528bbbb0846a4cb50efb4587a5 - Path: Packages/com.unity.timeline/Editor/Manipulators/Sequence/SelectAndMoveItem.cs - Importer: ScriptedImporter/UnityEditor.QuickSearchModule:UnityEditor.Search:ASIAI0B
Importing 'GUID: f4f988528bbbb0846a4cb50efb4587a5 - Path: Packages/com.unity.timeline/Editor/Manipulators/Sequence/SelectAndMoveItem.cs - Importer: ScriptedImporter/UnityEditor.QuickSearchModule:UnityEditor.Search:ASIAI0B' with importer (ScriptedImporter : UnityEditor.QuickSearchModule:UnityEditor.Search:ASIAI0B)
Imported 'GUID: f4f988528bbbb0846a4cb50efb4587a5' -> (Import Result ID: 'df68dae21f874519d2cf57ecf4dc5a11') in 0.005 seconds [static and dynamic dependencies]. Details - ImportResultOutputID=ec12df63af0e4e00452e4449fb4c0fbc DependenciesID=f4708df94e210a864f8c00f2019d08e5 StaticDependenciesID=07f97bd16c194f20aa60d5d0b8c96fa4 
Number of updated asset objects reloaded before import = 0
Number of asset objects unloaded after import = 0
========================================================================
Received Import Request.
  Time of request: 2026-06-22T05:06:18.2272677Z
  Time since last request: 0.0005836 seconds.
  importAddress: GUID: b46e36075dd1c124a8422c228e75e1fb - Path: Packages/com.unity.timeline/Runtime/Events/SignalTrack.cs - Importer: ScriptedImporter/UnityEditor.QuickSearchModule:UnityEditor.Search:ASIAI0B
Importing 'GUID: b46e36075dd1c124a8422c228e75e1fb - Path: Packages/com.unity.timeline/Runtime/Events/SignalTrack.cs - Importer: ScriptedImporter/UnityEditor.QuickSearchModule:UnityEditor.Search:ASIAI0B' with importer (ScriptedImporter : UnityEditor.QuickSearchModule:UnityEditor.Search:ASIAI0B)
Imported 'GUID: b46e36075dd1c124a8422c228e75e1fb' -> (Import Result ID: '135d80f573233208fd0e7410e7b3ec5d') in 0.005 seconds [static and dynamic dependencies]. Details - ImportResultOutputID=0acd981534d17599fe460396149e1d75 DependenciesID=0791d41d5a592bee35d73b2917a416bf StaticDependenciesID=d517b0bf9360b8473b2e3bcacd7c950c 
Number of updated asset objects reloaded before import = 0
Number of asset objects unloaded after import = 0
========================================================================
Received Import Request.
  Time of request: 2026-06-22T05:06:18.2326458Z
  Time since last request: 0.0005632 seconds.
  importAddress: GUID: d0080567f62c3f94cb75b2927a349e22 - Path: Packages/com.unity.timeline/Runtime/Utilities/AnimatorBindingCache.cs - Importer: ScriptedImporter/UnityEditor.QuickSearchModule:UnityEditor.Search:ASIAI0B
Importing 'GUID: d0080567f62c3f94cb75b2927a349e22 - Path: Packages/com.unity.timeline/Runtime/Utilities/AnimatorBindingCache.cs - Importer: ScriptedImporter/UnityEditor.QuickSearchModule:UnityEditor.Search:ASIAI0B' with importer (ScriptedImporter : UnityEditor.QuickSearchModule:UnityEditor.Search:ASIAI0B)
Imported 'GUID: d0080567f62c3f94cb75b2927a349e22' -> (Import Result ID: '54dbfbee9a20a33480e0f766dd398a00') in 0.009 seconds [static and dynamic dependencies]. Details - ImportResultOutputID=07b4d8006d74da291fcc8672594a6db1 DependenciesID=7d76d6910eac34c01da12941f504e82b StaticDependenciesID=c2c4a8570dde268ad23874dae97971d2 
Number of updated asset objects reloaded before import = 0
Number of asset objects unloaded after import = 0
========================================================================
Received Import Request.
  Time of request: 2026-06-22T05:06:18.2424169Z
  Time since last request: 0.0008923 seconds.
  importAddress: GUID: dff73c4907c95264c8fc095a81f9d51e - Path: Packages/com.unity.timeline/Editor/inspectors/ClipInspector/ClipInspector.cs - Importer: ScriptedImporter/UnityEditor.QuickSearchModule:UnityEditor.Search:ASIAI0B
Importing 'GUID: dff73c4907c95264c8fc095a81f9d51e - Path: Packages/com.unity.timeline/Editor/inspectors/ClipInspector/ClipInspector.cs - Importer: ScriptedImporter/UnityEditor.QuickSearchModule:UnityEditor.Search:ASIAI0B' with importer (ScriptedImporter : UnityEditor.QuickSearchModule:UnityEditor.Search:ASIAI0B)
Imported 'GUID: dff73c4907c95264c8fc095a81f9d51e' -> (Import Result ID: '9bae7eb5575466084542ef8286912b64') in 0.008 seconds [static and dynamic dependencies]. Details - ImportResultOutputID=d23e53c07ca6f319bb2a3b6ebe1fac2f DependenciesID=b6caf9d1ae238ac890be9549cfb47391 StaticDependenciesID=8a14d98f0faa1d2dcae0b8d54ff969cd 
Number of updated asset objects reloaded before import = 0
Number of asset objects unloaded after import = 0
========================================================================
Received Import Request.
  Time of request: 2026-06-22T05:06:18.2732991Z
  Time since last request: 0.0227943 seconds.
  importAddress: GUID: 5ea6a8a826704f743b3b0ce3e9d3c9a9 - Path: Packages/com.unity.timeline/Editor/treeview/Drawers/InfiniteTrackDrawer.cs - Importer: ScriptedImporter/UnityEditor.QuickSearchModule:UnityEditor.Search:ASIAI0B
Importing 'GUID: 5ea6a8a826704f743b3b0ce3e9d3c9a9 - Path: Packages/com.unity.timeline/Editor/treeview/Drawers/InfiniteTrackDrawer.cs - Importer: ScriptedImporter/UnityEditor.QuickSearchModule:UnityEditor.Search:ASIAI0B' with importer (ScriptedImporter : UnityEditor.QuickSearchModule:UnityEditor.Search:ASIAI0B)
Imported 'GUID: 5ea6a8a826704f743b3b0ce3e9d3c9a9' -> (Import Result ID: 'a3269f33a7f299ca4ab586133cca5c3e') in 0.005 seconds [static and dynamic dependencies]. Details - ImportResultOutputID=f9456c4cf672d260f464a7bb57e015dc DependenciesID=0ad343df2142ddd805618df81b1428df StaticDependenciesID=eeb5aa7540f96780bc4812783bc058e4 
Number of updated asset objects reloaded before import = 0
Number of asset objects unloaded after import = 0
========================================================================
Received Import Request.
  Time of request: 2026-06-22T05:06:18.2791261Z
  Time since last request: 0.0009714 seconds.
  importAddress: GUID: 63118a0c9ee42ac46b7f30e793177a76 - Path: Packages/com.unity.timeline/Editor/treeview/Drawers/ClipDrawer.cs - Importer: ScriptedImporter/UnityEditor.QuickSearchModule:UnityEditor.Search:ASIAI0B
Importing 'GUID: 63118a0c9ee42ac46b7f30e793177a76 - Path: Packages/com.unity.timeline/Editor/treeview/Drawers/ClipDrawer.cs - Importer: ScriptedImporter/UnityEditor.QuickSearchModule:UnityEditor.Search:ASIAI0B' with importer (ScriptedImporter : UnityEditor.QuickSearchModule:UnityEditor.Search:ASIAI0B)
Imported 'GUID: 63118a0c9ee42ac46b7f30e793177a76' -> (Import Result ID: '58381479d2c9c51b8a1bfafc91ee14fb') in 0.004 seconds [static and dynamic dependencies]. Details - ImportResultOutputID=a1425157afe9f579465e127aa16774d4 DependenciesID=9f11b76c79238091d4f33b0c8bb366f9 StaticDependenciesID=9765cad0e2c322e7dacad9ce8052cb74 
Number of updated asset objects reloaded before import = 0
Number of asset objects unloaded after import = 0
========================================================================
Received Import Request.
  Time of request: 2026-06-22T05:06:18.2836849Z
  Time since last request: 0.0005018 seconds.
  importAddress: GUID: 6ca745fb561cbf640b6e603f95662fa0 - Path: Packages/com.unity.timeline/Editor/Manipulators/Utils/EditModeReplaceUtils.cs - Importer: ScriptedImporter/UnityEditor.QuickSearchModule:UnityEditor.Search:ASIAI0B
Importing 'GUID: 6ca745fb561cbf640b6e603f95662fa0 - Path: Packages/com.unity.timeline/Editor/Manipulators/Utils/EditModeReplaceUtils.cs - Importer: ScriptedImporter/UnityEditor.QuickSearchModule:UnityEditor.Search:ASIAI0B' with importer (ScriptedImporter : UnityEditor.QuickSearchModule:UnityEditor.Search:ASIAI0B)
Imported 'GUID: 6ca745fb561cbf640b6e603f95662fa0' -> (Import Result ID: '7687649dea74a651c65caa63cb0e91b9') in 0.004 seconds [static and dynamic dependencies]. Details - ImportResultOutputID=61021ffb0cd4888a41b3a3244ebf2a2c DependenciesID=c1e9b74a36e0ff4d337513a72b0f2fa6 StaticDependenciesID=621e7dca6bc6ffc7c4dac618384461e0 
Number of updated asset objects reloaded before import = 0
Number of asset objects unloaded after import = 0
========================================================================
Received Import Request.
  Time of request: 2026-06-22T05:06:18.2885423Z
  Time since last request: 0.0004601 seconds.
  importAddress: GUID: 9a0f991b6c2f45b44b92e163f9969e8e - Path: Packages/com.unity.timeline/Editor/treeview/Drawers/TrackDrawer.cs - Importer: ScriptedImporter/UnityEditor.QuickSearchModule:UnityEditor.Search:ASIAI0B
Importing 'GUID: 9a0f991b6c2f45b44b92e163f9969e8e - Path: Packages/com.unity.timeline/Editor/treeview/Drawers/TrackDrawer.cs - Importer: ScriptedImporter/UnityEditor.QuickSearchModule:UnityEditor.Search:ASIAI0B' with importer (ScriptedImporter : UnityEditor.QuickSearchModule:UnityEditor.Search:ASIAI0B)
Imported 'GUID: 9a0f991b6c2f45b44b92e163f9969e8e' -> (Import Result ID: '73e689a2a7887b28f27d57656a72921d') in 0.004 seconds [static and dynamic dependencies]. Details - ImportResultOutputID=c96358a5a21cbf6b5dd90c9fccede8e3 DependenciesID=3c3b64383c43c780517e1c1639b7b89a StaticDependenciesID=e1401e72a918e043b10df1a7e0c3abd5 
Number of updated asset objects reloaded before import = 0
Number of asset objects unloaded after import = 0
========================================================================
Received Import Request.
  Time of request: 2026-06-22T05:06:18.2933899Z
  Time since last request: 0.0006341 seconds.
  importAddress: GUID: 3c01b61b3a6887c49a15276fd38be918 - Path: Packages/com.unity.timeline/Editor/treeview/ItemGui/TimelineClipGUI.cs - Importer: ScriptedImporter/UnityEditor.QuickSearchModule:UnityEditor.Search:ASIAI0B
Importing 'GUID: 3c01b61b3a6887c49a15276fd38be918 - Path: Packages/com.unity.timeline/Editor/treeview/ItemGui/TimelineClipGUI.cs - Importer: ScriptedImporter/UnityEditor.QuickSearchModule:UnityEditor.Search:ASIAI0B' with importer (ScriptedImporter : UnityEditor.QuickSearchModule:UnityEditor.Search:ASIAI0B)
Imported 'GUID: 3c01b61b3a6887c49a15276fd38be918' -> (Import Result ID: '48eb72e3b4ef79f8c3470753860af0ec') in 0.004 seconds [static and dynamic dependencies]. Details - ImportResultOutputID=bfdc7d124199cf335f82570264e7cbb7 DependenciesID=65a47fff37ecf230a1a1c7802d1137d8 StaticDependenciesID=7d250d527cc1af73b19e5fe9c8e69cf0 
Number of updated asset objects reloaded before import = 0
Number of asset objects unloaded after import = 0
========================================================================
Received Import Request.
  Time of request: 2026-06-22T05:06:18.297679Z
  Time since last request: 0.0004742 seconds.
  importAddress: GUID: ada555936059fa149bb48537842ee230 - Path: Packages/com.unity.timeline/Editor/StyleSheets/Extensions/common.uss - Importer: ScriptedImporter/UnityEditor.QuickSearchModule:UnityEditor.Search:ASIAI0B
Importing 'GUID: ada555936059fa149bb48537842ee230 - Path: Packages/com.unity.timeline/Editor/StyleSheets/Extensions/common.uss - Importer: ScriptedImporter/UnityEditor.QuickSearchModule:UnityEditor.Search:ASIAI0B' with importer (ScriptedImporter : UnityEditor.QuickSearchModule:UnityEditor.Search:ASIAI0B)
Imported 'GUID: ada555936059fa149bb48537842ee230' -> (Import Result ID: 'de7603948a82baa0ab0bb2ac490a9498') in 0.034 seconds [static and dynamic dependencies]. Details - ImportResultOutputID=4d609e275d818b7dc076d2a5ea85bfed DependenciesID=5c8890e40fd6cc923dee4869fc93e1b8 StaticDependenciesID=6daf300df4949cc5202abd5f4949242e 
Number of updated asset objects reloaded before import = 0
Number of asset objects unloaded after import = 1
========================================================================
Received Import Request.
  Time of request: 2026-06-22T05:06:18.3468358Z
  Time since last request: 0.0150385 seconds.
  importAddress: GUID: 183f7b7549219ab47becb461a16df882 - Path: Packages/com.unity.timeline/Editor/StyleSheets/Images/DarkSkin/TimelineAutokey_active@2x.png - Importer: ScriptedImporter/UnityEditor.QuickSearchModule:UnityEditor.Search:ASIAI0B
Importing 'GUID: 183f7b7549219ab47becb461a16df882 - Path: Packages/com.unity.timeline/Editor/StyleSheets/Images/DarkSkin/TimelineAutokey_active@2x.png - Importer: ScriptedImporter/UnityEditor.QuickSearchModule:UnityEditor.Search:ASIAI0B' with importer (ScriptedImporter : UnityEditor.QuickSearchModule:UnityEditor.Search:ASIAI0B)
Imported 'GUID: 183f7b7549219ab47becb461a16df882' -> (Import Result ID: 'c2857a5a962a413cd63f9d3e0f942efd') in 0.033 seconds [static and dynamic dependencies]. Details - ImportResultOutputID=d162c82002a027e9ae70ba895ad502d8 DependenciesID=24b7649d5ea246be1e15a9af0e8eeb88 StaticDependenciesID=59621e22bea6f45b6ea53887758cc29c 
Number of updated asset objects reloaded before import = 0
Number of asset objects unloaded after import = 1
========================================================================
Received Import Request.
  Time of request: 2026-06-22T05:06:18.3985414Z
  Time since last request: 0.0181075 seconds.
  importAddress: GUID: e8aa120f1b4731e43a2dd31eb70bbbe2 - Path: Packages/com.unity.timeline/Editor/StyleSheets/Images/Icons/d_TrackLockButtonEnabled.png - Importer: ScriptedImporter/UnityEditor.QuickSearchModule:UnityEditor.Search:ASIAI0B
Importing 'GUID: e8aa120f1b4731e43a2dd31eb70bbbe2 - Path: Packages/com.unity.timeline/Editor/StyleSheets/Images/Icons/d_TrackLockButtonEnabled.png - Importer: ScriptedImporter/UnityEditor.QuickSearchModule:UnityEditor.Search:ASIAI0B' with importer (ScriptedImporter : UnityEditor.QuickSearchModule:UnityEditor.Search:ASIAI0B)
Imported 'GUID: e8aa120f1b4731e43a2dd31eb70bbbe2' -> (Import Result ID: '5344b9b8301c2bd5eab6fcfaf76bec32') in 0.006 seconds [static and dynamic dependencies]. Details - ImportResultOutputID=5a7fc06fb67ee2890cc92cf6828247e9 DependenciesID=b3767d504b0dc1ecb598d220f7345972 StaticDependenciesID=a3f02a5249c6f65ae828157bfcbf13df 
Number of updated asset objects reloaded before import = 0
Number of asset objects unloaded after import = 1
========================================================================
Received Import Request.
  Time of request: 2026-06-22T05:06:18.4056675Z
  Time since last request: 0.0007033 seconds.
  importAddress: GUID: 4f8d98ef7dbbe3d469e14c04722cbeed - Path: Packages/com.unity.timeline/Editor/StyleSheets/Images/Icons/d_TimelineHeaderMarkerIcon.png - Importer: ScriptedImporter/UnityEditor.QuickSearchModule:UnityEditor.Search:ASIAI0B
Importing 'GUID: 4f8d98ef7dbbe3d469e14c04722cbeed - Path: Packages/com.unity.timeline/Editor/StyleSheets/Images/Icons/d_TimelineHeaderMarkerIcon.png - Importer: ScriptedImporter/UnityEditor.QuickSearchModule:UnityEditor.Search:ASIAI0B' with importer (ScriptedImporter : UnityEditor.QuickSearchModule:UnityEditor.Search:ASIAI0B)
Imported 'GUID: 4f8d98ef7dbbe3d469e14c04722cbeed' -> (Import Result ID: 'd23b850fa3ef4e5fab28b924fd07e59a') in 0.011 seconds [static and dynamic dependencies]. Details - ImportResultOutputID=bb314074d5d9d7068b299fc4c96af923 DependenciesID=b20154d49d0d20b67107bd5c8b1fcd94 StaticDependenciesID=9aadb84881ff0a670f53fa77a8718e4b 
Number of updated asset objects reloaded before import = 0
Number of asset objects unloaded after import = 1
========================================================================
Received Import Request.
  Time of request: 2026-06-22T05:06:18.4178897Z
  Time since last request: 0.0004669 seconds.
  importAddress: GUID: 0e5ba0f04df278944a8f5a62f64f5aa6 - Path: Packages/com.unity.timeline/Editor/StyleSheets/Images/Icons/d_TrackRecordButtonEnabled.png - Importer: ScriptedImporter/UnityEditor.QuickSearchModule:UnityEditor.Search:ASIAI0B
Importing 'GUID: 0e5ba0f04df278944a8f5a62f64f5aa6 - Path: Packages/com.unity.timeline/Editor/StyleSheets/Images/Icons/d_TrackRecordButtonEnabled.png - Importer: ScriptedImporter/UnityEditor.QuickSearchModule:UnityEditor.Search:ASIAI0B' with importer (ScriptedImporter : UnityEditor.QuickSearchModule:UnityEditor.Search:ASIAI0B)
Imported 'GUID: 0e5ba0f04df278944a8f5a62f64f5aa6' -> (Import Result ID: '41c4c1531628543a57e5443eb67531a3') in 0.009 seconds [static and dynamic dependencies]. Details - ImportResultOutputID=de41216937faab22710e177aef6af34d DependenciesID=007c4a7575d545c04ef0bac059c5ab8d StaticDependenciesID=2465790cac1cd7dd7f3d488518edcfb8 
Number of updated asset objects reloaded before import = 0
Number of asset objects unloaded after import = 1
========================================================================
Received Import Request.
  Time of request: 2026-06-22T05:06:18.4274198Z
  Time since last request: 0.0003606 seconds.
  importAddress: GUID: 360dded8761e81d4d98c10f469d55492 - Path: Packages/com.unity.timeline/Editor/StyleSheets/Images/DarkSkin/TimelineLoop.png - Importer: ScriptedImporter/UnityEditor.QuickSearchModule:UnityEditor.Search:ASIAI0B
Importing 'GUID: 360dded8761e81d4d98c10f469d55492 - Path: Packages/com.unity.timeline/Editor/StyleSheets/Images/DarkSkin/TimelineLoop.png - Importer: ScriptedImporter/UnityEditor.QuickSearchModule:UnityEditor.Search:ASIAI0B' with importer (ScriptedImporter : UnityEditor.QuickSearchModule:UnityEditor.Search:ASIAI0B)
Imported 'GUID: 360dded8761e81d4d98c10f469d55492' -> (Import Result ID: 'ce7962333539edbeec33199b68b3c93a') in 0.008 seconds [static and dynamic dependencies]. Details - ImportResultOutputID=ed6f2fe36e070e5068fd3c242c752fb0 DependenciesID=64bc3c8cb707faf55de237cadf4b126c StaticDependenciesID=d706f027661b606048e354c92160b047 
Number of updated asset objects reloaded before import = 0
Number of asset objects unloaded after import = 1
========================================================================
Received Import Request.
  Time of request: 2026-06-22T05:06:18.4363938Z
  Time since last request: 0.0005709 seconds.
  importAddress: GUID: c207dcd389fb689489f5266468cd4609 - Path: Packages/com.unity.timeline/Editor/StyleSheets/Images/Icons/d_TrackAvatarButtonEnabled.png - Importer: ScriptedImporter/UnityEditor.QuickSearchModule:UnityEditor.Search:ASIAI0B
Importing 'GUID: c207dcd389fb689489f5266468cd4609 - Path: Packages/com.unity.timeline/Editor/StyleSheets/Images/Icons/d_TrackAvatarButtonEnabled.png - Importer: ScriptedImporter/UnityEditor.QuickSearchModule:UnityEditor.Search:ASIAI0B' with importer (ScriptedImporter : UnityEditor.QuickSearchModule:UnityEditor.Search:ASIAI0B)
Imported 'GUID: c207dcd389fb689489f5266468cd4609' -> (Import Result ID: 'cd2480eafda9682ce969451ec1245662') in 0.008 seconds [static and dynamic dependencies]. Details - ImportResultOutputID=3526fe14f662b938c306376bcb367118 DependenciesID=b06a2119b9e84817f7a7e4b35b5e6285 StaticDependenciesID=c5269ae6d85a099af0a55db5fba8251d 
Number of updated asset objects reloaded before import = 0
Number of asset objects unloaded after import = 1
========================================================================
Received Import Request.
  Time of request: 2026-06-22T05:06:18.4453992Z
  Time since last request: 0.0004224 seconds.
  importAddress: GUID: f179d9a3cccffb04ba2e27f681e9b147 - Path: Packages/com.unity.timeline/Editor/StyleSheets/Images/DarkSkin/TimelineMarkerItemCollapsed.png - Importer: ScriptedImporter/UnityEditor.QuickSearchModule:UnityEditor.Search:ASIAI0B
Importing 'GUID: f179d9a3cccffb04ba2e27f681e9b147 - Path: Packages/com.unity.timeline/Editor/StyleSheets/Images/DarkSkin/TimelineMarkerItemCollapsed.png - Importer: ScriptedImporter/UnityEditor.QuickSearchModule:UnityEditor.Search:ASIAI0B' with importer (ScriptedImporter : UnityEditor.QuickSearchModule:UnityEditor.Search:ASIAI0B)
Imported 'GUID: f179d9a3cccffb04ba2e27f681e9b147' -> (Import Result ID: '210cdd44cd4f5c3b778372dd412b5e6a') in 0.008 seconds [static and dynamic dependencies]. Details - ImportResultOutputID=8a58889ceb5feb84f203853467805593 DependenciesID=51fbe2e2ed8f942ccae80af7d09c1a32 StaticDependenciesID=6f6471fa1261e3f2d24bf5492e7a3244 
Number of updated asset objects reloaded before import = 0
Number of asset objects unloaded after import = 1
========================================================================
Received Import Request.
  Time of request: 2026-06-22T05:06:18.4537356Z
  Time since last request: 0.000431 seconds.
  importAddress: GUID: 39d9575ed0465354cb02b69ea18526de - Path: Packages/com.unity.timeline/Editor/StyleSheets/Images/Icons/d_TimelineEditModeMixOFF.png - Importer: ScriptedImporter/UnityEditor.QuickSearchModule:UnityEditor.Search:ASIAI0B
Importing 'GUID: 39d9575ed0465354cb02b69ea18526de - Path: Packages/com.unity.timeline/Editor/StyleSheets/Images/Icons/d_TimelineEditModeMixOFF.png - Importer: ScriptedImporter/UnityEditor.QuickSearchModule:UnityEditor.Search:ASIAI0B' with importer (ScriptedImporter : UnityEditor.QuickSearchModule:UnityEditor.Search:ASIAI0B)
Imported 'GUID: 39d9575ed0465354cb02b69ea18526de' -> (Import Result ID: 'c7ae55247cb93c90a1402e6cb3411ed2') in 0.012 seconds [static and dynamic dependencies]. Details - ImportResultOutputID=c1a6a290fe89eb45c93468ca3d331249 DependenciesID=ef130fed89bd7c167d23654516cc520e StaticDependenciesID=e14906d82a94bf2ca3654f172c44dae9 
Number of updated asset objects reloaded before import = 0
Number of asset objects unloaded after import = 1
========================================================================
Received Import Request.
  Time of request: 2026-06-22T05:06:18.4669573Z
  Time since last request: 0.0004267 seconds.
  importAddress: GUID: 0f1c9a12872a30f45bab34f536332bb3 - Path: Packages/com.unity.timeline/Editor/StyleSheets/Images/Icons/d_TrackRecordButtonEnabled@2x.png - Importer: ScriptedImporter/UnityEditor.QuickSearchModule:UnityEditor.Search:ASIAI0B
Importing 'GUID: 0f1c9a12872a30f45bab34f536332bb3 - Path: Packages/com.unity.timeline/Editor/StyleSheets/Images/Icons/d_TrackRecordButtonEnabled@2x.png - Importer: ScriptedImporter/UnityEditor.QuickSearchModule:UnityEditor.Search:ASIAI0B' with importer (ScriptedImporter : UnityEditor.QuickSearchModule:UnityEditor.Search:ASIAI0B)
Imported 'GUID: 0f1c9a12872a30f45bab34f536332bb3' -> (Import Result ID: 'eebdcf4599e436632fd6b0d6eb414fba') in 0.009 seconds [static and dynamic dependencies]. Details - ImportResultOutputID=0730d132744c864a6f57c9784d722ac3 DependenciesID=211f07b876e9239dc9d76d3215a19580 StaticDependenciesID=f67b2e4b4a0e5ef29d06aa2af8a6fc89 
Number of updated asset objects reloaded before import = 0
Number of asset objects unloaded after import = 1
========================================================================
Received Import Request.
  Time of request: 2026-06-22T05:06:18.4767905Z
  Time since last request: 0.0005017 seconds.
  importAddress: GUID: 09ae14686a02d484ab41e76fd1efba14 - Path: Packages/com.unity.timeline/Editor/StyleSheets/Images/Icons/TimelineEditModeReplaceOFF.png - Importer: ScriptedImporter/UnityEditor.QuickSearchModule:UnityEditor.Search:ASIAI0B
Importing 'GUID: 09ae14686a02d484ab41e76fd1efba14 - Path: Packages/com.unity.timeline/Editor/StyleSheets/Images/Icons/TimelineEditModeReplaceOFF.png - Importer: ScriptedImporter/UnityEditor.QuickSearchModule:UnityEditor.Search:ASIAI0B' with importer (ScriptedImporter : UnityEditor.QuickSearchModule:UnityEditor.Search:ASIAI0B)
Imported 'GUID: 09ae14686a02d484ab41e76fd1efba14' -> (Import Result ID: '742519962e734876d3e9670828617a10') in 0.009 seconds [static and dynamic dependencies]. Details - ImportResultOutputID=f05d4a9cc810aed3c6cdb70014c6a0cf DependenciesID=29b1be9a7ab49fc1c143aa90135e5016 StaticDependenciesID=ab9b3476e878fab19acb21bbb7746a28 
Number of updated asset objects reloaded before import = 0
Number of asset objects unloaded after import = 1
========================================================================
Received Import Request.
  Time of request: 2026-06-22T05:06:18.486353Z
  Time since last request: 0.000505 seconds.
  importAddress: GUID: 9c6daec86666cbb4b9e558b839a103db - Path: Packages/com.unity.timeline/Editor/StyleSheets/Images/Icons/d_TrackRecordButtonDisabled.png - Importer: ScriptedImporter/UnityEditor.QuickSearchModule:UnityEditor.Search:ASIAI0B
Importing 'GUID: 9c6daec86666cbb4b9e558b839a103db - Path: Packages/com.unity.timeline/Editor/StyleSheets/Images/Icons/d_TrackRecordButtonDisabled.png - Importer: ScriptedImporter/UnityEditor.QuickSearchModule:UnityEditor.Search:ASIAI0B' with importer (ScriptedImporter : UnityEditor.QuickSearchModule:UnityEditor.Search:ASIAI0B)
Imported 'GUID: 9c6daec86666cbb4b9e558b839a103db' -> (Import Result ID: '6667d262796e72689fb185886c79a34d') in 0.008 seconds [static and dynamic dependencies]. Details - ImportResultOutputID=23282e20b6e2cd24dd67f848180aa312 DependenciesID=dbea9e88613cd2e0d947c7567470a3e6 StaticDependenciesID=1f4a4676124e3c71a3e066bed404ecca 
Number of updated asset objects reloaded before import = 0
Number of asset objects unloaded after import = 1
========================================================================
Received Import Request.
  Time of request: 2026-06-22T05:06:18.4955884Z
  Time since last request: 0.0006343 seconds.
  importAddress: GUID: 7b4b3cedf598c954cb2f38d6e2e34c0d - Path: Packages/com.unity.timeline/Editor/StyleSheets/Images/Icons/d_TimelineEditModeReplaceON.png - Importer: ScriptedImporter/UnityEditor.QuickSearchModule:UnityEditor.Search:ASIAI0B
Importing 'GUID: 7b4b3cedf598c954cb2f38d6e2e34c0d - Path: Packages/com.unity.timeline/Editor/StyleSheets/Images/Icons/d_TimelineEditModeReplaceON.png - Importer: ScriptedImporter/UnityEditor.QuickSearchModule:UnityEditor.Search:ASIAI0B' with importer (ScriptedImporter : UnityEditor.QuickSearchModule:UnityEditor.Search:ASIAI0B)
Imported 'GUID: 7b4b3cedf598c954cb2f38d6e2e34c0d' -> (Import Result ID: '1122045866022982411e47c6888e58db') in 0.010 seconds [static and dynamic dependencies]. Details - ImportResultOutputID=20098e312c00ef589ecdf30f64e3efe0 DependenciesID=2a37cb75f75ab4b39f1168f1555b1d03 StaticDependenciesID=141cdbc601963a6ef628f4c2818755ac 
Number of updated asset objects reloaded before import = 0
Number of asset objects unloaded after import = 1
========================================================================
Received Import Request.
  Time of request: 2026-06-22T05:06:18.5059197Z
  Time since last request: 0.0004644 seconds.
  importAddress: GUID: d3b5c4f7d6b94f64085b3713bffa680e - Path: Packages/com.unity.timeline/Editor/StyleSheets/Images/DarkSkin/TimelinePingPong.png - Importer: ScriptedImporter/UnityEditor.QuickSearchModule:UnityEditor.Search:ASIAI0B
Importing 'GUID: d3b5c4f7d6b94f64085b3713bffa680e - Path: Packages/com.unity.timeline/Editor/StyleSheets/Images/DarkSkin/TimelinePingPong.png - Importer: ScriptedImporter/UnityEditor.QuickSearchModule:UnityEditor.Search:ASIAI0B' with importer (ScriptedImporter : UnityEditor.QuickSearchModule:UnityEditor.Search:ASIAI0B)
Imported 'GUID: d3b5c4f7d6b94f64085b3713bffa680e' -> (Import Result ID: '4e1c8d3d06d3088ba650d0cdbc176c18') in 0.007 seconds [static and dynamic dependencies]. Details - ImportResultOutputID=30963e208dd3c8127ab9a192254b23b1 DependenciesID=af8c69145a007499bd637ec6c0fa6b86 StaticDependenciesID=93eff9cd366d7d0b8f4e96f3de9dc142 
Number of updated asset objects reloaded before import = 0
Number of asset objects unloaded after import = 1
========================================================================
Received Import Request.
  Time of request: 2026-06-22T05:06:18.5319395Z
  Time since last request: 0.0185465 seconds.
  importAddress: GUID: 512aaee9b220348408a2e518f98d6e14 - Path: Packages/com.unity.timeline/Editor/StyleSheets/Images/Icons/TrackMuteButtonEnabled@2x.png - Importer: ScriptedImporter/UnityEditor.QuickSearchModule:UnityEditor.Search:ASIAI0B
Importing 'GUID: 512aaee9b220348408a2e518f98d6e14 - Path: Packages/com.unity.timeline/Editor/StyleSheets/Images/Icons/TrackMuteButtonEnabled@2x.png - Importer: ScriptedImporter/UnityEditor.QuickSearchModule:UnityEditor.Search:ASIAI0B' with importer (ScriptedImporter : UnityEditor.QuickSearchModule:UnityEditor.Search:ASIAI0B)
Imported 'GUID: 512aaee9b220348408a2e518f98d6e14' -> (Import Result ID: '8c032f51381264d0d64f75f46d0a0157') in 0.007 seconds [static and dynamic dependencies]. Details - ImportResultOutputID=739d0a0899e63d0fda70e9ca49b951ba DependenciesID=a37e8f561c48514154c5dbecf9f82be3 StaticDependenciesID=cdfe60a39be549de348db607c590b65b 
Number of updated asset objects reloaded before import = 0
Number of asset objects unloaded after import = 1
========================================================================
Received Import Request.
  Time of request: 2026-06-22T05:06:18.5405869Z
  Time since last request: 0.0010742 seconds.
  importAddress: GUID: 73f5ebb64da7b2a40ab6bffac80f1a61 - Path: Packages/com.unity.timeline/Editor/StyleSheets/Images/Icons/TimelineSelector.png - Importer: ScriptedImporter/UnityEditor.QuickSearchModule:UnityEditor.Search:ASIAI0B
Importing 'GUID: 73f5ebb64da7b2a40ab6bffac80f1a61 - Path: Packages/com.unity.timeline/Editor/StyleSheets/Images/Icons/TimelineSelector.png - Importer: ScriptedImporter/UnityEditor.QuickSearchModule:UnityEditor.Search:ASIAI0B' with importer (ScriptedImporter : UnityEditor.QuickSearchModule:UnityEditor.Search:ASIAI0B)
Imported 'GUID: 73f5ebb64da7b2a40ab6bffac80f1a61' -> (Import Result ID: '3d3766c202adb663d10fb9c52279a541') in 0.008 seconds [static and dynamic dependencies]. Details - ImportResultOutputID=74aabbef009ed02dc1b66ee04a98d2f0 DependenciesID=c8eea207aa625aac902b61728aa8654d StaticDependenciesID=72db2c835a7f464d9a474f3d1870d3d7 
Number of updated asset objects reloaded before import = 0
Number of asset objects unloaded after import = 1
========================================================================
Received Import Request.
  Time of request: 2026-06-22T05:06:18.5494987Z
  Time since last request: 0.0008208 seconds.
  importAddress: GUID: 5216b1b48296ef345ad2d2ec43105bf0 - Path: Packages/com.unity.timeline/Editor/StyleSheets/Images/Icons/TrackMuteButtonDisabled.png - Importer: ScriptedImporter/UnityEditor.QuickSearchModule:UnityEditor.Search:ASIAI0B
Importing 'GUID: 5216b1b48296ef345ad2d2ec43105bf0 - Path: Packages/com.unity.timeline/Editor/StyleSheets/Images/Icons/TrackMuteButtonDisabled.png - Importer: ScriptedImporter/UnityEditor.QuickSearchModule:UnityEditor.Search:ASIAI0B' with importer (ScriptedImporter : UnityEditor.QuickSearchModule:UnityEditor.Search:ASIAI0B)
Imported 'GUID: 5216b1b48296ef345ad2d2ec43105bf0' -> (Import Result ID: 'c5bc0ce4f5e1c113e8a956094f869e9c') in 0.011 seconds [static and dynamic dependencies]. Details - ImportResultOutputID=16e9224b8e5f9f838c0069f4c72be51d DependenciesID=284781595f3641ca6b9e8edff035951b StaticDependenciesID=6374f93aa6623b1dd725c9b267b23ad7 
Number of updated asset objects reloaded before import = 0
Number of asset objects unloaded after import = 1
========================================================================
Received Import Request.
  Time of request: 2026-06-22T05:06:18.5613378Z
  Time since last request: 0.0006466 seconds.
  importAddress: GUID: c35a22ede3f5feb488bf69587ddc36ed - Path: Packages/com.unity.timeline/Editor/StyleSheets/Images/Icons/TrackMarkerButtonEnabled@2x.png - Importer: ScriptedImporter/UnityEditor.QuickSearchModule:UnityEditor.Search:ASIAI0B
Importing 'GUID: c35a22ede3f5feb488bf69587ddc36ed - Path: Packages/com.unity.timeline/Editor/StyleSheets/Images/Icons/TrackMarkerButtonEnabled@2x.png - Importer: ScriptedImporter/UnityEditor.QuickSearchModule:UnityEditor.Search:ASIAI0B' with importer (ScriptedImporter : UnityEditor.QuickSearchModule:UnityEditor.Search:ASIAI0B)
Imported 'GUID: c35a22ede3f5feb488bf69587ddc36ed' -> (Import Result ID: '88d7899e58afb4810239d70dc2434928') in 0.009 seconds [static and dynamic dependencies]. Details - ImportResultOutputID=954e53c2dc3ae105521b688ec1284e39 DependenciesID=6a5078306c4eb3881c1ed54665fd1d85 StaticDependenciesID=24b75f6ddf0b92b213f1814885f94ea2 
Number of updated asset objects reloaded before import = 0
Number of asset objects unloaded after import = 1
========================================================================
Received Import Request.
  Time of request: 2026-06-22T05:06:18.5710555Z
  Time since last request: 0.0006435 seconds.
  importAddress: GUID: db31466324572e740a431e4e0e03a016 - Path: Packages/com.unity.timeline/Editor/StyleSheets/Images/Icons/TrackMuteButtonDisabled@2x.png - Importer: ScriptedImporter/UnityEditor.QuickSearchModule:UnityEditor.Search:ASIAI0B
Importing 'GUID: db31466324572e740a431e4e0e03a016 - Path: Packages/com.unity.timeline/Editor/StyleSheets/Images/Icons/TrackMuteButtonDisabled@2x.png - Importer: ScriptedImporter/UnityEditor.QuickSearchModule:UnityEditor.Search:ASIAI0B' with importer (ScriptedImporter : UnityEditor.QuickSearchModule:UnityEditor.Search:ASIAI0B)
Imported 'GUID: db31466324572e740a431e4e0e03a016' -> (Import Result ID: 'f55f29b7cc0758f480c907e0a79bd9fd') in 0.008 seconds [static and dynamic dependencies]. Details - ImportResultOutputID=3b20cd9d07c014aa9e1ae4bfeb3f72d5 DependenciesID=307949fdf82f6ebc9393c164ad6fdf8b StaticDependenciesID=c8efd9908a311b74af95387634feba09 
Number of updated asset objects reloaded before import = 0
Number of asset objects unloaded after import = 1
========================================================================
Received Import Request.
  Time of request: 2026-06-22T05:06:18.5795307Z
  Time since last request: 0.0006246 seconds.
  importAddress: GUID: 51bf5f55a8a01e546bf6092b54fdae20 - Path: Packages/com.unity.timeline/Editor/StyleSheets/Images/Icons/TrackAvatarButtonEnabled@2x.png - Importer: ScriptedImporter/UnityEditor.QuickSearchModule:UnityEditor.Search:ASIAI0B
Importing 'GUID: 51bf5f55a8a01e546bf6092b54fdae20 - Path: Packages/com.unity.timeline/Editor/StyleSheets/Images/Icons/TrackAvatarButtonEnabled@2x.png - Importer: ScriptedImporter/UnityEditor.QuickSearchModule:UnityEditor.Search:ASIAI0B' with importer (ScriptedImporter : UnityEditor.QuickSearchModule:UnityEditor.Search:ASIAI0B)
Imported 'GUID: 51bf5f55a8a01e546bf6092b54fdae20' -> (Import Result ID: 'c791c906d7f550b531fb68db476fbb54') in 0.008 seconds [static and dynamic dependencies]. Details - ImportResultOutputID=cc8c355bc19eaa3676c9777d4134336d DependenciesID=1c09f8aecd2910f59657aeee3c1f37af StaticDependenciesID=c4456128be22ba1f6a73924ddc9a37ec 
Number of updated asset objects reloaded before import = 0
Number of asset objects unloaded after import = 1
========================================================================
Received Import Request.
  Time of request: 2026-06-22T05:06:18.5882281Z
  Time since last request: 0.000342 seconds.
  importAddress: GUID: c7df1e797b21c774f9b859d17f674737 - Path: Packages/com.unity.timeline/Editor/StyleSheets/Images/LightSkin/TimelineLoop.png - Importer: ScriptedImporter/UnityEditor.QuickSearchModule:UnityEditor.Search:ASIAI0B
Importing 'GUID: c7df1e797b21c774f9b859d17f674737 - Path: Packages/com.unity.timeline/Editor/StyleSheets/Images/LightSkin/TimelineLoop.png - Importer: ScriptedImporter/UnityEditor.QuickSearchModule:UnityEditor.Search:ASIAI0B' with importer (ScriptedImporter : UnityEditor.QuickSearchModule:UnityEditor.Search:ASIAI0B)
Imported 'GUID: c7df1e797b21c774f9b859d17f674737' -> (Import Result ID: 'fedff0f961c5292fe6754385ebf1f067') in 0.010 seconds [static and dynamic dependencies]. Details - ImportResultOutputID=58add6b91bfb2ab4cee85d4e7aed05bb DependenciesID=9790c746c61c3652eb6511d397db181c StaticDependenciesID=ccff7666ba38d460bf5e3a46101cd93f 
Number of updated asset objects reloaded before import = 0
Number of asset objects unloaded after import = 1
========================================================================
Received Import Request.
  Time of request: 2026-06-22T05:06:18.5987439Z
  Time since last request: 0.0003808 seconds.
  importAddress: GUID: ef97f39912c138b4cabdccedfb24093b - Path: Packages/com.unity.timeline/Editor/treeview/Drawers/Layers/ItemsLayer.cs - Importer: ScriptedImporter/UnityEditor.QuickSearchModule:UnityEditor.Search:ASIAI0B
Importing 'GUID: ef97f39912c138b4cabdccedfb24093b - Path: Packages/com.unity.timeline/Editor/treeview/Drawers/Layers/ItemsLayer.cs - Importer: ScriptedImporter/UnityEditor.QuickSearchModule:UnityEditor.Search:ASIAI0B' with importer (ScriptedImporter : UnityEditor.QuickSearchModule:UnityEditor.Search:ASIAI0B)
Imported 'GUID: ef97f39912c138b4cabdccedfb24093b' -> (Import Result ID: '918a953b4265f8be576814b36907e87d') in 0.004 seconds [static and dynamic dependencies]. Details - ImportResultOutputID=d0f7dcd201a49bac14f85a200740d73d DependenciesID=65b46133c68fc80d5bf1ff396f9d10f5 StaticDependenciesID=7d5c7f15a588fd7938663b7e4bb88936 
Number of updated asset objects reloaded before import = 0
Number of asset objects unloaded after import = 0
========================================================================
Received Import Request.
  Time of request: 2026-06-22T05:06:18.6029836Z
  Time since last request: 0.0003566 seconds.
  importAddress: GUID: 7d4691eba7565c34ab785c00fbc27ff8 - Path: Packages/com.unity.timeline/Editor/StyleSheets/Images/LightSkin/TimelineMarkerItemCollapsed.png - Importer: ScriptedImporter/UnityEditor.QuickSearchModule:UnityEditor.Search:ASIAI0B
Importing 'GUID: 7d4691eba7565c34ab785c00fbc27ff8 - Path: Packages/com.unity.timeline/Editor/StyleSheets/Images/LightSkin/TimelineMarkerItemCollapsed.png - Importer: ScriptedImporter/UnityEditor.QuickSearchModule:UnityEditor.Search:ASIAI0B' with importer (ScriptedImporter : UnityEditor.QuickSearchModule:UnityEditor.Search:ASIAI0B)
Imported 'GUID: 7d4691eba7565c34ab785c00fbc27ff8' -> (Import Result ID: '6d55a0577111cb57156bacf8ec9f7ef8') in 0.010 seconds [static and dynamic dependencies]. Details - ImportResultOutputID=2daacd97ce595895ad74bba88704799b DependenciesID=aad98a41686570ab9340fec1ac78a2c4 StaticDependenciesID=dc9ab27f86db29ceee863548657b9d00 
Number of updated asset objects reloaded before import = 0
Number of asset objects unloaded after import = 1
========================================================================
Received Import Request.
  Time of request: 2026-06-22T05:06:18.614074Z
  Time since last request: 0.0004017 seconds.
  importAddress: GUID: c5c1f094d9a9b3f4c9cc6c3a87af871c - Path: Packages/com.unity.timeline/Editor/StyleSheets/Images/Icons/TimelineEditModeRippleON.png - Importer: ScriptedImporter/UnityEditor.QuickSearchModule:UnityEditor.Search:ASIAI0B
Importing 'GUID: c5c1f094d9a9b3f4c9cc6c3a87af871c - Path: Packages/com.unity.timeline/Editor/StyleSheets/Images/Icons/TimelineEditModeRippleON.png - Importer: ScriptedImporter/UnityEditor.QuickSearchModule:UnityEditor.Search:ASIAI0B' with importer (ScriptedImporter : UnityEditor.QuickSearchModule:UnityEditor.Search:ASIAI0B)
Imported 'GUID: c5c1f094d9a9b3f4c9cc6c3a87af871c' -> (Import Result ID: '2ef3f8fbc9fe06ead3c94a6b58cb0f09') in 0.007 seconds [static and dynamic dependencies]. Details - ImportResultOutputID=f74619ff036a1bde9ee314733802853d DependenciesID=3fbe407ed6e4b182f7852e3c9d4bfe45 StaticDependenciesID=849e87ad0f5bcd68ba49c29e079a03e7 
Number of updated asset objects reloaded before import = 0
Number of asset objects unloaded after import = 1
========================================================================
Received Import Request.
  Time of request: 2026-06-22T05:06:18.6220356Z
  Time since last request: 0.0004447 seconds.
  importAddress: GUID: db66ea47c76423f4a881937d34495801 - Path: Packages/com.unity.timeline/Editor/StyleSheets/Images/Shared/TimelineBottomShadow.png - Importer: ScriptedImporter/UnityEditor.QuickSearchModule:UnityEditor.Search:ASIAI0B
Importing 'GUID: db66ea47c76423f4a881937d34495801 - Path: Packages/com.unity.timeline/Editor/StyleSheets/Images/Shared/TimelineBottomShadow.png - Importer: ScriptedImporter/UnityEditor.QuickSearchModule:UnityEditor.Search:ASIAI0B' with importer (ScriptedImporter : UnityEditor.QuickSearchModule:UnityEditor.Search:ASIAI0B)
Imported 'GUID: db66ea47c76423f4a881937d34495801' -> (Import Result ID: '86db635d2b634780a2c4a787536ea2c7') in 0.007 seconds [static and dynamic dependencies]. Details - ImportResultOutputID=9d920227006062a4574e8aad7b1ab8a6 DependenciesID=cf0227db8cdff447769509dc6b7667e0 StaticDependenciesID=1b6bc74f4acad2e35d1013ae221a071f 
Number of updated asset objects reloaded before import = 0
Number of asset objects unloaded after import = 1
========================================================================
Received Import Request.
  Time of request: 2026-06-22T05:06:18.6295456Z
  Time since last request: 0.0004059 seconds.
  importAddress: GUID: 6fb5cabb85ba3794682b16eba19440cb - Path: Packages/com.unity.timeline/Editor/StyleSheets/Images/Icons/TrackLockButtonDisabled@2x.png - Importer: ScriptedImporter/UnityEditor.QuickSearchModule:UnityEditor.Search:ASIAI0B
Importing 'GUID: 6fb5cabb85ba3794682b16eba19440cb - Path: Packages/com.unity.timeline/Editor/StyleSheets/Images/Icons/TrackLockButtonDisabled@2x.png - Importer: ScriptedImporter/UnityEditor.QuickSearchModule:UnityEditor.Search:ASIAI0B' with importer (ScriptedImporter : UnityEditor.QuickSearchModule:UnityEditor.Search:ASIAI0B)
Imported 'GUID: 6fb5cabb85ba3794682b16eba19440cb' -> (Import Result ID: '408ff3a1c580880991062d13643bd54b') in 0.008 seconds [static and dynamic dependencies]. Details - ImportResultOutputID=2a6120e3c1f6c3d0b9ba247b70134959 DependenciesID=a72293adb688e0b64af21fb4d552f268 StaticDependenciesID=3f1bb4ed8d191b0f98d459211b38dd9a 
Number of updated asset objects reloaded before import = 0
Number of asset objects unloaded after import = 1
========================================================================
Received Import Request.
  Time of request: 2026-06-22T05:06:18.6384636Z
  Time since last request: 0.0004219 seconds.
  importAddress: GUID: 6ca5daa3415451940921fa7e2c3db9e8 - Path: Packages/com.unity.timeline/Editor/StyleSheets/Images/Shared/TimelineGroupBackground.png - Importer: ScriptedImporter/UnityEditor.QuickSearchModule:UnityEditor.Search:ASIAI0B
Importing 'GUID: 6ca5daa3415451940921fa7e2c3db9e8 - Path: Packages/com.unity.timeline/Editor/StyleSheets/Images/Shared/TimelineGroupBackground.png - Importer: ScriptedImporter/UnityEditor.QuickSearchModule:UnityEditor.Search:ASIAI0B' with importer (ScriptedImporter : UnityEditor.QuickSearchModule:UnityEditor.Search:ASIAI0B)
Imported 'GUID: 6ca5daa3415451940921fa7e2c3db9e8' -> (Import Result ID: 'fb0e6faf4e60e688096c911d57025549') in 0.008 seconds [static and dynamic dependencies]. Details - ImportResultOutputID=b123111e8c41fd2c1dd46f99aeab4ccb DependenciesID=47d83e4ecdb1da08fe508e3a14f7b2a5 StaticDependenciesID=494457f3c179eea9e697a33708cc3627 
Number of updated asset objects reloaded before import = 0
Number of asset objects unloaded after import = 1
========================================================================
Received Import Request.
  Time of request: 2026-06-22T05:06:18.6613908Z
  Time since last request: 0.0148397 seconds.
  importAddress: GUID: ccdfde25179bd45acb7145793b3b87f8 - Path: Packages/com.unity.ai.navigation/CHANGELOG.md - Importer: ScriptedImporter/UnityEditor.QuickSearchModule:UnityEditor.Search:ASIAI0B
Importing 'GUID: ccdfde25179bd45acb7145793b3b87f8 - Path: Packages/com.unity.ai.navigation/CHANGELOG.md - Importer: ScriptedImporter/UnityEditor.QuickSearchModule:UnityEditor.Search:ASIAI0B' with importer (ScriptedImporter : UnityEditor.QuickSearchModule:UnityEditor.Search:ASIAI0B)
Imported 'GUID: ccdfde25179bd45acb7145793b3b87f8' -> (Import Result ID: 'fe2e6aa25226c18340f0d48b1b007359') in 0.004 seconds [static and dynamic dependencies]. Details - ImportResultOutputID=742306cfa89ca878f3475b22b6afb7fd DependenciesID=25716097cc2616f7cf42f2fc9bf96dfa StaticDependenciesID=19cfae4240a54ccc294d57af9756fc4d 
Number of updated asset objects reloaded before import = 0
Number of asset objects unloaded after import = 1
========================================================================
Received Import Request.
  Time of request: 2026-06-22T05:06:18.6791707Z
  Time since last request: 0.013997 seconds.
  importAddress: GUID: ece1e865d1ad84587872fe8580ab5a20 - Path: Packages/com.unity.ai.navigation/Editor/NavMeshLinkEditor.cs - Importer: ScriptedImporter/UnityEditor.QuickSearchModule:UnityEditor.Search:ASIAI0B
Importing 'GUID: ece1e865d1ad84587872fe8580ab5a20 - Path: Packages/com.unity.ai.navigation/Editor/NavMeshLinkEditor.cs - Importer: ScriptedImporter/UnityEditor.QuickSearchModule:UnityEditor.Search:ASIAI0B' with importer (ScriptedImporter : UnityEditor.QuickSearchModule:UnityEditor.Search:ASIAI0B)
Imported 'GUID: ece1e865d1ad84587872fe8580ab5a20' -> (Import Result ID: '5a878c2ad7664a9039a57b4f52bdbed1') in 0.003 seconds [static and dynamic dependencies]. Details - ImportResultOutputID=67b6d579ccdb12dcca14e0b263b9daa7 DependenciesID=b62bdc2c1410e3f940b37983d6e502d4 StaticDependenciesID=f5b0bb2c92009740b16e5f1b6f754873 
Number of updated asset objects reloaded before import = 0
Number of asset objects unloaded after import = 0
========================================================================
Received Import Request.
  Time of request: 2026-06-22T05:06:18.6832156Z
  Time since last request: 0.0005297 seconds.
  importAddress: GUID: 202accd362464ac0b604bb6d336eb8aa - Path: Packages/com.unity.ai.navigation/Editor/Updater/OffMeshLinkConverter.cs - Importer: ScriptedImporter/UnityEditor.QuickSearchModule:UnityEditor.Search:ASIAI0B
Importing 'GUID: 202accd362464ac0b604bb6d336eb8aa - Path: Packages/com.unity.ai.navigation/Editor/Updater/OffMeshLinkConverter.cs - Importer: ScriptedImporter/UnityEditor.QuickSearchModule:UnityEditor.Search:ASIAI0B' with importer (ScriptedImporter : UnityEditor.QuickSearchModule:UnityEditor.Search:ASIAI0B)
Imported 'GUID: 202accd362464ac0b604bb6d336eb8aa' -> (Import Result ID: 'd1c25cbca68799b08f31a3cf6f4dc0f6') in 0.003 seconds [static and dynamic dependencies]. Details - ImportResultOutputID=c72498d9581f9a77473e61e72eabc588 DependenciesID=6fc41f220947733b6e1bf9c30ab259f3 StaticDependenciesID=9a71e757302bf15936d86511e2fce995 
Number of updated asset objects reloaded before import = 0
Number of asset objects unloaded after import = 0
========================================================================
Received Import Request.
  Time of request: 2026-06-22T05:06:18.6871737Z
  Time since last request: 0.0004983 seconds.
  importAddress: GUID: 8c4dd21966739024fbd72155091d199e - Path: Packages/com.unity.ai.navigation/Runtime/Unity.AI.Navigation.asmdef - Importer: ScriptedImporter/UnityEditor.QuickSearchModule:UnityEditor.Search:ASIAI0B
Importing 'GUID: 8c4dd21966739024fbd72155091d199e - Path: Packages/com.unity.ai.navigation/Runtime/Unity.AI.Navigation.asmdef - Importer: ScriptedImporter/UnityEditor.QuickSearchModule:UnityEditor.Search:ASIAI0B' with importer (ScriptedImporter : UnityEditor.QuickSearchModule:UnityEditor.Search:ASIAI0B)
Imported 'GUID: 8c4dd21966739024fbd72155091d199e' -> (Import Result ID: 'a1e100e879446da67e204123fb95b7ff') in 0.005 seconds [static and dynamic dependencies]. Details - ImportResultOutputID=384b6e4ac64aa12aa88f307191b9e729 DependenciesID=c87d1240bd5da4fc75c57df882a4cd55 StaticDependenciesID=5b4ad2cd6c2e41b83b37869f5dbff36a 
Number of updated asset objects reloaded before import = 0
Number of asset objects unloaded after import = 1
========================================================================
Received Import Request.
  Time of request: 2026-06-22T05:06:18.6931526Z
  Time since last request: 0.0005148 seconds.
  importAddress: GUID: a86108f91b07e4fe3b5cd8fedc9f1797 - Path: Packages/com.unity.ai.navigation/Editor/ConversionSystem/AssemblyInfo.cs - Importer: ScriptedImporter/UnityEditor.QuickSearchModule:UnityEditor.Search:ASIAI0B
Importing 'GUID: a86108f91b07e4fe3b5cd8fedc9f1797 - Path: Packages/com.unity.ai.navigation/Editor/ConversionSystem/AssemblyInfo.cs - Importer: ScriptedImporter/UnityEditor.QuickSearchModule:UnityEditor.Search:ASIAI0B' with importer (ScriptedImporter : UnityEditor.QuickSearchModule:UnityEditor.Search:ASIAI0B)
Imported 'GUID: a86108f91b07e4fe3b5cd8fedc9f1797' -> (Import Result ID: '0d175c08fc0dfa6b50378483ec2a0fb2') in 0.004 seconds [static and dynamic dependencies]. Details - ImportResultOutputID=50018848b328856a9e65a033f1301322 DependenciesID=e662206fd4935a9cea9974d4d88f7327 StaticDependenciesID=7f89aabf28a128fb962a3d540ca9daa9 
Number of updated asset objects reloaded before import = 0
Number of asset objects unloaded after import = 0
========================================================================
Received Import Request.
  Time of request: 2026-06-22T05:06:18.6977124Z
  Time since last request: 0.0005225 seconds.
  importAddress: GUID: c660403886dc4a449f55327665b10bbb - Path: Packages/com.unity.ai.navigation/Editor/NavigationOverlay.cs - Importer: ScriptedImporter/UnityEditor.QuickSearchModule:UnityEditor.Search:ASIAI0B
Importing 'GUID: c660403886dc4a449f55327665b10bbb - Path: Packages/com.unity.ai.navigation/Editor/NavigationOverlay.cs - Importer: ScriptedImporter/UnityEditor.QuickSearchModule:UnityEditor.Search:ASIAI0B' with importer (ScriptedImporter : UnityEditor.QuickSearchModule:UnityEditor.Search:ASIAI0B)
Imported 'GUID: c660403886dc4a449f55327665b10bbb' -> (Import Result ID: '54d6856adf46066801556c92de0e3301') in 0.003 seconds [static and dynamic dependencies]. Details - ImportResultOutputID=9ee088392dc00a372462c3632ec51aaf DependenciesID=8c25f8ea730097d0b4d038f405632011 StaticDependenciesID=eb1279a21aea38d7f41f0ff9a852f064 
Number of updated asset objects reloaded before import = 0
Number of asset objects unloaded after import = 0
========================================================================
Received Import Request.
  Time of request: 2026-06-22T05:06:18.7012156Z
  Time since last request: 0.0003402 seconds.
  importAddress: GUID: 0a841ce8d078944bb8dc02dc43952c91 - Path: Packages/com.unity.ai.navigation/Editor/ConversionSystem/RunItemContext.cs - Importer: ScriptedImporter/UnityEditor.QuickSearchModule:UnityEditor.Search:ASIAI0B
Importing 'GUID: 0a841ce8d078944bb8dc02dc43952c91 - Path: Packages/com.unity.ai.navigation/Editor/ConversionSystem/RunItemContext.cs - Importer: ScriptedImporter/UnityEditor.QuickSearchModule:UnityEditor.Search:ASIAI0B' with importer (ScriptedImporter : UnityEditor.QuickSearchModule:UnityEditor.Search:ASIAI0B)
Imported 'GUID: 0a841ce8d078944bb8dc02dc43952c91' -> (Import Result ID: '6c6abe5c9261a7df278b03776c6d16e9') in 0.004 seconds [static and dynamic dependencies]. Details - ImportResultOutputID=a7c9688069b4595fe520ff8085f15d6a DependenciesID=7bd164367b18c64d592385ae9a3136aa StaticDependenciesID=8b1d557dd0cf998f78c7c43edcbc4622 
Number of updated asset objects reloaded before import = 0
Number of asset objects unloaded after import = 0
========================================================================
Received Import Request.
  Time of request: 2026-06-22T05:06:18.7061084Z
  Time since last request: 0.0009103 seconds.
  importAddress: GUID: 63cb84b97408b4d25a6925daccffcd22 - Path: Packages/com.unity.ai.navigation/Editor/ConversionSystem/converter_widget.uss - Importer: ScriptedImporter/UnityEditor.QuickSearchModule:UnityEditor.Search:ASIAI0B
Importing 'GUID: 63cb84b97408b4d25a6925daccffcd22 - Path: Packages/com.unity.ai.navigation/Editor/ConversionSystem/converter_widget.uss - Importer: ScriptedImporter/UnityEditor.QuickSearchModule:UnityEditor.Search:ASIAI0B' with importer (ScriptedImporter : UnityEditor.QuickSearchModule:UnityEditor.Search:ASIAI0B)
Imported 'GUID: 63cb84b97408b4d25a6925daccffcd22' -> (Import Result ID: '4be1d42e3309c8813b5f791e9eee3f1e') in 0.006 seconds [static and dynamic dependencies]. Details - ImportResultOutputID=7386b66816fbbfba071a03a13571c25a DependenciesID=3500f62fbf0c199c48be597b6efd48f3 StaticDependenciesID=adbe5b7844313490f23529d0ebca9d7d 
Number of updated asset objects reloaded before import = 0
Number of asset objects unloaded after import = 1
========================================================================
Received Import Request.
  Time of request: 2026-06-22T05:06:18.7124441Z
  Time since last request: 0.0004055 seconds.
  importAddress: GUID: 6eeb5dc026fdf4b488bc7ae0138ab719 - Path: Packages/com.unity.ai.navigation/Runtime/NavMeshLink.cs - Importer: ScriptedImporter/UnityEditor.QuickSearchModule:UnityEditor.Search:ASIAI0B
Importing 'GUID: 6eeb5dc026fdf4b488bc7ae0138ab719 - Path: Packages/com.unity.ai.navigation/Runtime/NavMeshLink.cs - Importer: ScriptedImporter/UnityEditor.QuickSearchModule:UnityEditor.Search:ASIAI0B' with importer (ScriptedImporter : UnityEditor.QuickSearchModule:UnityEditor.Search:ASIAI0B)
Imported 'GUID: 6eeb5dc026fdf4b488bc7ae0138ab719' -> (Import Result ID: 'decc98e943747234284eeb9f24c2598a') in 0.005 seconds [static and dynamic dependencies]. Details - ImportResultOutputID=383ab42283278e6c7d9790f3c7cb7bd3 DependenciesID=c170ba0796f06d81874e6bb7f706d986 StaticDependenciesID=280d4373f174cff2b294a8a5adf4a0ef 
Number of updated asset objects reloaded before import = 0
Number of asset objects unloaded after import = 1
========================================================================
Received Import Request.
  Time of request: 2026-06-22T05:06:18.7183684Z
  Time since last request: 0.0003863 seconds.
  importAddress: GUID: 1664e92176d434ccd902c1705fefe682 - Path: Packages/com.unity.ai.navigation/Editor/Updater/Unity.AI.Navigation.Updater.asmdef - Importer: ScriptedImporter/UnityEditor.QuickSearchModule:UnityEditor.Search:ASIAI0B
Importing 'GUID: 1664e92176d434ccd902c1705fefe682 - Path: Packages/com.unity.ai.navigation/Editor/Updater/Unity.AI.Navigation.Updater.asmdef - Importer: ScriptedImporter/UnityEditor.QuickSearchModule:UnityEditor.Search:ASIAI0B' with importer (ScriptedImporter : UnityEditor.QuickSearchModule:UnityEditor.Search:ASIAI0B)
Imported 'GUID: 1664e92176d434ccd902c1705fefe682' -> (Import Result ID: '83f997c9db694a4da8e9e7a37ae1c692') in 0.004 seconds [static and dynamic dependencies]. Details - ImportResultOutputID=3d4c864dec8b111146fd2127a9992fac DependenciesID=7bab8bc6342d9ab2d924adcac2ca53a9 StaticDependenciesID=a6474e915c3a74f99f424d9d0819cada 
Number of updated asset objects reloaded before import = 0
Number of asset objects unloaded after import = 1
========================================================================
Received Import Request.
  Time of request: 2026-06-22T05:06:18.7228841Z
  Time since last request: 0.0004209 seconds.
  importAddress: GUID: 6ad3f38e8fe7c4058ad4c718b8774a9e - Path: Packages/com.unity.ai.navigation/Runtime/HelpUrls.cs - Importer: ScriptedImporter/UnityEditor.QuickSearchModule:UnityEditor.Search:ASIAI0B
Importing 'GUID: 6ad3f38e8fe7c4058ad4c718b8774a9e - Path: Packages/com.unity.ai.navigation/Runtime/HelpUrls.cs - Importer: ScriptedImporter/UnityEditor.QuickSearchModule:UnityEditor.Search:ASIAI0B' with importer (ScriptedImporter : UnityEditor.QuickSearchModule:UnityEditor.Search:ASIAI0B)
Imported 'GUID: 6ad3f38e8fe7c4058ad4c718b8774a9e' -> (Import Result ID: 'a2e0850fdeb16748b4f89369273db270') in 0.003 seconds [static and dynamic dependencies]. Details - ImportResultOutputID=cd5b636d250845500038ece37aa66975 DependenciesID=fb37901554642353def8b289d7042897 StaticDependenciesID=3f009e5d507422f28b3a0d28d8eaf397 
Number of updated asset objects reloaded before import = 0
Number of asset objects unloaded after import = 0
========================================================================
Received Import Request.
  Time of request: 2026-06-22T05:06:18.726321Z
  Time since last request: 0.0003793 seconds.
  importAddress: GUID: 3f72db493d3cd4e03ae748a6cd15534d - Path: Packages/com.unity.ai.navigation/Editor/ConversionSystem/ConverterItemDescriptor.cs - Importer: ScriptedImporter/UnityEditor.QuickSearchModule:UnityEditor.Search:ASIAI0B
Importing 'GUID: 3f72db493d3cd4e03ae748a6cd15534d - Path: Packages/com.unity.ai.navigation/Editor/ConversionSystem/ConverterItemDescriptor.cs - Importer: ScriptedImporter/UnityEditor.QuickSearchModule:UnityEditor.Search:ASIAI0B' with importer (ScriptedImporter : UnityEditor.QuickSearchModule:UnityEditor.Search:ASIAI0B)
Imported 'GUID: 3f72db493d3cd4e03ae748a6cd15534d' -> (Import Result ID: 'a66a4aed980626cd53a7a0c8119f6b14') in 0.004 seconds [static and dynamic dependencies]. Details - ImportResultOutputID=420ec32ffb92dc3a6cce14f5962d5624 DependenciesID=97e2ed142adafb2e370b4b4db545a40c StaticDependenciesID=1972411326ef6c87825e1c0d300ac1d1 
Number of updated asset objects reloaded before import = 0
Number of asset objects unloaded after import = 0
========================================================================
Received Import Request.
  Time of request: 2026-06-22T05:06:18.7313272Z
  Time since last request: 0.0004783 seconds.
  importAddress: GUID: 13a8a84f37ede4760a590fd13172bdd4 - Path: Packages/com.unity.ai.navigation/EditorResources/NavigationWindowIcon.asset - Importer: ScriptedImporter/UnityEditor.QuickSearchModule:UnityEditor.Search:ASIAI0B
Importing 'GUID: 13a8a84f37ede4760a590fd13172bdd4 - Path: Packages/com.unity.ai.navigation/EditorResources/NavigationWindowIcon.asset - Importer: ScriptedImporter/UnityEditor.QuickSearchModule:UnityEditor.Search:ASIAI0B' with importer (ScriptedImporter : UnityEditor.QuickSearchModule:UnityEditor.Search:ASIAI0B)
Imported 'GUID: 13a8a84f37ede4760a590fd13172bdd4' -> (Import Result ID: '2adad3e05a4c6d40a2f2f29fa2da4ef7') in 0.006 seconds [static and dynamic dependencies]. Details - ImportResultOutputID=242c389ae832d8a8e259c0e85ca5f18c DependenciesID=bda60c8689a9f31648feeeb7ed8da9a3 StaticDependenciesID=f386070e2789eaa717c4fd52d46640aa 
Number of updated asset objects reloaded before import = 0
Number of asset objects unloaded after import = 1
========================================================================
Received Import Request.
  Time of request: 2026-06-22T05:06:18.7379367Z
  Time since last request: 0.0004177 seconds.
  importAddress: GUID: d6de7697d63d64fabbfb31425d93541e - Path: Packages/com.unity.ai.navigation/Editor/ConversionSystem/converter_widget_item.uxml - Importer: ScriptedImporter/UnityEditor.QuickSearchModule:UnityEditor.Search:ASIAI0B
Importing 'GUID: d6de7697d63d64fabbfb31425d93541e - Path: Packages/com.unity.ai.navigation/Editor/ConversionSystem/converter_widget_item.uxml - Importer: ScriptedImporter/UnityEditor.QuickSearchModule:UnityEditor.Search:ASIAI0B' with importer (ScriptedImporter : UnityEditor.QuickSearchModule:UnityEditor.Search:ASIAI0B)
Imported 'GUID: d6de7697d63d64fabbfb31425d93541e' -> (Import Result ID: '9769a52f87eccedb302c9c207377dca0') in 0.061 seconds [static and dynamic dependencies]. Details - ImportResultOutputID=56417124677ef953a90481d08a29d4b2 DependenciesID=091c30da2c965735903cb296a264523b StaticDependenciesID=45860a0ab143b226bbad11a4fa57fe4d 
Number of updated asset objects reloaded before import = 0
Number of asset objects unloaded after import = 2
========================================================================
Received Import Request.
  Time of request: 2026-06-22T05:06:18.8121649Z
  Time since last request: 0.0131269 seconds.
  importAddress: GUID: c136efa5cc6d99a4d9e7bad0209aea25 - Path: Packages/com.unity.ai.navigation/EditorResources/Overlay/NavigationOverlay On.png - Importer: ScriptedImporter/UnityEditor.QuickSearchModule:UnityEditor.Search:ASIAI0B
Importing 'GUID: c136efa5cc6d99a4d9e7bad0209aea25 - Path: Packages/com.unity.ai.navigation/EditorResources/Overlay/NavigationOverlay On.png - Importer: ScriptedImporter/UnityEditor.QuickSearchModule:UnityEditor.Search:ASIAI0B' with importer (ScriptedImporter : UnityEditor.QuickSearchModule:UnityEditor.Search:ASIAI0B)
Imported 'GUID: c136efa5cc6d99a4d9e7bad0209aea25' -> (Import Result ID: '595f2e1927f4d4fc64244409db54d282') in 0.008 seconds [static and dynamic dependencies]. Details - ImportResultOutputID=8ae25d67e24ed747512da4705e4334b6 DependenciesID=9daca69f15d1e70788329907531e4874 StaticDependenciesID=2f2baf90b74feb4e2b7639f914ea152d 
Number of updated asset objects reloaded before import = 0
Number of asset objects unloaded after import = 1
========================================================================
Received Import Request.
  Time of request: 2026-06-22T05:06:18.8205311Z
  Time since last request: 0.0004553 seconds.
  importAddress: GUID: fc46fceb4d1516544b7f503337211f65 - Path: Packages/com.unity.ai.navigation/EditorResources/Overlay/NavigationOverlay@64.png - Importer: ScriptedImporter/UnityEditor.QuickSearchModule:UnityEditor.Search:ASIAI0B
Importing 'GUID: fc46fceb4d1516544b7f503337211f65 - Path: Packages/com.unity.ai.navigation/EditorResources/Overlay/NavigationOverlay@64.png - Importer: ScriptedImporter/UnityEditor.QuickSearchModule:UnityEditor.Search:ASIAI0B' with importer (ScriptedImporter : UnityEditor.QuickSearchModule:UnityEditor.Search:ASIAI0B)
Imported 'GUID: fc46fceb4d1516544b7f503337211f65' -> (Import Result ID: '3030af80b059458e77a8f31a9a90e25d') in 0.006 seconds [static and dynamic dependencies]. Details - ImportResultOutputID=44c83d730a7595c0ac135974c40dd935 DependenciesID=0c276119de3520c0615220d5923a4ac9 StaticDependenciesID=4be171b66e5cf85e528b924ee15462d0 
Number of updated asset objects reloaded before import = 0
Number of asset objects unloaded after import = 1
========================================================================
Received Import Request.
  Time of request: 2026-06-22T05:06:18.8275315Z
  Time since last request: 0.0002417 seconds.
  importAddress: GUID: f9a2f623ba32a844da6de770f5ccf17f - Path: Packages/com.unity.ai.navigation/EditorResources/Overlay/NavigationOverlay@32.png - Importer: ScriptedImporter/UnityEditor.QuickSearchModule:UnityEditor.Search:ASIAI0B
Importing 'GUID: f9a2f623ba32a844da6de770f5ccf17f - Path: Packages/com.unity.ai.navigation/EditorResources/Overlay/NavigationOverlay@32.png - Importer: ScriptedImporter/UnityEditor.QuickSearchModule:UnityEditor.Search:ASIAI0B' with importer (ScriptedImporter : UnityEditor.QuickSearchModule:UnityEditor.Search:ASIAI0B)
Imported 'GUID: f9a2f623ba32a844da6de770f5ccf17f' -> (Import Result ID: '6fda71cdf93c2217f3f1f333c8a626f5') in 0.007 seconds [static and dynamic dependencies]. Details - ImportResultOutputID=d593c4e12ca7e305350328efba882cf6 DependenciesID=55c1b3be1dbc2b9449153a4301352245 StaticDependenciesID=1b8a5b0716ae34da88adc14738de7c7c 
Number of updated asset objects reloaded before import = 0
Number of asset objects unloaded after import = 1
========================================================================
Received Import Request.
  Time of request: 2026-06-22T05:06:18.8352825Z
  Time since last request: 0.0003728 seconds.
  importAddress: GUID: 1dacc9e843ef1444fad71e40913ef05c - Path: Packages/com.unity.ai.navigation/EditorResources/Overlay/d_NavigationOverlay@64.png - Importer: ScriptedImporter/UnityEditor.QuickSearchModule:UnityEditor.Search:ASIAI0B
Importing 'GUID: 1dacc9e843ef1444fad71e40913ef05c - Path: Packages/com.unity.ai.navigation/EditorResources/Overlay/d_NavigationOverlay@64.png - Importer: ScriptedImporter/UnityEditor.QuickSearchModule:UnityEditor.Search:ASIAI0B' with importer (ScriptedImporter : UnityEditor.QuickSearchModule:UnityEditor.Search:ASIAI0B)
Imported 'GUID: 1dacc9e843ef1444fad71e40913ef05c' -> (Import Result ID: 'c6c146c182603497dd554c7845d9c241') in 0.006 seconds [static and dynamic dependencies]. Details - ImportResultOutputID=a94fba6c8ed40708d941aa43ecb3b44c DependenciesID=9f529e14f8a59530f33829537891c1a7 StaticDependenciesID=7f16e970a43f34d320328d38b6248f15 
Number of updated asset objects reloaded before import = 0
Number of asset objects unloaded after import = 1
========================================================================
Received Import Request.
  Time of request: 2026-06-22T05:06:18.8447799Z
  Time since last request: 0.0028027 seconds.
  importAddress: GUID: 5598b14661b5f4c43bed757f34b6d172 - Path: Packages/com.unity.ide.rider/LICENSE.md - Importer: ScriptedImporter/UnityEditor.QuickSearchModule:UnityEditor.Search:ASIAI0B
Importing 'GUID: 5598b14661b5f4c43bed757f34b6d172 - Path: Packages/com.unity.ide.rider/LICENSE.md - Importer: ScriptedImporter/UnityEditor.QuickSearchModule:UnityEditor.Search:ASIAI0B' with importer (ScriptedImporter : UnityEditor.QuickSearchModule:UnityEditor.Search:ASIAI0B)
Imported 'GUID: 5598b14661b5f4c43bed757f34b6d172' -> (Import Result ID: '38d27e97af99f59d427881d2bbd445ad') in 0.004 seconds [static and dynamic dependencies]. Details - ImportResultOutputID=ca4d8702b088c3c1d0761c016b85fb6f DependenciesID=02c542e7caaf6d64b2970d9ed3b9b06d StaticDependenciesID=a5ccc5218f1fe7edc4749cc0626120a6 
Number of updated asset objects reloaded before import = 0
Number of asset objects unloaded after import = 1
========================================================================
Received Import Request.
  Time of request: 2026-06-22T05:06:18.8501058Z
  Time since last request: 0.0006799 seconds.
  importAddress: GUID: 17f093324b67f5bd57e55b546736750e - Path: Packages/com.unity.modules.particlesystem/package.ModuleCompilationTrigger - Importer: ScriptedImporter/UnityEditor.QuickSearchModule:UnityEditor.Search:ASIAI0B
Importing 'GUID: 17f093324b67f5bd57e55b546736750e - Path: Packages/com.unity.modules.particlesystem/package.ModuleCompilationTrigger - Importer: ScriptedImporter/UnityEditor.QuickSearchModule:UnityEditor.Search:ASIAI0B' with importer (ScriptedImporter : UnityEditor.QuickSearchModule:UnityEditor.Search:ASIAI0B)
Imported 'GUID: 17f093324b67f5bd57e55b546736750e' -> (Import Result ID: 'acceeaf552964e946fa3ff6c47cb1677') in 0.005 seconds [static and dynamic dependencies]. Details - ImportResultOutputID=0aac8180d3eb9e65cab89f36d938a77c DependenciesID=9e7418bc7662d7a179d81afc10ffa9dd StaticDependenciesID=43d1286c8a495a5366ac3881b722e1a0 
Number of updated asset objects reloaded before import = 0
Number of asset objects unloaded after import = 1
========================================================================
Received Import Request.
  Time of request: 2026-06-22T05:06:18.8560615Z
  Time since last request: 0.0006623 seconds.
  importAddress: GUID: 30b312a167534621b316172253b08723 - Path: Packages/com.unity.modules.subsystems/package.json - Importer: ScriptedImporter/UnityEditor.QuickSearchModule:UnityEditor.Search:ASIAI0B
Importing 'GUID: 30b312a167534621b316172253b08723 - Path: Packages/com.unity.modules.subsystems/package.json - Importer: ScriptedImporter/UnityEditor.QuickSearchModule:UnityEditor.Search:ASIAI0B' with importer (ScriptedImporter : UnityEditor.QuickSearchModule:UnityEditor.Search:ASIAI0B)
Imported 'GUID: 30b312a167534621b316172253b08723' -> (Import Result ID: 'bd7b462d7764f7743b44715281bc0324') in 0.004 seconds [static and dynamic dependencies]. Details - ImportResultOutputID=b0c80f96585d3016b57d65dc6a3984f0 DependenciesID=aee9c0e52faf20fdbac5d784e1bfc082 StaticDependenciesID=f9137328d0f2ed9702b41a6c384b8e89 
Number of updated asset objects reloaded before import = 0
Number of asset objects unloaded after import = 1
========================================================================
Received Import Request.
  Time of request: 2026-06-22T05:06:18.8624495Z
  Time since last request: 0.0022012 seconds.
  importAddress: GUID: f079e3afd077fb94fa2bda74d6409499 - Path: Packages/com.unity.ide.rider/Rider/Editor/RiderScriptEditorData.cs - Importer: ScriptedImporter/UnityEditor.QuickSearchModule:UnityEditor.Search:ASIAI0B
Importing 'GUID: f079e3afd077fb94fa2bda74d6409499 - Path: Packages/com.unity.ide.rider/Rider/Editor/RiderScriptEditorData.cs - Importer: ScriptedImporter/UnityEditor.QuickSearchModule:UnityEditor.Search:ASIAI0B' with importer (ScriptedImporter : UnityEditor.QuickSearchModule:UnityEditor.Search:ASIAI0B)
Imported 'GUID: f079e3afd077fb94fa2bda74d6409499' -> (Import Result ID: 'f7d66c2a075caf58ce0072d618b6fca4') in 0.004 seconds [static and dynamic dependencies]. Details - ImportResultOutputID=d0e69769a4c49b12558857106b8d7724 DependenciesID=81075a211b094bfd631e18fc3015bb8c StaticDependenciesID=a48e0696ef5b202cc9d7971bd4a34a53 
Number of updated asset objects reloaded before import = 0
Number of asset objects unloaded after import = 0
========================================================================
Received Import Request.
  Time of request: 2026-06-22T05:06:18.8669913Z
  Time since last request: 0.0006225 seconds.
  importAddress: GUID: 3e4e7fdc19414089a0fb43e43b1bdae1 - Path: Packages/com.unity.ide.rider/Rider/Editor/ProjectGeneration/SolutionGuidGenerator.cs - Importer: ScriptedImporter/UnityEditor.QuickSearchModule:UnityEditor.Search:ASIAI0B
Importing 'GUID: 3e4e7fdc19414089a0fb43e43b1bdae1 - Path: Packages/com.unity.ide.rider/Rider/Editor/ProjectGeneration/SolutionGuidGenerator.cs - Importer: ScriptedImporter/UnityEditor.QuickSearchModule:UnityEditor.Search:ASIAI0B' with importer (ScriptedImporter : UnityEditor.QuickSearchModule:UnityEditor.Search:ASIAI0B)
Imported 'GUID: 3e4e7fdc19414089a0fb43e43b1bdae1' -> (Import Result ID: '40e4609db1dada05b817f382d77b82fd') in 0.004 seconds [static and dynamic dependencies]. Details - ImportResultOutputID=f25096ba6f2d2272485f6748b2e613dc DependenciesID=197ea1311f34f9a77edc34f9175c07d6 StaticDependenciesID=ef6eb48dbfd7fbfe4660cc1801303549 
Number of updated asset objects reloaded before import = 0
Number of asset objects unloaded after import = 0
========================================================================
Received Import Request.
  Time of request: 2026-06-22T05:06:18.8722434Z
  Time since last request: 0.0005141 seconds.
  importAddress: GUID: 4d34a9510a5b9d21381c93e73867a193 - Path: Packages/com.unity.ide.rider/Rider/Editor/Util/RiderPathUtil.cs - Importer: ScriptedImporter/UnityEditor.QuickSearchModule:UnityEditor.Search:ASIAI0B
Importing 'GUID: 4d34a9510a5b9d21381c93e73867a193 - Path: Packages/com.unity.ide.rider/Rider/Editor/Util/RiderPathUtil.cs - Importer: ScriptedImporter/UnityEditor.QuickSearchModule:UnityEditor.Search:ASIAI0B' with importer (ScriptedImporter : UnityEditor.QuickSearchModule:UnityEditor.Search:ASIAI0B)
Imported 'GUID: 4d34a9510a5b9d21381c93e73867a193' -> (Import Result ID: '016b4b1695e857949018ee0ca4001ada') in 0.006 seconds [static and dynamic dependencies]. Details - ImportResultOutputID=88e4f4582666e176d604e66db40a5fde DependenciesID=ae5354a8610180bd969576af66e2638b StaticDependenciesID=6802348b65a2c58da3430d0a103cbfe7 
Number of updated asset objects reloaded before import = 0
Number of asset objects unloaded after import = 0
========================================================================
Received Import Request.
  Time of request: 2026-06-22T05:06:18.878453Z
  Time since last request: 0.0004256 seconds.
  importAddress: GUID: 39cb9ab8a3b2452cbf58ffbea841d203 - Path: Packages/com.unity.ide.rider/Rider/Editor/ProjectGeneration/IGenerator.cs - Importer: ScriptedImporter/UnityEditor.QuickSearchModule:UnityEditor.Search:ASIAI0B
Importing 'GUID: 39cb9ab8a3b2452cbf58ffbea841d203 - Path: Packages/com.unity.ide.rider/Rider/Editor/ProjectGeneration/IGenerator.cs - Importer: ScriptedImporter/UnityEditor.QuickSearchModule:UnityEditor.Search:ASIAI0B' with importer (ScriptedImporter : UnityEditor.QuickSearchModule:UnityEditor.Search:ASIAI0B)
Imported 'GUID: 39cb9ab8a3b2452cbf58ffbea841d203' -> (Import Result ID: '1bbfcd343467d63844c91fb3af0065e4') in 0.004 seconds [static and dynamic dependencies]. Details - ImportResultOutputID=69a1dcf0941085790e9e4e3425d1b0e7 DependenciesID=1f21185c3f94bb29eef3735177f6c8c5 StaticDependenciesID=55cecc2e89be5c4ec55d0ae0723536c8 
Number of updated asset objects reloaded before import = 0
Number of asset objects unloaded after import = 0
========================================================================
Received Import Request.
  Time of request: 2026-06-22T05:06:18.8834963Z
  Time since last request: 0.0006417 seconds.
  importAddress: GUID: a8860c53ca4073d4f92c403e709c12ba - Path: Packages/com.unity.ide.rider/Rider/Editor/Util/RiderMenu.cs - Importer: ScriptedImporter/UnityEditor.QuickSearchModule:UnityEditor.Search:ASIAI0B
Importing 'GUID: a8860c53ca4073d4f92c403e709c12ba - Path: Packages/com.unity.ide.rider/Rider/Editor/Util/RiderMenu.cs - Importer: ScriptedImporter/UnityEditor.QuickSearchModule:UnityEditor.Search:ASIAI0B' with importer (ScriptedImporter : UnityEditor.QuickSearchModule:UnityEditor.Search:ASIAI0B)
Imported 'GUID: a8860c53ca4073d4f92c403e709c12ba' -> (Import Result ID: 'b287fdf8c6fa5659960fe8a132655fee') in 0.004 seconds [static and dynamic dependencies]. Details - ImportResultOutputID=bd6eb17508f0fdd829ff03831f269099 DependenciesID=6375c885b6cab059f1faa18d80d051af StaticDependenciesID=a51cd1b3cd94a6dfbfd7bf06b0f1ae73 
Number of updated asset objects reloaded before import = 0
Number of asset objects unloaded after import = 0
========================================================================
Received Import Request.
  Time of request: 2026-06-22T05:06:18.8886265Z
  Time since last request: 0.0005952 seconds.
  importAddress: GUID: 3fdd83b151eb8d25c5e2f82fc39dcb04 - Path: Packages/com.unity.modules.unitywebrequest/package.json - Importer: ScriptedImporter/UnityEditor.QuickSearchModule:UnityEditor.Search:ASIAI0B
Importing 'GUID: 3fdd83b151eb8d25c5e2f82fc39dcb04 - Path: Packages/com.unity.modules.unitywebrequest/package.json - Importer: ScriptedImporter/UnityEditor.QuickSearchModule:UnityEditor.Search:ASIAI0B' with importer (ScriptedImporter : UnityEditor.QuickSearchModule:UnityEditor.Search:ASIAI0B)
Imported 'GUID: 3fdd83b151eb8d25c5e2f82fc39dcb04' -> (Import Result ID: '3aecb109989439d4d240aab95738c94b') in 0.006 seconds [static and dynamic dependencies]. Details - ImportResultOutputID=4b72b3901d315368de9ec661c88b99cc DependenciesID=d4cc75172f3da45ca2d46b3898cd25b6 StaticDependenciesID=e8143ef487ce67fb30c5f06e4094016f 
Number of updated asset objects reloaded before import = 0
Number of asset objects unloaded after import = 1
========================================================================
Received Import Request.
  Time of request: 2026-06-22T05:06:18.8949258Z
  Time since last request: 0.0004528 seconds.
  importAddress: GUID: 8c7e8e301f8b4c30bbf9db502d637f0f - Path: Packages/com.unity.ide.rider/Rider/Editor/ProjectGeneration/IGUIDGenerator.cs - Importer: ScriptedImporter/UnityEditor.QuickSearchModule:UnityEditor.Search:ASIAI0B
Importing 'GUID: 8c7e8e301f8b4c30bbf9db502d637f0f - Path: Packages/com.unity.ide.rider/Rider/Editor/ProjectGeneration/IGUIDGenerator.cs - Importer: ScriptedImporter/UnityEditor.QuickSearchModule:UnityEditor.Search:ASIAI0B' with importer (ScriptedImporter : UnityEditor.QuickSearchModule:UnityEditor.Search:ASIAI0B)
Imported 'GUID: 8c7e8e301f8b4c30bbf9db502d637f0f' -> (Import Result ID: '830055b22438e08f2f433b5a99ca7e33') in 0.005 seconds [static and dynamic dependencies]. Details - ImportResultOutputID=4d0e2914fca30d15f5551dcaa5050f11 DependenciesID=68aca14b2a3e286cfcf119055b0d0bab StaticDependenciesID=cb1212b682e906d97814adf60c34d1a9 
Number of updated asset objects reloaded before import = 0
Number of asset objects unloaded after import = 0
========================================================================
Received Import Request.
  Time of request: 2026-06-22T05:06:18.9000808Z
  Time since last request: 0.0003536 seconds.
  importAddress: GUID: 1bfe12aa306c0c74db4f4f1a1a0ae5ce - Path: Packages/com.unity.ide.rider/Rider/Editor/PluginSettings.cs - Importer: ScriptedImporter/UnityEditor.QuickSearchModule:UnityEditor.Search:ASIAI0B
Importing 'GUID: 1bfe12aa306c0c74db4f4f1a1a0ae5ce - Path: Packages/com.unity.ide.rider/Rider/Editor/PluginSettings.cs - Importer: ScriptedImporter/UnityEditor.QuickSearchModule:UnityEditor.Search:ASIAI0B' with importer (ScriptedImporter : UnityEditor.QuickSearchModule:UnityEditor.Search:ASIAI0B)
Imported 'GUID: 1bfe12aa306c0c74db4f4f1a1a0ae5ce' -> (Import Result ID: '1f8def3cb1d7cd49a366a6478d7b7f4a') in 0.004 seconds [static and dynamic dependencies]. Details - ImportResultOutputID=8f814b4f72b7066026c3d3be3db04eee DependenciesID=4e5f547dfd8561ddc2aeb057cfe5c215 StaticDependenciesID=f3a6f37e38fa5529e25ca14ac9fcfe79 
Number of updated asset objects reloaded before import = 0
Number of asset objects unloaded after import = 0
========================================================================
Received Import Request.
  Time of request: 2026-06-22T05:06:18.9048618Z
  Time since last request: 0.0004398 seconds.
  importAddress: GUID: 78af99d0156944f293b020b49a6830c2 - Path: Packages/com.unity.ide.rider/Rider/Editor/ProjectGeneration/ProjectGenerationFlag.cs - Importer: ScriptedImporter/UnityEditor.QuickSearchModule:UnityEditor.Search:ASIAI0B
Importing 'GUID: 78af99d0156944f293b020b49a6830c2 - Path: Packages/com.unity.ide.rider/Rider/Editor/ProjectGeneration/ProjectGenerationFlag.cs - Importer: ScriptedImporter/UnityEditor.QuickSearchModule:UnityEditor.Search:ASIAI0B' with importer (ScriptedImporter : UnityEditor.QuickSearchModule:UnityEditor.Search:ASIAI0B)
Imported 'GUID: 78af99d0156944f293b020b49a6830c2' -> (Import Result ID: '89436e9a8ca4954e1aa455d3bf66add7') in 0.003 seconds [static and dynamic dependencies]. Details - ImportResultOutputID=a5ed0451e358785430c99bc8a4752ff3 DependenciesID=943143be6f7f99373c14a9469ed24a81 StaticDependenciesID=da377500b878b563faacb9e0c63181f4 
Number of updated asset objects reloaded before import = 0
Number of asset objects unloaded after import = 0
========================================================================
Received Import Request.
  Time of request: 2026-06-22T05:06:18.9088186Z
  Time since last request: 0.0004639 seconds.
  importAddress: GUID: b0221f76dde941d492827802c9b7c1f9 - Path: Packages/com.unity.ide.rider/Rider/Editor/Util/StringUtils.cs - Importer: ScriptedImporter/UnityEditor.QuickSearchModule:UnityEditor.Search:ASIAI0B
Importing 'GUID: b0221f76dde941d492827802c9b7c1f9 - Path: Packages/com.unity.ide.rider/Rider/Editor/Util/StringUtils.cs - Importer: ScriptedImporter/UnityEditor.QuickSearchModule:UnityEditor.Search:ASIAI0B' with importer (ScriptedImporter : UnityEditor.QuickSearchModule:UnityEditor.Search:ASIAI0B)
Imported 'GUID: b0221f76dde941d492827802c9b7c1f9' -> (Import Result ID: 'c0be6909491e8d71afceb37dbefff668') in 0.004 seconds [static and dynamic dependencies]. Details - ImportResultOutputID=e993461f8fda02401793188c0af8a093 DependenciesID=2f7bcedd865a58c1bac4ce6ac3bcde08 StaticDependenciesID=72208824aac866fcc0df6e433fa4b77f 
Number of updated asset objects reloaded before import = 0
Number of asset objects unloaded after import = 0
Editor requested this worker to shutdown with reason: Editor is closing down
AcceleratorClientConnectionCallback - disconnected - :0
AssetImportWorker is now disconnected from the server
Process exiting
Exiting without the bug reporter. Application will terminate with return code 0