[Licensing::Module] Trying to connect to existing licensing client channel...
Built from '6000.5/staging' branch; Version is '6000.5.0f1 (88b47c5e7076) revision 8959100'; Using compiler version '194234433'; Build Type 'Release'
OS: 'Windows 11  (10.0.26200) Professional' Language: 'ko' Physical Memory: 32693 MB
[Licensing::IpcConnector] Successfully connected to: "LicenseClient-oopsha" at "2026-06-22T05:06:11.6777812Z"
BatchMode: 1, IsHumanControllingUs: 0, StartBugReporterOnCrash: 0, Is64bit: 1
System  architecture: x64
Process architecture: x64
Date: 2026-06-22T05:06:11Z

COMMAND LINE ARGUMENTS:
C:\Program Files\Unity\Hub\Editor\6000.5.0f1\Editor\Unity.exe
-adb2
-batchMode
-noUpm
-name
AssetImportWorkerHW3
-projectPath
D:/Study/Unity/ShootingGame
-logFile
Logs/AssetImportWorkerHW3.log
-srvPort
9001
-parentPid
3132
-analyticsCloudUserId
1330706
-analyticsLocalProjectId
b1d66150ec76d4446928994b061770b7
-licensingIpc
LicenseClient-oopsha
-noDiagnosticSwitchPersistentStore
-job-worker-count
11
-background-job-worker-count
8
-asset-garbage-collectors
1
-force-d3d12
-name
AssetImport
Successfully changed project path to: D:/Study/Unity/ShootingGame
D:/Study/Unity/ShootingGame
[UnityMemory] Configuration Parameters - Can be set up in boot.config
    "memorysetup-temp-allocator-size-gi-baking-worker=262144"
    "memorysetup-temp-allocator-size-gi-baking-worker=262144"
    "memorysetup-temp-allocator-size-gi-baking-worker=262144"
    "memorysetup-temp-allocator-size-gi-baking-worker=262144"
    "memorysetup-temp-allocator-size-gi-baking-worker=262144"
    "memorysetup-temp-allocator-size-nav-mesh-worker=65536"
    "memorysetup-temp-allocator-size-audio-worker=65536"
    "memorysetup-temp-allocator-size-cloud-worker=32768"
    "memorysetup-temp-allocator-size-gfx=262144"
    "memorysetup-temp-allocator-size-preload-manager=33554432"
    "memorysetup-allocator-temp-initial-block-size-main=262144"
    "memorysetup-allocator-temp-initial-block-size-worker=262144"
    "memorysetup-temp-allocator-size-job-worker=262144"
    "memorysetup-temp-allocator-size-background-worker=32768"
    "memorysetup-bucket-allocator-granularity=16"
    "memorysetup-bucket-allocator-bucket-count=8"
    "memorysetup-bucket-allocator-block-size=33554432"
    "memorysetup-bucket-allocator-block-count=8"
    "memorysetup-main-allocator-block-size=16777216"
    "memorysetup-thread-allocator-block-size=16777216"
    "memorysetup-main-allocator-mimalloc-enabled=0"
    "memorysetup-gfx-main-allocator-block-size=16777216"
    "memorysetup-gfx-thread-allocator-block-size=16777216"
    "memorysetup-cache-allocator-block-size=4194304"
    "memorysetup-typetree-allocator-block-size=2097152"
    "memorysetup-profiler-bucket-allocator-granularity=16"
    "memorysetup-profiler-bucket-allocator-bucket-count=8"
    "memorysetup-profiler-bucket-allocator-block-size=33554432"
    "memorysetup-profiler-bucket-allocator-block-count=8"
    "memorysetup-profiler-allocator-block-size=16777216"
    "memorysetup-profiler-editor-allocator-block-size=1048576"
    "memorysetup-temp-allocator-size-main=16777216"
    "memorysetup-job-temp-allocator-block-size=2097152"
    "memorysetup-job-temp-allocator-block-size-background=1048576"
    "memorysetup-job-temp-allocator-reduction-small-platforms=262144"
Player connection [11920]  Target information:

Player connection [11920]  * "[IP] 192.168.0.11 [Port] 0 [Flags] 2 [Guid] 4214828295 [EditorId] 4214828295 [Version] 1048832 [Id] WindowsEditor(7,SJ-DESKTOP) [Debug] 1 [PackageName] WindowsEditor [ProjectName] Editor" 

Player connection [11920]  * "[IP] 192.168.102.1 [Port] 0 [Flags] 2 [Guid] 4214828295 [EditorId] 4214828295 [Version] 1048832 [Id] WindowsEditor(7,SJ-DESKTOP) [Debug] 1 [PackageName] WindowsEditor [ProjectName] Editor" 

Player connection [11920]  * "[IP] 192.168.171.1 [Port] 0 [Flags] 2 [Guid] 4214828295 [EditorId] 4214828295 [Version] 1048832 [Id] WindowsEditor(7,SJ-DESKTOP) [Debug] 1 [PackageName] WindowsEditor [ProjectName] Editor" 

Player connection [11920] Host joined multi-casting on [225.0.0.222:54997]...
Player connection [11920] Host joined alternative multi-casting on [225.0.0.222:34997]...
JobSystem: Creating JobQueue using job-worker-count value 11
Input System module state changed to: Initialized.
[Physics::Module] Initialized fallback backend.
[Physics::Module] Id: 0xdecafbad
Library Redirect Path: Library/
[Physics::Module] Selected backend.
[Physics::Module] Name: PhysX
[Physics::Module] Id: 0xf2b8ea05
[Physics::Module] SDK Version: 4.1.2
[Physics::Module] Integration Version: 1.0.0
[Physics::Module] Threading Mode: Multi-Threaded
Refreshing native plugins compatible for Editor in 4.37 ms, found 4 plugins.
Initialize engine version: 6000.5.0f1 (88b47c5e7076)
[Subsystems] Discovering subsystems at path C:/Program Files/Unity/Hub/Editor/6000.5.0f1/Editor/Data/Resources/UnitySubsystems
[Subsystems] Discovering subsystems at path D:/Study/Unity/ShootingGame/Assets
Forcing GfxDevice: Direct3D 12
GfxDevice: creating device client; kGfxThreadingModeNonThreaded
d3d12: failed to query info queue interface (0x80004002).
Direct3D:
    Version:         Direct3D 12 [level 12.2]
    Renderer:        NVIDIA GeForce RTX 3080 Ti (ID=0x2208)
    Vendor:          NVIDIA
    VRAM:            12084 MB
    App VRAM Budget: 11316 MB
    Driver:          32.0.16.1047
Initialize mono
Mono path[0] = 'C:/Program Files/Unity/Hub/Editor/6000.5.0f1/Editor/Data/Managed'
Mono path[1] = 'C:/Program Files/Unity/Hub/Editor/6000.5.0f1/Editor/Data/BCLExtensions/runtime/netstandard2.1'
Mono path[2] = 'C:/Program Files/Unity/Hub/Editor/6000.5.0f1/Editor/Data/MonoBleedingEdge/lib/mono/unityjit-win32'
Mono config path = 'C:/Program Files/Unity/Hub/Editor/6000.5.0f1/Editor/Data/MonoBleedingEdge/etc'
Using monoOptions --debugger-agent=transport=dt_socket,embedding=1,server=y,suspend=n,address=127.0.0.1:56304
CodeReloadManager initialized
Begin MonoManager ReloadAssembly
[Licensing::Client] Error: HandshakeResponse reported an error:
	ResponseCode: 505
	ResponseStatus: Unsupported protocol version '1.18.1'.
[Licensing::Module] Error: Failed to handshake to channel: "LicenseClient-oopsha"
[Licensing::IpcConnector] LicenseClient-oopsha channel disconnected successfully.
[Licensing::IpcConnector] Successfully connected to: "LicenseClient-oopsha-6000.5.0" at "2026-06-22T05:06:12.890085Z"
[Licensing::Client] Code 10 while verifying Licensing Client signature (process Id: 33620, path: "C:/Program Files/Unity/Hub/Editor/6000.5.0f1/Editor/Data/Resources/Licensing/Client/Unity.Licensing.Client.exe")
[Licensing::Module] LicensingClient has failed validation; ignoring
[Licensing::Client] Handshaking with LicensingClient:
  Version:                 1.18.1+9fbee8e
  Session Id:              795d78115e684d15a122e6e387cf3428
  Correlation Id:          be92354539fdd0deb73345a3180ef8ab
  External correlation Id: 3210603661997181101
  Machine Id:              F2VYFJWt4IRBzE7JSBYUXlWxLS4=
[Licensing::Module] Successfully connected to LicensingClient on channel: "LicenseClient-oopsha-6000.5.0" (connect: 0.00s, validation: 0.00s, handshake: 0.01s)
[Licensing::IpcConnector] Successfully connected to: "LicenseClient-oopsha-6000.5.0-notifications" at "2026-06-22T05:06:12.9003508Z"
[Licensing::Module] Licensing Background thread has ended after 1.22s
Registering precompiled unity dll's ...
Register platform support module: C:/Program Files/Unity/Hub/Editor/6000.5.0f1/Editor/Data/PlaybackEngines/WebGLSupport/UnityEditor.WebGL.Extensions.dll
Register platform support module: C:/Program Files/Unity/Hub/Editor/6000.5.0f1/Editor/Data/PlaybackEngines/WindowsStandaloneSupport/UnityEditor.WindowsStandalone.Extensions.dll
Registered in 0.003862 seconds.
Native extension for WindowsStandalone target not found
Native extension for WebGL target not found
Package Manager log level set to [2]
[Package Manager] Failed to launch server process. Reason: Unity was launched with the -noUpm command-line argument
[Package Manager] Unable to send message (not connected to server process).
[Package Manager] Cannot connect to Unity Package Manager local server
ScheduleIndexationOnStartup MainProcess:False IndexOnStartup:True
Mono: successfully reloaded assembly
- Finished resetting the current domain, in  0.493 seconds
Domain Reload Profiling: 1311ms
	BeginReloadAssembly (229ms)
	RebuildCommonClasses (10ms)
	RebuildNativeTypeToScriptingClass (34ms)
	initialDomainReloadingComplete (108ms)
	LoadAllAssembliesAndSetupDomain (435ms)
		LoadAssemblies (224ms)
		AnalyzeDomain (321ms)
			TypeCache.Refresh (319ms)
				TypeCache.ScanAssembly (294ms)
	FinalizeReload (495ms)
		SetupLoadedEditorAssemblies (0ms)
			InitializePlatformSupportModulesInManaged (5ms)
			BeforeProcessingInitializeOnLoad (120ms)
			ProcessInitializeOnLoadAttributes (121ms)
			ProcessInitializeOnLoadMethodAttributes (147ms)
Initializing Unity extensions:
[Licensing::Client] Successfully resolved entitlement details
[Licensing::Module] License group:
  Id: 1330706-UnityPersXXXX
  Product: Unity Personal
  Type: Assigned
  Expiration: Unlimited
========================================================================
Worker process is ready to serve import requests
Import Worker Mode flag is 0x00
Begin MonoManager ReloadAssembly
Native extension for WindowsStandalone target not found
Native extension for WebGL target not found
[Package Manager] Failed to launch server process. Reason: Unity was launched with the -noUpm command-line argument
[Package Manager] Unable to send message (not connected to server process).
[Package Manager] Cannot connect to Unity Package Manager local server
Refreshing native plugins compatible for Editor in 2.48 ms, found 4 plugins.
[Package Manager] Failed to launch server process. Reason: Unity was launched with the -noUpm command-line argument
[Package Manager] Unable to send message (not connected to server process).
[Package Manager] Cannot connect to Unity Package Manager local server
ScheduleIndexationOnStartup MainProcess:False IndexOnStartup:True
Mono: successfully reloaded assembly
- Finished resetting the current domain, in  0.750 seconds
Domain Reload Profiling: 1823ms
	BeginReloadAssembly (275ms)
		DisableScriptedObjects (7ms)
		CreateAndSetChildDomain (52ms)
	RebuildCommonClasses (11ms)
	RebuildNativeTypeToScriptingClass (24ms)
	initialDomainReloadingComplete (84ms)
	LoadAllAssembliesAndSetupDomain (678ms)
		LoadAssemblies (433ms)
		AnalyzeDomain (259ms)
			TypeCache.Refresh (198ms)
				TypeCache.ScanAssembly (177ms)
			BuildScriptInfoCaches (52ms)
			ResolveRequiredComponents (5ms)
	FinalizeReload (751ms)
		SetupLoadedEditorAssemblies (0ms)
			InitializePlatformSupportModulesInManaged (4ms)
			BeforeProcessingInitializeOnLoad (127ms)
			ProcessInitializeOnLoadAttributes (303ms)
			ProcessInitializeOnLoadMethodAttributes (96ms)
			AfterProcessingInitializeOnLoad (12ms)
		AwakeInstancesAfterBackupRestoration (4ms)
AcceleratorClientConnectionCallback - disconnected - :0
Launched and connected shader compiler UnityShaderCompiler.exe after 0.02 seconds
Unloading 0 Unused Serialized files (Serialized files now loaded: 0)
Curl error 3: URL rejected: Malformed input to a URL function
Unloading 3786 unused Assets / (1.3 MB). Loaded Objects now: 4381.
Memory consumption went from 236.7 MB to 235.4 MB.
Total: 12.030700 ms (FindLiveObjects: 0.577500 ms CreateObjectMapping: 1.539300 ms MarkObjects: 8.174600 ms  DeleteObjects: 1.736300 ms)

========================================================================
Received Import Request.
  Time of request: 2026-06-22T05:06:16.7138493Z
  Time since last request: 954550.66699389996938 seconds.
  importAddress: GUID: 75fe96b03c978494fb3783e00a031d95 - Path: Packages/com.unity.visualscripting/Editor/VisualScripting.Core/Plugin/Changelogs/Changelog_1_4_1.cs - Importer: ScriptedImporter/UnityEditor.QuickSearchModule:UnityEditor.Search:ASIAI0B
Importing 'GUID: 75fe96b03c978494fb3783e00a031d95 - Path: Packages/com.unity.visualscripting/Editor/VisualScripting.Core/Plugin/Changelogs/Changelog_1_4_1.cs - Importer: ScriptedImporter/UnityEditor.QuickSearchModule:UnityEditor.Search:ASIAI0B' with importer (ScriptedImporter : UnityEditor.QuickSearchModule:UnityEditor.Search:ASIAI0B)
Imported 'GUID: 75fe96b03c978494fb3783e00a031d95' -> (Import Result ID: '3b5f876d8aeb7ef8d15e44a176dc2e3b') in 0.079 seconds [static and dynamic dependencies]. Details - ImportResultOutputID=a1dc1f37157483f8b0409c2db0cb4c72 DependenciesID=e33a4185f4616e9b2756f2942835ca6b StaticDependenciesID=fb8eb7c4cff5e722bfb2a4c96f2e1f4f 
Number of updated asset objects reloaded before import = 0
Number of asset objects unloaded after import = 0
========================================================================
Received Import Request.
  Time of request: 2026-06-22T05:06:16.8407846Z
  Time since last request: 0.0454301 seconds.
  importAddress: GUID: 60fc7941912584779820b794c8661bca - Path: Packages/com.unity.visualscripting/Editor/VisualScripting.Flow/Plugin/Changelogs/Changelog_1_2_0.cs - Importer: ScriptedImporter/UnityEditor.QuickSearchModule:UnityEditor.Search:ASIAI0B
Importing 'GUID: 60fc7941912584779820b794c8661bca - Path: Packages/com.unity.visualscripting/Editor/VisualScripting.Flow/Plugin/Changelogs/Changelog_1_2_0.cs - Importer: ScriptedImporter/UnityEditor.QuickSearchModule:UnityEditor.Search:ASIAI0B' with importer (ScriptedImporter : UnityEditor.QuickSearchModule:UnityEditor.Search:ASIAI0B)
Imported 'GUID: 60fc7941912584779820b794c8661bca' -> (Import Result ID: '0bcefa9ecf8fb45acbc459ee83ce0724') in 0.004 seconds [static and dynamic dependencies]. Details - ImportResultOutputID=30fdc11d5352be547fe9c0ddd9e5e312 DependenciesID=a87891c80283362e3c3ac641b7954cb8 StaticDependenciesID=ba80d9075a0e1811d6a069ce9af729ac 
Number of updated asset objects reloaded before import = 0
Number of asset objects unloaded after import = 0
========================================================================
Received Import Request.
  Time of request: 2026-06-22T05:06:16.8465744Z
  Time since last request: 0.0012747 seconds.
  importAddress: GUID: 7eb7fa2c8eaf44bdfa80d6353200c200 - Path: Packages/com.unity.visualscripting/Editor/VisualScripting.Flow/Framework/Control/SwitchUnitDescriptor.cs - Importer: ScriptedImporter/UnityEditor.QuickSearchModule:UnityEditor.Search:ASIAI0B
Importing 'GUID: 7eb7fa2c8eaf44bdfa80d6353200c200 - Path: Packages/com.unity.visualscripting/Editor/VisualScripting.Flow/Framework/Control/SwitchUnitDescriptor.cs - Importer: ScriptedImporter/UnityEditor.QuickSearchModule:UnityEditor.Search:ASIAI0B' with importer (ScriptedImporter : UnityEditor.QuickSearchModule:UnityEditor.Search:ASIAI0B)
Imported 'GUID: 7eb7fa2c8eaf44bdfa80d6353200c200' -> (Import Result ID: 'ce934dcd94b63574eadf49e6bbb474a4') in 0.004 seconds [static and dynamic dependencies]. Details - ImportResultOutputID=81c4eabb1d70dac3e0797fe6481f0645 DependenciesID=5b188fc2d39ad8ffa8578e409cd28cb5 StaticDependenciesID=d59dc8bb22862b79152434df98256c5f 
Number of updated asset objects reloaded before import = 0
Number of asset objects unloaded after import = 0
========================================================================
Received Import Request.
  Time of request: 2026-06-22T05:06:16.8518683Z
  Time since last request: 0.0006284 seconds.
  importAddress: GUID: 4b753397d1f814a118e2750197784dde - Path: Packages/com.unity.visualscripting/Editor/VisualScripting.Flow/Framework/Variables/IsVariableDefinedOption.cs - Importer: ScriptedImporter/UnityEditor.QuickSearchModule:UnityEditor.Search:ASIAI0B
Importing 'GUID: 4b753397d1f814a118e2750197784dde - Path: Packages/com.unity.visualscripting/Editor/VisualScripting.Flow/Framework/Variables/IsVariableDefinedOption.cs - Importer: ScriptedImporter/UnityEditor.QuickSearchModule:UnityEditor.Search:ASIAI0B' with importer (ScriptedImporter : UnityEditor.QuickSearchModule:UnityEditor.Search:ASIAI0B)
Imported 'GUID: 4b753397d1f814a118e2750197784dde' -> (Import Result ID: '95e9a0f18cc864a2b4f26a543745df7b') in 0.004 seconds [static and dynamic dependencies]. Details - ImportResultOutputID=bf3a0a1d3732844de089df26d5616cf9 DependenciesID=444f7ddc43a42f81d7add16b75192f57 StaticDependenciesID=de8d6dcff51bc531ac23311ae7d405e8 
Number of updated asset objects reloaded before import = 0
Number of asset objects unloaded after import = 0
========================================================================
Received Import Request.
  Time of request: 2026-06-22T05:06:16.8570086Z
  Time since last request: 0.0004091 seconds.
  importAddress: GUID: 08be229f18d1b43f7a1bcf8db4bcb6f1 - Path: Packages/com.unity.visualscripting/Editor/VisualScripting.Flow/Plugin/Changelogs/Changelog_1_1_0..cs - Importer: ScriptedImporter/UnityEditor.QuickSearchModule:UnityEditor.Search:ASIAI0B
Importing 'GUID: 08be229f18d1b43f7a1bcf8db4bcb6f1 - Path: Packages/com.unity.visualscripting/Editor/VisualScripting.Flow/Plugin/Changelogs/Changelog_1_1_0..cs - Importer: ScriptedImporter/UnityEditor.QuickSearchModule:UnityEditor.Search:ASIAI0B' with importer (ScriptedImporter : UnityEditor.QuickSearchModule:UnityEditor.Search:ASIAI0B)
Imported 'GUID: 08be229f18d1b43f7a1bcf8db4bcb6f1' -> (Import Result ID: 'c6a6395aee5d272889dc1efb31d3db23') in 0.004 seconds [static and dynamic dependencies]. Details - ImportResultOutputID=6df0027f8f924605a1828c3bc8e97ece DependenciesID=9d5d5a28db655cc98ab0253c310089f8 StaticDependenciesID=38e362fe4a4637d7076b4460a7f4791c 
Number of updated asset objects reloaded before import = 0
Number of asset objects unloaded after import = 0
========================================================================
Received Import Request.
  Time of request: 2026-06-22T05:06:16.8619454Z
  Time since last request: 0.0003445 seconds.
  importAddress: GUID: 914df55d3136f4521b58ca1e68ba06e2 - Path: Packages/com.unity.visualscripting/Editor/VisualScripting.Flow/Plugin/Changelogs/Changelog_1_2_4.cs - Importer: ScriptedImporter/UnityEditor.QuickSearchModule:UnityEditor.Search:ASIAI0B
Importing 'GUID: 914df55d3136f4521b58ca1e68ba06e2 - Path: Packages/com.unity.visualscripting/Editor/VisualScripting.Flow/Plugin/Changelogs/Changelog_1_2_4.cs - Importer: ScriptedImporter/UnityEditor.QuickSearchModule:UnityEditor.Search:ASIAI0B' with importer (ScriptedImporter : UnityEditor.QuickSearchModule:UnityEditor.Search:ASIAI0B)
Imported 'GUID: 914df55d3136f4521b58ca1e68ba06e2' -> (Import Result ID: 'afe9443dc183971b4c4680de9ada6f16') in 0.004 seconds [static and dynamic dependencies]. Details - ImportResultOutputID=7c6ff3f4eba0ca03c49d3a8a08716503 DependenciesID=91514837ba29d4531da8d5ac296875cf StaticDependenciesID=134d82060549aa76cc16ba7999154e1c 
Number of updated asset objects reloaded before import = 0
Number of asset objects unloaded after import = 0
========================================================================
Received Import Request.
  Time of request: 2026-06-22T05:06:16.8666873Z
  Time since last request: 0.0005775 seconds.
  importAddress: GUID: 251904176641146fbb7d16cbe72dbe9f - Path: Packages/com.unity.visualscripting/Editor/VisualScripting.Flow/Framework/Nesting/GraphInputDescriptor.cs - Importer: ScriptedImporter/UnityEditor.QuickSearchModule:UnityEditor.Search:ASIAI0B
Importing 'GUID: 251904176641146fbb7d16cbe72dbe9f - Path: Packages/com.unity.visualscripting/Editor/VisualScripting.Flow/Framework/Nesting/GraphInputDescriptor.cs - Importer: ScriptedImporter/UnityEditor.QuickSearchModule:UnityEditor.Search:ASIAI0B' with importer (ScriptedImporter : UnityEditor.QuickSearchModule:UnityEditor.Search:ASIAI0B)
Imported 'GUID: 251904176641146fbb7d16cbe72dbe9f' -> (Import Result ID: '2ea3d5a50e1e4c97000e714ab0dfc157') in 0.006 seconds [static and dynamic dependencies]. Details - ImportResultOutputID=89ddd77af8479c3c2f7df4a3912a8762 DependenciesID=16921f2e316dc03b1f5bc8d31f819cc3 StaticDependenciesID=7ecdb03666398f712f53207f22fc16ed 
Number of updated asset objects reloaded before import = 0
Number of asset objects unloaded after import = 0
========================================================================
Received Import Request.
  Time of request: 2026-06-22T05:06:16.8738952Z
  Time since last request: 0.0008211 seconds.
  importAddress: GUID: 40cd897821b754ed3b0e71afcd581880 - Path: Packages/com.unity.visualscripting/Editor/VisualScripting.Flow/Framework/Nesting/NestrerUnitWidget.cs - Importer: ScriptedImporter/UnityEditor.QuickSearchModule:UnityEditor.Search:ASIAI0B
Importing 'GUID: 40cd897821b754ed3b0e71afcd581880 - Path: Packages/com.unity.visualscripting/Editor/VisualScripting.Flow/Framework/Nesting/NestrerUnitWidget.cs - Importer: ScriptedImporter/UnityEditor.QuickSearchModule:UnityEditor.Search:ASIAI0B' with importer (ScriptedImporter : UnityEditor.QuickSearchModule:UnityEditor.Search:ASIAI0B)
Imported 'GUID: 40cd897821b754ed3b0e71afcd581880' -> (Import Result ID: '14f3cbb62e101f2e0694c1ddaa594ab2') in 0.008 seconds [static and dynamic dependencies]. Details - ImportResultOutputID=1d52878730428771f824c4d2f3628d96 DependenciesID=cccdc43dc285b074c8b424f3634490b6 StaticDependenciesID=24604f74b1c3b55fd1318b5d589916b1 
Number of updated asset objects reloaded before import = 0
Number of asset objects unloaded after import = 0
========================================================================
Received Import Request.
  Time of request: 2026-06-22T05:06:16.8824815Z
  Time since last request: 0.0003115 seconds.
  importAddress: GUID: 4aa4ecc37c1a147c1b3658b615afb89a - Path: Packages/com.unity.visualscripting/Editor/VisualScripting.Flow/Framework/Nesting/NesterUnitDescriptor.cs - Importer: ScriptedImporter/UnityEditor.QuickSearchModule:UnityEditor.Search:ASIAI0B
Importing 'GUID: 4aa4ecc37c1a147c1b3658b615afb89a - Path: Packages/com.unity.visualscripting/Editor/VisualScripting.Flow/Framework/Nesting/NesterUnitDescriptor.cs - Importer: ScriptedImporter/UnityEditor.QuickSearchModule:UnityEditor.Search:ASIAI0B' with importer (ScriptedImporter : UnityEditor.QuickSearchModule:UnityEditor.Search:ASIAI0B)
Imported 'GUID: 4aa4ecc37c1a147c1b3658b615afb89a' -> (Import Result ID: '5283c06f329ba046b39bb3db26b920f1') in 0.007 seconds [static and dynamic dependencies]. Details - ImportResultOutputID=65451f9d5b771ccd4773097df5634506 DependenciesID=dac481b6a65c1db9ded86c7589e2e8a0 StaticDependenciesID=9fc78af60b016c89a9b225f08dbb778e 
Number of updated asset objects reloaded before import = 0
Number of asset objects unloaded after import = 0
========================================================================
Received Import Request.
  Time of request: 2026-06-22T05:06:16.8898605Z
  Time since last request: 0.0004154 seconds.
  importAddress: GUID: cd9648444f40f4191982915f5289e6cc - Path: Packages/com.unity.visualscripting/Editor/VisualScripting.Flow/Framework/Nesting/NesterUnitEditor.cs - Importer: ScriptedImporter/UnityEditor.QuickSearchModule:UnityEditor.Search:ASIAI0B
Importing 'GUID: cd9648444f40f4191982915f5289e6cc - Path: Packages/com.unity.visualscripting/Editor/VisualScripting.Flow/Framework/Nesting/NesterUnitEditor.cs - Importer: ScriptedImporter/UnityEditor.QuickSearchModule:UnityEditor.Search:ASIAI0B' with importer (ScriptedImporter : UnityEditor.QuickSearchModule:UnityEditor.Search:ASIAI0B)
Imported 'GUID: cd9648444f40f4191982915f5289e6cc' -> (Import Result ID: '1871484096668ec1951efde0dead7043') in 0.005 seconds [static and dynamic dependencies]. Details - ImportResultOutputID=dc3e2f4e75907abc58251f50cb8ed36e DependenciesID=3cefa13a2897cc763c3c253eff58bf6a StaticDependenciesID=ea2bfed7f304f98662a48fae4d624fd3 
Number of updated asset objects reloaded before import = 0
Number of asset objects unloaded after import = 0
========================================================================
Received Import Request.
  Time of request: 2026-06-22T05:06:16.8959875Z
  Time since last request: 0.0005469 seconds.
  importAddress: GUID: 946af99fc6ca141dd8305988366f2969 - Path: Packages/com.unity.visualscripting/Editor/VisualScripting.Flow/Framework/Control/SelectUnitDescriptor.cs - Importer: ScriptedImporter/UnityEditor.QuickSearchModule:UnityEditor.Search:ASIAI0B
Importing 'GUID: 946af99fc6ca141dd8305988366f2969 - Path: Packages/com.unity.visualscripting/Editor/VisualScripting.Flow/Framework/Control/SelectUnitDescriptor.cs - Importer: ScriptedImporter/UnityEditor.QuickSearchModule:UnityEditor.Search:ASIAI0B' with importer (ScriptedImporter : UnityEditor.QuickSearchModule:UnityEditor.Search:ASIAI0B)
Imported 'GUID: 946af99fc6ca141dd8305988366f2969' -> (Import Result ID: 'e40d0b35aee9422d42c350aeae054947') in 0.006 seconds [static and dynamic dependencies]. Details - ImportResultOutputID=d5a081e5784bfdfa292f27b24c103764 DependenciesID=891de722f52e76b4400e5b07750dc3ce StaticDependenciesID=07188001b6d0c67732f4824b88b4240d 
Number of updated asset objects reloaded before import = 0
Number of asset objects unloaded after import = 0
========================================================================
Received Import Request.
  Time of request: 2026-06-22T05:06:16.902676Z
  Time since last request: 0.0003663 seconds.
  importAddress: GUID: 8246e995aafc341d299ef4fa86fdf7b7 - Path: Packages/com.unity.visualscripting/Editor/VisualScripting.Flow/Plugin/Changelogs/Changelog_1_0_1.cs - Importer: ScriptedImporter/UnityEditor.QuickSearchModule:UnityEditor.Search:ASIAI0B
Importing 'GUID: 8246e995aafc341d299ef4fa86fdf7b7 - Path: Packages/com.unity.visualscripting/Editor/VisualScripting.Flow/Plugin/Changelogs/Changelog_1_0_1.cs - Importer: ScriptedImporter/UnityEditor.QuickSearchModule:UnityEditor.Search:ASIAI0B' with importer (ScriptedImporter : UnityEditor.QuickSearchModule:UnityEditor.Search:ASIAI0B)
Imported 'GUID: 8246e995aafc341d299ef4fa86fdf7b7' -> (Import Result ID: 'be6c3cdac5c4b99be94d1ddc75715104') in 0.006 seconds [static and dynamic dependencies]. Details - ImportResultOutputID=c9b94a0e0adcca36e9e25b39ac4e075e DependenciesID=222d54ab1a51ff5b80f13c961b4ed31f StaticDependenciesID=3418650a3f670f715d95be221eec75b4 
Number of updated asset objects reloaded before import = 0
Number of asset objects unloaded after import = 0
========================================================================
Received Import Request.
  Time of request: 2026-06-22T05:06:16.9094084Z
  Time since last request: 0.0004036 seconds.
  importAddress: GUID: e391928ec26554bb6a8c432069d4d080 - Path: Packages/com.unity.visualscripting/Editor/VisualScripting.Flow/Framework/Control/ForEachDescriptor.cs - Importer: ScriptedImporter/UnityEditor.QuickSearchModule:UnityEditor.Search:ASIAI0B
Importing 'GUID: e391928ec26554bb6a8c432069d4d080 - Path: Packages/com.unity.visualscripting/Editor/VisualScripting.Flow/Framework/Control/ForEachDescriptor.cs - Importer: ScriptedImporter/UnityEditor.QuickSearchModule:UnityEditor.Search:ASIAI0B' with importer (ScriptedImporter : UnityEditor.QuickSearchModule:UnityEditor.Search:ASIAI0B)
Imported 'GUID: e391928ec26554bb6a8c432069d4d080' -> (Import Result ID: '34af2ef4d3279dc9c592b12ec1485b25') in 0.004 seconds [static and dynamic dependencies]. Details - ImportResultOutputID=137c09c253428428a0182ed0b4b9950d DependenciesID=5dd2d21673481d1beb1e692c5f5b1277 StaticDependenciesID=6a1c88f79b83ac3b1e62aa60793b8f51 
Number of updated asset objects reloaded before import = 0
Number of asset objects unloaded after import = 0
========================================================================
Received Import Request.
  Time of request: 2026-06-22T05:06:16.9141238Z
  Time since last request: 0.0004793 seconds.
  importAddress: GUID: faeb5868684234ccd9a36b3e2a589e93 - Path: Packages/com.unity.visualscripting/Editor/VisualScripting.Flow/Framework/Nesting/SuperUnitWidget.cs - Importer: ScriptedImporter/UnityEditor.QuickSearchModule:UnityEditor.Search:ASIAI0B
Importing 'GUID: faeb5868684234ccd9a36b3e2a589e93 - Path: Packages/com.unity.visualscripting/Editor/VisualScripting.Flow/Framework/Nesting/SuperUnitWidget.cs - Importer: ScriptedImporter/UnityEditor.QuickSearchModule:UnityEditor.Search:ASIAI0B' with importer (ScriptedImporter : UnityEditor.QuickSearchModule:UnityEditor.Search:ASIAI0B)
Imported 'GUID: faeb5868684234ccd9a36b3e2a589e93' -> (Import Result ID: '2cd3e27a741e3ba234e30666747f7f72') in 0.005 seconds [static and dynamic dependencies]. Details - ImportResultOutputID=334b5dc46ed0f26633f27ef8fdfd7e74 DependenciesID=5bfd8eb26152815f19a05ffb394b4dd4 StaticDependenciesID=4bdaee2a9528dd0bed43ff74630f9d76 
Number of updated asset objects reloaded before import = 0
Number of asset objects unloaded after import = 0
========================================================================
Received Import Request.
  Time of request: 2026-06-22T05:06:16.9192993Z
  Time since last request: 0.0003584 seconds.
  importAddress: GUID: 0d1c94c4f2d57434e9cbca40368ff9b7 - Path: Packages/com.unity.visualscripting/Editor/VisualScripting.Flow/Framework/Nesting/GraphInputAnalyser.cs - Importer: ScriptedImporter/UnityEditor.QuickSearchModule:UnityEditor.Search:ASIAI0B
Importing 'GUID: 0d1c94c4f2d57434e9cbca40368ff9b7 - Path: Packages/com.unity.visualscripting/Editor/VisualScripting.Flow/Framework/Nesting/GraphInputAnalyser.cs - Importer: ScriptedImporter/UnityEditor.QuickSearchModule:UnityEditor.Search:ASIAI0B' with importer (ScriptedImporter : UnityEditor.QuickSearchModule:UnityEditor.Search:ASIAI0B)
Imported 'GUID: 0d1c94c4f2d57434e9cbca40368ff9b7' -> (Import Result ID: 'f05006d2d2dc92ff7e1708c09436a641') in 0.004 seconds [static and dynamic dependencies]. Details - ImportResultOutputID=9051bb9da5e511656e7e23697d25002c DependenciesID=92113556c550a36b797e72b96e5a5998 StaticDependenciesID=b6db0ef4338ff5a3d0ad4cbe8ffa1e5b 
Number of updated asset objects reloaded before import = 0
Number of asset objects unloaded after import = 0
========================================================================
Received Import Request.
  Time of request: 2026-06-22T05:06:16.9239311Z
  Time since last request: 0.0004728 seconds.
  importAddress: GUID: fb52af51c49c24810bccfff47fba0f3b - Path: Packages/com.unity.visualscripting/Editor/VisualScripting.Flow/Plugin/Changelogs/Changelog_1_1_2.cs - Importer: ScriptedImporter/UnityEditor.QuickSearchModule:UnityEditor.Search:ASIAI0B
Importing 'GUID: fb52af51c49c24810bccfff47fba0f3b - Path: Packages/com.unity.visualscripting/Editor/VisualScripting.Flow/Plugin/Changelogs/Changelog_1_1_2.cs - Importer: ScriptedImporter/UnityEditor.QuickSearchModule:UnityEditor.Search:ASIAI0B' with importer (ScriptedImporter : UnityEditor.QuickSearchModule:UnityEditor.Search:ASIAI0B)
Imported 'GUID: fb52af51c49c24810bccfff47fba0f3b' -> (Import Result ID: 'd0ad7157e8b278f406e8738f9b947669') in 0.004 seconds [static and dynamic dependencies]. Details - ImportResultOutputID=c83211db38c9b13e74e926db26e58cff DependenciesID=7212226181f3ffced2560e2853fad4da StaticDependenciesID=8090afcae7c4373c515c9ca6640a0bd2 
Number of updated asset objects reloaded before import = 0
Number of asset objects unloaded after import = 0
========================================================================
Received Import Request.
  Time of request: 2026-06-22T05:06:16.9429792Z
  Time since last request: 0.0145027 seconds.
  importAddress: GUID: 67b4b452425e74ecbb80e16f8f3b7fd7 - Path: Packages/com.unity.visualscripting/Editor/VisualScripting.Flow/Plugin/Migrations/Migration_1_2_4_to_1_3_0.cs - Importer: ScriptedImporter/UnityEditor.QuickSearchModule:UnityEditor.Search:ASIAI0B
Importing 'GUID: 67b4b452425e74ecbb80e16f8f3b7fd7 - Path: Packages/com.unity.visualscripting/Editor/VisualScripting.Flow/Plugin/Migrations/Migration_1_2_4_to_1_3_0.cs - Importer: ScriptedImporter/UnityEditor.QuickSearchModule:UnityEditor.Search:ASIAI0B' with importer (ScriptedImporter : UnityEditor.QuickSearchModule:UnityEditor.Search:ASIAI0B)
Imported 'GUID: 67b4b452425e74ecbb80e16f8f3b7fd7' -> (Import Result ID: '44b667328c7fdfbd5a7cb99a45b42e00') in 0.004 seconds [static and dynamic dependencies]. Details - ImportResultOutputID=49cc5db366b528c2b3ab7136aecdfd28 DependenciesID=9c65ae7f76e9580e7f384288f36aa048 StaticDependenciesID=06732ef92112fdbcc2014a1e2c74296a 
Number of updated asset objects reloaded before import = 0
Number of asset objects unloaded after import = 0
========================================================================
Received Import Request.
  Time of request: 2026-06-22T05:06:16.9480023Z
  Time since last request: 0.0006947 seconds.
  importAddress: GUID: 7199fb71ac8b447d28bcc153d72b3147 - Path: Packages/com.unity.visualscripting/Editor/VisualScripting.State/Plugin/Changelogs/Changelog_1_3_0.cs - Importer: ScriptedImporter/UnityEditor.QuickSearchModule:UnityEditor.Search:ASIAI0B
Importing 'GUID: 7199fb71ac8b447d28bcc153d72b3147 - Path: Packages/com.unity.visualscripting/Editor/VisualScripting.State/Plugin/Changelogs/Changelog_1_3_0.cs - Importer: ScriptedImporter/UnityEditor.QuickSearchModule:UnityEditor.Search:ASIAI0B' with importer (ScriptedImporter : UnityEditor.QuickSearchModule:UnityEditor.Search:ASIAI0B)
Imported 'GUID: 7199fb71ac8b447d28bcc153d72b3147' -> (Import Result ID: '839833aec263137df3ce0bfcdc59c0ae') in 0.003 seconds [static and dynamic dependencies]. Details - ImportResultOutputID=622c85a6a8d59f4063da09c637174188 DependenciesID=2fe040863a1d738a825894122e64b0e1 StaticDependenciesID=209d237ad2034da452d48cf064f1c8be 
Number of updated asset objects reloaded before import = 0
Number of asset objects unloaded after import = 0
========================================================================
Received Import Request.
  Time of request: 2026-06-22T05:06:16.9518241Z
  Time since last request: 0.0004947 seconds.
  importAddress: GUID: 29a9c8f8714ef4a7a87311418ea65ed6 - Path: Packages/com.unity.visualscripting/Editor/VisualScripting.State/Plugin/Changelogs/Changelog_1_4_0.cs - Importer: ScriptedImporter/UnityEditor.QuickSearchModule:UnityEditor.Search:ASIAI0B
Importing 'GUID: 29a9c8f8714ef4a7a87311418ea65ed6 - Path: Packages/com.unity.visualscripting/Editor/VisualScripting.State/Plugin/Changelogs/Changelog_1_4_0.cs - Importer: ScriptedImporter/UnityEditor.QuickSearchModule:UnityEditor.Search:ASIAI0B' with importer (ScriptedImporter : UnityEditor.QuickSearchModule:UnityEditor.Search:ASIAI0B)
Imported 'GUID: 29a9c8f8714ef4a7a87311418ea65ed6' -> (Import Result ID: 'd9c5266fe81ed93f908f9eb3124f3944') in 0.004 seconds [static and dynamic dependencies]. Details - ImportResultOutputID=0be7f0309366f76359692584061ff58c DependenciesID=3bb8d0f46aad88b776a5bc86c9de73e5 StaticDependenciesID=7a65dd76b278bd31dc9c16e087ee6f7a 
Number of updated asset objects reloaded before import = 0
Number of asset objects unloaded after import = 0
========================================================================
Received Import Request.
  Time of request: 2026-06-22T05:06:16.9561154Z
  Time since last request: 0.0003497 seconds.
  importAddress: GUID: 057253f1a89340aeb7283ea133acffeb - Path: Packages/com.unity.visualscripting/Runtime/VisualScripting.Core/Cloning/Cloners/GradientCloner.cs - Importer: ScriptedImporter/UnityEditor.QuickSearchModule:UnityEditor.Search:ASIAI0B
Importing 'GUID: 057253f1a89340aeb7283ea133acffeb - Path: Packages/com.unity.visualscripting/Runtime/VisualScripting.Core/Cloning/Cloners/GradientCloner.cs - Importer: ScriptedImporter/UnityEditor.QuickSearchModule:UnityEditor.Search:ASIAI0B' with importer (ScriptedImporter : UnityEditor.QuickSearchModule:UnityEditor.Search:ASIAI0B)
Imported 'GUID: 057253f1a89340aeb7283ea133acffeb' -> (Import Result ID: '7f005645da7c69940da95244f7c042e2') in 0.004 seconds [static and dynamic dependencies]. Details - ImportResultOutputID=2dea241bfb823688bb16149e844d9836 DependenciesID=06d7571cef20788ea2bcf64ef3ebd9c5 StaticDependenciesID=5e6111d9b4701893bde8d66a017f61dd 
Number of updated asset objects reloaded before import = 0
Number of asset objects unloaded after import = 0
========================================================================
Received Import Request.
  Time of request: 2026-06-22T05:06:16.9603483Z
  Time since last request: 0.0004818 seconds.
  importAddress: GUID: 6753fa3367ac4986a92909ed6eb78772 - Path: Packages/com.unity.visualscripting/Editor/VisualScripting.State/Plugin/Migrations/Migration_1_5_1_to_1_5_2.cs - Importer: ScriptedImporter/UnityEditor.QuickSearchModule:UnityEditor.Search:ASIAI0B
Importing 'GUID: 6753fa3367ac4986a92909ed6eb78772 - Path: Packages/com.unity.visualscripting/Editor/VisualScripting.State/Plugin/Migrations/Migration_1_5_1_to_1_5_2.cs - Importer: ScriptedImporter/UnityEditor.QuickSearchModule:UnityEditor.Search:ASIAI0B' with importer (ScriptedImporter : UnityEditor.QuickSearchModule:UnityEditor.Search:ASIAI0B)
Imported 'GUID: 6753fa3367ac4986a92909ed6eb78772' -> (Import Result ID: '9528d0b869b983fbcc925b56dc8a4b48') in 0.004 seconds [static and dynamic dependencies]. Details - ImportResultOutputID=a9529fe131c970f683a88a4dece03377 DependenciesID=d0eeb2b43d0ab861b38854800405ddf4 StaticDependenciesID=dc1c250afb23227b5e6a809a98ef7fd6 
Number of updated asset objects reloaded before import = 0
Number of asset objects unloaded after import = 0
========================================================================
Received Import Request.
  Time of request: 2026-06-22T05:06:16.9645829Z
  Time since last request: 0.0005031 seconds.
  importAddress: GUID: 10e4ab63650694b2a8a70621dbf7e368 - Path: Packages/com.unity.visualscripting/Runtime/VisualScripting.Core/EditorBinding/Inspector/InspectorDelayedAttribute.cs - Importer: ScriptedImporter/UnityEditor.QuickSearchModule:UnityEditor.Search:ASIAI0B
Importing 'GUID: 10e4ab63650694b2a8a70621dbf7e368 - Path: Packages/com.unity.visualscripting/Runtime/VisualScripting.Core/EditorBinding/Inspector/InspectorDelayedAttribute.cs - Importer: ScriptedImporter/UnityEditor.QuickSearchModule:UnityEditor.Search:ASIAI0B' with importer (ScriptedImporter : UnityEditor.QuickSearchModule:UnityEditor.Search:ASIAI0B)
Imported 'GUID: 10e4ab63650694b2a8a70621dbf7e368' -> (Import Result ID: '83c787777b88d45d881d4213e38b0ee6') in 0.004 seconds [static and dynamic dependencies]. Details - ImportResultOutputID=ab99ae58edc704303906a7a4ce873bad DependenciesID=41fc84aba90adb75fdafaa37775c954c StaticDependenciesID=3983da0b0f7445b0f976d5a582219c23 
Number of updated asset objects reloaded before import = 0
Number of asset objects unloaded after import = 0
========================================================================
Received Import Request.
  Time of request: 2026-06-22T05:06:16.9688342Z
  Time since last request: 0.0003648 seconds.
  importAddress: GUID: 4ae4d3f2430124e44bd5968e7d4994cf - Path: Packages/com.unity.visualscripting/Editor/VisualScripting.Flow/Plugin/Migrations/Migration_1_1_2_to_1_1_3.cs - Importer: ScriptedImporter/UnityEditor.QuickSearchModule:UnityEditor.Search:ASIAI0B
Importing 'GUID: 4ae4d3f2430124e44bd5968e7d4994cf - Path: Packages/com.unity.visualscripting/Editor/VisualScripting.Flow/Plugin/Migrations/Migration_1_1_2_to_1_1_3.cs - Importer: ScriptedImporter/UnityEditor.QuickSearchModule:UnityEditor.Search:ASIAI0B' with importer (ScriptedImporter : UnityEditor.QuickSearchModule:UnityEditor.Search:ASIAI0B)
Imported 'GUID: 4ae4d3f2430124e44bd5968e7d4994cf' -> (Import Result ID: '43ccf7bd6f46c68ada03c169011e58ea') in 0.004 seconds [static and dynamic dependencies]. Details - ImportResultOutputID=84f17152b0a110b9bc1263711fa60166 DependenciesID=9b5b493ef55a957022c7f98700072462 StaticDependenciesID=67226328658142b3e60f64d33932c6d2 
Number of updated asset objects reloaded before import = 0
Number of asset objects unloaded after import = 0
========================================================================
Received Import Request.
  Time of request: 2026-06-22T05:06:16.9729644Z
  Time since last request: 0.0003286 seconds.
  importAddress: GUID: 47dce94c9e7904b6fbac4e3f2f8a4949 - Path: Packages/com.unity.visualscripting/Editor/VisualScripting.Flow/Plugin/Migrations/Migration_1_3_0_to_1_4_0.cs - Importer: ScriptedImporter/UnityEditor.QuickSearchModule:UnityEditor.Search:ASIAI0B
Importing 'GUID: 47dce94c9e7904b6fbac4e3f2f8a4949 - Path: Packages/com.unity.visualscripting/Editor/VisualScripting.Flow/Plugin/Migrations/Migration_1_3_0_to_1_4_0.cs - Importer: ScriptedImporter/UnityEditor.QuickSearchModule:UnityEditor.Search:ASIAI0B' with importer (ScriptedImporter : UnityEditor.QuickSearchModule:UnityEditor.Search:ASIAI0B)
Imported 'GUID: 47dce94c9e7904b6fbac4e3f2f8a4949' -> (Import Result ID: '063c4368dc119785460cfb2bc6158e58') in 0.004 seconds [static and dynamic dependencies]. Details - ImportResultOutputID=5f99d9ed1cb0af3ae848583139298876 DependenciesID=b86edeee22ca101151bd97e3c5e6faa1 StaticDependenciesID=f152e3ed4117c307269cf49d5a5a79e3 
Number of updated asset objects reloaded before import = 0
Number of asset objects unloaded after import = 0
========================================================================
Received Import Request.
  Time of request: 2026-06-22T05:06:16.9774864Z
  Time since last request: 0.0004103 seconds.
  importAddress: GUID: 55f9606c92224790823f7ac7fd2c8d41 - Path: Packages/com.unity.visualscripting/Editor/VisualScripting.State/Plugin/Migrations/Migration_1_6_to_1_7.cs - Importer: ScriptedImporter/UnityEditor.QuickSearchModule:UnityEditor.Search:ASIAI0B
Importing 'GUID: 55f9606c92224790823f7ac7fd2c8d41 - Path: Packages/com.unity.visualscripting/Editor/VisualScripting.State/Plugin/Migrations/Migration_1_6_to_1_7.cs - Importer: ScriptedImporter/UnityEditor.QuickSearchModule:UnityEditor.Search:ASIAI0B' with importer (ScriptedImporter : UnityEditor.QuickSearchModule:UnityEditor.Search:ASIAI0B)
Imported 'GUID: 55f9606c92224790823f7ac7fd2c8d41' -> (Import Result ID: 'b406d7da6746a05b62186d0a3818f590') in 0.004 seconds [static and dynamic dependencies]. Details - ImportResultOutputID=cdf58568bc556773ac394a413a67157c DependenciesID=c1ac15a7141810a7647c5d1e7e90a122 StaticDependenciesID=e7759ec6ad9a90ad19db4d1d14275d82 
Number of updated asset objects reloaded before import = 0
Number of asset objects unloaded after import = 0
========================================================================
Received Import Request.
  Time of request: 2026-06-22T05:06:16.9821796Z
  Time since last request: 0.0003747 seconds.
  importAddress: GUID: 237934135a3b1433eade240044ab5490 - Path: Packages/com.unity.visualscripting/Editor/VisualScripting.State/Plugin/Changelogs/Changelog_1_2_3.cs - Importer: ScriptedImporter/UnityEditor.QuickSearchModule:UnityEditor.Search:ASIAI0B
Importing 'GUID: 237934135a3b1433eade240044ab5490 - Path: Packages/com.unity.visualscripting/Editor/VisualScripting.State/Plugin/Changelogs/Changelog_1_2_3.cs - Importer: ScriptedImporter/UnityEditor.QuickSearchModule:UnityEditor.Search:ASIAI0B' with importer (ScriptedImporter : UnityEditor.QuickSearchModule:UnityEditor.Search:ASIAI0B)
Imported 'GUID: 237934135a3b1433eade240044ab5490' -> (Import Result ID: '5ca9ff6ea86c3a61da3044c9feab71bf') in 0.004 seconds [static and dynamic dependencies]. Details - ImportResultOutputID=9de14d333ba33d5e3d739fa2ff3fa8a0 DependenciesID=96bfe4314dd501916b9efb33dfe55d2a StaticDependenciesID=1571abb27492cd74a0985bcc29f2a44d 
Number of updated asset objects reloaded before import = 0
Number of asset objects unloaded after import = 0
========================================================================
Received Import Request.
  Time of request: 2026-06-22T05:06:16.9871434Z
  Time since last request: 0.0004442 seconds.
  importAddress: GUID: c3d93833b89dc446e80bc99d2a98edbb - Path: Packages/com.unity.visualscripting/Editor/VisualScripting.Flow/Plugin/Migrations/Migration_1_1_1_to_1_1_2.cs - Importer: ScriptedImporter/UnityEditor.QuickSearchModule:UnityEditor.Search:ASIAI0B
Importing 'GUID: c3d93833b89dc446e80bc99d2a98edbb - Path: Packages/com.unity.visualscripting/Editor/VisualScripting.Flow/Plugin/Migrations/Migration_1_1_1_to_1_1_2.cs - Importer: ScriptedImporter/UnityEditor.QuickSearchModule:UnityEditor.Search:ASIAI0B' with importer (ScriptedImporter : UnityEditor.QuickSearchModule:UnityEditor.Search:ASIAI0B)
Imported 'GUID: c3d93833b89dc446e80bc99d2a98edbb' -> (Import Result ID: '6841cc02d5ce646ec5c39b7e59b7da6b') in 0.004 seconds [static and dynamic dependencies]. Details - ImportResultOutputID=9ad8add80faa89d008083ef728ae5c11 DependenciesID=8da4c94f819a4b70d4aa7236ac42260b StaticDependenciesID=f6b2622f4ebafe6da437e5f0e1eab977 
Number of updated asset objects reloaded before import = 0
Number of asset objects unloaded after import = 0
========================================================================
Received Import Request.
  Time of request: 2026-06-22T05:06:16.9919118Z
  Time since last request: 0.0003847 seconds.
  importAddress: GUID: 80b5f06f2b254106834105b126a44f19 - Path: Packages/com.unity.visualscripting/Editor/VisualScripting.State/Plugin/Migrations/Migration_Asset_to_Package.cs - Importer: ScriptedImporter/UnityEditor.QuickSearchModule:UnityEditor.Search:ASIAI0B
Importing 'GUID: 80b5f06f2b254106834105b126a44f19 - Path: Packages/com.unity.visualscripting/Editor/VisualScripting.State/Plugin/Migrations/Migration_Asset_to_Package.cs - Importer: ScriptedImporter/UnityEditor.QuickSearchModule:UnityEditor.Search:ASIAI0B' with importer (ScriptedImporter : UnityEditor.QuickSearchModule:UnityEditor.Search:ASIAI0B)
Imported 'GUID: 80b5f06f2b254106834105b126a44f19' -> (Import Result ID: 'd7c2c84f6b7a355d259947da07d37e46') in 0.004 seconds [static and dynamic dependencies]. Details - ImportResultOutputID=1d1bddaf662bf8c0389a1b2f46ce310b DependenciesID=1f69763ec4e350e73fce470a36b0f2f4 StaticDependenciesID=43b3cd6919944a9a96cda9929c925acb 
Number of updated asset objects reloaded before import = 0
Number of asset objects unloaded after import = 0
========================================================================
Received Import Request.
  Time of request: 2026-06-22T05:06:16.9968076Z
  Time since last request: 0.000473 seconds.
  importAddress: GUID: f94de5bcee76742e2adc9ac35bfbcede - Path: Packages/com.unity.visualscripting/Runtime/VisualScripting.Core/Cloning/Cloners/AnimationCurveCloner.cs - Importer: ScriptedImporter/UnityEditor.QuickSearchModule:UnityEditor.Search:ASIAI0B
Importing 'GUID: f94de5bcee76742e2adc9ac35bfbcede - Path: Packages/com.unity.visualscripting/Runtime/VisualScripting.Core/Cloning/Cloners/AnimationCurveCloner.cs - Importer: ScriptedImporter/UnityEditor.QuickSearchModule:UnityEditor.Search:ASIAI0B' with importer (ScriptedImporter : UnityEditor.QuickSearchModule:UnityEditor.Search:ASIAI0B)
Imported 'GUID: f94de5bcee76742e2adc9ac35bfbcede' -> (Import Result ID: '4c616ae749bdaccb88f70157c66b69b7') in 0.004 seconds [static and dynamic dependencies]. Details - ImportResultOutputID=1b9b03082d5481c358733be3671323e9 DependenciesID=5e0283530b2e6ec5472290e52319b646 StaticDependenciesID=e8f11b1c26439f33b620343e123950ad 
Number of updated asset objects reloaded before import = 0
Number of asset objects unloaded after import = 0
========================================================================
Received Import Request.
  Time of request: 2026-06-22T05:06:17.0019961Z
  Time since last request: 0.0003987 seconds.
  importAddress: GUID: ec8a76215406a466c86f4003b82f6811 - Path: Packages/com.unity.visualscripting/Runtime/VisualScripting.Core/Dependencies/FullSerializer/fsIgnoreAttribute.cs - Importer: ScriptedImporter/UnityEditor.QuickSearchModule:UnityEditor.Search:ASIAI0B
Importing 'GUID: ec8a76215406a466c86f4003b82f6811 - Path: Packages/com.unity.visualscripting/Runtime/VisualScripting.Core/Dependencies/FullSerializer/fsIgnoreAttribute.cs - Importer: ScriptedImporter/UnityEditor.QuickSearchModule:UnityEditor.Search:ASIAI0B' with importer (ScriptedImporter : UnityEditor.QuickSearchModule:UnityEditor.Search:ASIAI0B)
Imported 'GUID: ec8a76215406a466c86f4003b82f6811' -> (Import Result ID: 'e2d8359e65eb0e440d00b7b0c1fb9341') in 0.004 seconds [static and dynamic dependencies]. Details - ImportResultOutputID=51222ae68b23d00b9b0fa866d27c8f3f DependenciesID=fad1af524b6e2ec6777803a21c5b261a StaticDependenciesID=841d6fb605b7d52a3c336ba90c7f3283 
Number of updated asset objects reloaded before import = 0
Number of asset objects unloaded after import = 0
========================================================================
Received Import Request.
  Time of request: 2026-06-22T05:06:17.0065641Z
  Time since last request: 0.0003825 seconds.
  importAddress: GUID: 58cb2c4ef1dd746889c6978126ede375 - Path: Packages/com.unity.visualscripting/Editor/VisualScripting.Flow/Plugin/Changelogs/Changelog_1_4_6.cs - Importer: ScriptedImporter/UnityEditor.QuickSearchModule:UnityEditor.Search:ASIAI0B
Importing 'GUID: 58cb2c4ef1dd746889c6978126ede375 - Path: Packages/com.unity.visualscripting/Editor/VisualScripting.Flow/Plugin/Changelogs/Changelog_1_4_6.cs - Importer: ScriptedImporter/UnityEditor.QuickSearchModule:UnityEditor.Search:ASIAI0B' with importer (ScriptedImporter : UnityEditor.QuickSearchModule:UnityEditor.Search:ASIAI0B)
Imported 'GUID: 58cb2c4ef1dd746889c6978126ede375' -> (Import Result ID: '21d93f54f17675c1d895694acc95400b') in 0.005 seconds [static and dynamic dependencies]. Details - ImportResultOutputID=d1fe9f65b902cc289b446db9bf3d4a27 DependenciesID=be1450d04dc41c4c1c6439f18b6d2054 StaticDependenciesID=466c7002c6cb724e8ba1f157f51776a6 
Number of updated asset objects reloaded before import = 0
Number of asset objects unloaded after import = 0
========================================================================
Received Import Request.
  Time of request: 2026-06-22T05:06:17.0120936Z
  Time since last request: 0.0004179 seconds.
  importAddress: GUID: cc16d5867d48040258daa8a42ba36190 - Path: Packages/com.unity.visualscripting/Runtime/VisualScripting.Core/Dependencies/FullSerializer/fsPropertyAttribute.cs - Importer: ScriptedImporter/UnityEditor.QuickSearchModule:UnityEditor.Search:ASIAI0B
Importing 'GUID: cc16d5867d48040258daa8a42ba36190 - Path: Packages/com.unity.visualscripting/Runtime/VisualScripting.Core/Dependencies/FullSerializer/fsPropertyAttribute.cs - Importer: ScriptedImporter/UnityEditor.QuickSearchModule:UnityEditor.Search:ASIAI0B' with importer (ScriptedImporter : UnityEditor.QuickSearchModule:UnityEditor.Search:ASIAI0B)
Imported 'GUID: cc16d5867d48040258daa8a42ba36190' -> (Import Result ID: 'bbefe252c8faa4bcdb7590c5bf8b333a') in 0.004 seconds [static and dynamic dependencies]. Details - ImportResultOutputID=859c7e93fa41361c411c49efd51cbe7d DependenciesID=615371dfbfd47fb636548ce65100e8e2 StaticDependenciesID=ebd777f5b82d69946defe3bd69d64139 
Number of updated asset objects reloaded before import = 0
Number of asset objects unloaded after import = 0
========================================================================
Received Import Request.
  Time of request: 2026-06-22T05:06:17.0781292Z
  Time since last request: 0.0614525 seconds.
  importAddress: GUID: 3acaad389219148cfba8cecde87afb02 - Path: Packages/com.unity.visualscripting/Runtime/VisualScripting.Core/EditorBinding/Inspector/InspectorToggleLeftAttribute.cs - Importer: ScriptedImporter/UnityEditor.QuickSearchModule:UnityEditor.Search:ASIAI0B
Importing 'GUID: 3acaad389219148cfba8cecde87afb02 - Path: Packages/com.unity.visualscripting/Runtime/VisualScripting.Core/EditorBinding/Inspector/InspectorToggleLeftAttribute.cs - Importer: ScriptedImporter/UnityEditor.QuickSearchModule:UnityEditor.Search:ASIAI0B' with importer (ScriptedImporter : UnityEditor.QuickSearchModule:UnityEditor.Search:ASIAI0B)
Imported 'GUID: 3acaad389219148cfba8cecde87afb02' -> (Import Result ID: 'd908291c8794d5f960a67ab5ccc58e91') in 0.005 seconds [static and dynamic dependencies]. Details - ImportResultOutputID=bc09e0ac370c303106ef8cdca6b6ab21 DependenciesID=4fba9465de970fc713413fbff8bd13f8 StaticDependenciesID=70e827ec82f09a6477d8debf8a08d483 
Number of updated asset objects reloaded before import = 0
Number of asset objects unloaded after import = 0
========================================================================
Received Import Request.
  Time of request: 2026-06-22T05:06:17.0835567Z
  Time since last request: 0.00057 seconds.
  importAddress: GUID: 9376dbb0ac69423ba3f541ddd6352d5f - Path: Packages/com.unity.visualscripting/Runtime/VisualScripting.Core/Listeners/UIInterfaces/UnityOnEndDragMessageListener.cs - Importer: ScriptedImporter/UnityEditor.QuickSearchModule:UnityEditor.Search:ASIAI0B
Importing 'GUID: 9376dbb0ac69423ba3f541ddd6352d5f - Path: Packages/com.unity.visualscripting/Runtime/VisualScripting.Core/Listeners/UIInterfaces/UnityOnEndDragMessageListener.cs - Importer: ScriptedImporter/UnityEditor.QuickSearchModule:UnityEditor.Search:ASIAI0B' with importer (ScriptedImporter : UnityEditor.QuickSearchModule:UnityEditor.Search:ASIAI0B)
Imported 'GUID: 9376dbb0ac69423ba3f541ddd6352d5f' -> (Import Result ID: '73bc782013f7fe2aeda04f49fbb8dc57') in 0.003 seconds [static and dynamic dependencies]. Details - ImportResultOutputID=cfe5295b2596f9b616e723b3d6c12c67 DependenciesID=9d7838111b9e3a49078f1dd94931b9c7 StaticDependenciesID=10456a37f77131cc93d2a10db039f0cb 
Number of updated asset objects reloaded before import = 0
Number of asset objects unloaded after import = 0
========================================================================
Received Import Request.
  Time of request: 2026-06-22T05:06:17.0877151Z
  Time since last request: 0.0006463 seconds.
  importAddress: GUID: 74d45bbb7e3943f3a7b97ce206c08b4b - Path: Packages/com.unity.visualscripting/Runtime/VisualScripting.Core/Listeners/MonoBehaviour/UnityOnMouseDragMessageListener.cs - Importer: ScriptedImporter/UnityEditor.QuickSearchModule:UnityEditor.Search:ASIAI0B
Importing 'GUID: 74d45bbb7e3943f3a7b97ce206c08b4b - Path: Packages/com.unity.visualscripting/Runtime/VisualScripting.Core/Listeners/MonoBehaviour/UnityOnMouseDragMessageListener.cs - Importer: ScriptedImporter/UnityEditor.QuickSearchModule:UnityEditor.Search:ASIAI0B' with importer (ScriptedImporter : UnityEditor.QuickSearchModule:UnityEditor.Search:ASIAI0B)
Imported 'GUID: 74d45bbb7e3943f3a7b97ce206c08b4b' -> (Import Result ID: 'aadd4aa601f1215508dce61154cf56f7') in 0.004 seconds [static and dynamic dependencies]. Details - ImportResultOutputID=d6d0069f9a34978129424f5597ce01ef DependenciesID=94b3f7082bcc9b5372c39bb51aab9fdb StaticDependenciesID=10d9e3ae4b3c695664730b4158665184 
Number of updated asset objects reloaded before import = 0
Number of asset objects unloaded after import = 0
========================================================================
Received Import Request.
  Time of request: 2026-06-22T05:06:17.0920705Z
  Time since last request: 0.0004389 seconds.
  importAddress: GUID: 3351223033e248d890bf99ece68bb673 - Path: Packages/com.unity.visualscripting/Runtime/VisualScripting.Core/Listeners/MonoBehaviour/UnityOnParticleCollisionMessageListener.cs - Importer: ScriptedImporter/UnityEditor.QuickSearchModule:UnityEditor.Search:ASIAI0B
Importing 'GUID: 3351223033e248d890bf99ece68bb673 - Path: Packages/com.unity.visualscripting/Runtime/VisualScripting.Core/Listeners/MonoBehaviour/UnityOnParticleCollisionMessageListener.cs - Importer: ScriptedImporter/UnityEditor.QuickSearchModule:UnityEditor.Search:ASIAI0B' with importer (ScriptedImporter : UnityEditor.QuickSearchModule:UnityEditor.Search:ASIAI0B)
Imported 'GUID: 3351223033e248d890bf99ece68bb673' -> (Import Result ID: '534182dc4d798db972ce65f406096dc3') in 0.005 seconds [static and dynamic dependencies]. Details - ImportResultOutputID=fd26af9ac155015795e8ef9bf669d0b9 DependenciesID=ec87c46711f5886ef6a03bc12797e893 StaticDependenciesID=2d84c0c91071caef64694c0e22187557 
Number of updated asset objects reloaded before import = 0
Number of asset objects unloaded after import = 0
========================================================================
Received Import Request.
  Time of request: 2026-06-22T05:06:17.0975628Z
  Time since last request: 0.0004643 seconds.
  importAddress: GUID: 6f74fcfae4c849879f19488dcf898594 - Path: Packages/com.unity.visualscripting/Runtime/VisualScripting.Core/Listeners/UI/UnityOnDropdownValueChangedMessageListener.cs - Importer: ScriptedImporter/UnityEditor.QuickSearchModule:UnityEditor.Search:ASIAI0B
Importing 'GUID: 6f74fcfae4c849879f19488dcf898594 - Path: Packages/com.unity.visualscripting/Runtime/VisualScripting.Core/Listeners/UI/UnityOnDropdownValueChangedMessageListener.cs - Importer: ScriptedImporter/UnityEditor.QuickSearchModule:UnityEditor.Search:ASIAI0B' with importer (ScriptedImporter : UnityEditor.QuickSearchModule:UnityEditor.Search:ASIAI0B)
Imported 'GUID: 6f74fcfae4c849879f19488dcf898594' -> (Import Result ID: 'e1c560bf2f10b5f7fcf3c0d56d4e6f76') in 0.005 seconds [static and dynamic dependencies]. Details - ImportResultOutputID=58323ade91ce15829bb35462f87a9bc8 DependenciesID=cbab3fe3b02c754c41d5c674a665474a StaticDependenciesID=5792d4e26b20e904268da9f89bbfc24b 
Number of updated asset objects reloaded before import = 0
Number of asset objects unloaded after import = 0
========================================================================
Received Import Request.
  Time of request: 2026-06-22T05:06:17.1028122Z
  Time since last request: 0.0002935 seconds.
  importAddress: GUID: 14fb21595fc142c5be2f1f3c28fe9917 - Path: Packages/com.unity.visualscripting/Runtime/VisualScripting.Core/Listeners/MonoBehaviour/UnityOnTransformParentChangedMListener.cs - Importer: ScriptedImporter/UnityEditor.QuickSearchModule:UnityEditor.Search:ASIAI0B
Importing 'GUID: 14fb21595fc142c5be2f1f3c28fe9917 - Path: Packages/com.unity.visualscripting/Runtime/VisualScripting.Core/Listeners/MonoBehaviour/UnityOnTransformParentChangedMListener.cs - Importer: ScriptedImporter/UnityEditor.QuickSearchModule:UnityEditor.Search:ASIAI0B' with importer (ScriptedImporter : UnityEditor.QuickSearchModule:UnityEditor.Search:ASIAI0B)
Imported 'GUID: 14fb21595fc142c5be2f1f3c28fe9917' -> (Import Result ID: '2bf1bebd71bf3e1afa01f6821d97ec9d') in 0.005 seconds [static and dynamic dependencies]. Details - ImportResultOutputID=aefe29e00e750e42e7d28ddb0d0bad11 DependenciesID=0033ea348ac24bf1f8c774b89822acf2 StaticDependenciesID=a00ae2d09d2521426c87825108133fea 
Number of updated asset objects reloaded before import = 0
Number of asset objects unloaded after import = 0
========================================================================
Received Import Request.
  Time of request: 2026-06-22T05:06:17.1083736Z
  Time since last request: 0.0007187 seconds.
  importAddress: GUID: d41d05ccecb37414bb4212154c0239b4 - Path: Packages/com.unity.visualscripting/Runtime/VisualScripting.Core/EditorBinding/Inspector/InspectViaImplementationsAttribute.cs - Importer: ScriptedImporter/UnityEditor.QuickSearchModule:UnityEditor.Search:ASIAI0B
Importing 'GUID: d41d05ccecb37414bb4212154c0239b4 - Path: Packages/com.unity.visualscripting/Runtime/VisualScripting.Core/EditorBinding/Inspector/InspectViaImplementationsAttribute.cs - Importer: ScriptedImporter/UnityEditor.QuickSearchModule:UnityEditor.Search:ASIAI0B' with importer (ScriptedImporter : UnityEditor.QuickSearchModule:UnityEditor.Search:ASIAI0B)
Imported 'GUID: d41d05ccecb37414bb4212154c0239b4' -> (Import Result ID: '2fe220cf3fe2282d930c37088c9a65ec') in 0.005 seconds [static and dynamic dependencies]. Details - ImportResultOutputID=f5d7e425799c6386616c82ff7a245abd DependenciesID=7b268c0c51647289d061b75fe8893556 StaticDependenciesID=9084b3ebac17869419f6a99009f60f4d 
Number of updated asset objects reloaded before import = 0
Number of asset objects unloaded after import = 0
========================================================================
Received Import Request.
  Time of request: 2026-06-22T05:06:17.1145879Z
  Time since last request: 0.0004801 seconds.
  importAddress: GUID: 7262da3bf22f34c7f861d64f6f8ee6ff - Path: Packages/com.unity.visualscripting/Runtime/VisualScripting.Core/EditorBinding/Inspector/InspectorWideAttribute.cs - Importer: ScriptedImporter/UnityEditor.QuickSearchModule:UnityEditor.Search:ASIAI0B
Importing 'GUID: 7262da3bf22f34c7f861d64f6f8ee6ff - Path: Packages/com.unity.visualscripting/Runtime/VisualScripting.Core/EditorBinding/Inspector/InspectorWideAttribute.cs - Importer: ScriptedImporter/UnityEditor.QuickSearchModule:UnityEditor.Search:ASIAI0B' with importer (ScriptedImporter : UnityEditor.QuickSearchModule:UnityEditor.Search:ASIAI0B)
Imported 'GUID: 7262da3bf22f34c7f861d64f6f8ee6ff' -> (Import Result ID: '5713d37d9d842c040544c4a685dce0ca') in 0.004 seconds [static and dynamic dependencies]. Details - ImportResultOutputID=6f27e29bf28f60ced593e33f4f40d6e6 DependenciesID=e569362fbd5c684545526f797646238f StaticDependenciesID=42e1912cb7da329e3587e96f4fe176b1 
Number of updated asset objects reloaded before import = 0
Number of asset objects unloaded after import = 0
========================================================================
Received Import Request.
  Time of request: 2026-06-22T05:06:17.1196717Z
  Time since last request: 0.0004239 seconds.
  importAddress: GUID: 08201d8f66454a09a1c1ea0c55eb778d - Path: Packages/com.unity.visualscripting/Runtime/VisualScripting.Core/Listeners/UIInterfaces/UnityOnPointerUpMessageListener.cs - Importer: ScriptedImporter/UnityEditor.QuickSearchModule:UnityEditor.Search:ASIAI0B
Importing 'GUID: 08201d8f66454a09a1c1ea0c55eb778d - Path: Packages/com.unity.visualscripting/Runtime/VisualScripting.Core/Listeners/UIInterfaces/UnityOnPointerUpMessageListener.cs - Importer: ScriptedImporter/UnityEditor.QuickSearchModule:UnityEditor.Search:ASIAI0B' with importer (ScriptedImporter : UnityEditor.QuickSearchModule:UnityEditor.Search:ASIAI0B)
Imported 'GUID: 08201d8f66454a09a1c1ea0c55eb778d' -> (Import Result ID: '1d4c4a2edd97de644d7faea6386bbb63') in 0.005 seconds [static and dynamic dependencies]. Details - ImportResultOutputID=3ea4a231140176f341d8c792bff4c131 DependenciesID=744a847a301362d85214a2fb9ee207da StaticDependenciesID=732d4d414a3d46b532463278ee7701af 
Number of updated asset objects reloaded before import = 0
Number of asset objects unloaded after import = 0
========================================================================
Received Import Request.
  Time of request: 2026-06-22T05:06:17.125224Z
  Time since last request: 0.0004485 seconds.
  importAddress: GUID: 8f7612f68f0884e59857d404af50194d - Path: Packages/com.unity.visualscripting/Runtime/VisualScripting.Core/Ensure/Extensions/XString.cs - Importer: ScriptedImporter/UnityEditor.QuickSearchModule:UnityEditor.Search:ASIAI0B
Importing 'GUID: 8f7612f68f0884e59857d404af50194d - Path: Packages/com.unity.visualscripting/Runtime/VisualScripting.Core/Ensure/Extensions/XString.cs - Importer: ScriptedImporter/UnityEditor.QuickSearchModule:UnityEditor.Search:ASIAI0B' with importer (ScriptedImporter : UnityEditor.QuickSearchModule:UnityEditor.Search:ASIAI0B)
Imported 'GUID: 8f7612f68f0884e59857d404af50194d' -> (Import Result ID: '5a020c03862412ad3084710f3e22ec53') in 0.004 seconds [static and dynamic dependencies]. Details - ImportResultOutputID=80c39e7f41ebac8d44aa408a016a83eb DependenciesID=696da60e18eb515155c3951ad6876c20 StaticDependenciesID=191167f410e4fcbdea0b8dfc78e86db0 
Number of updated asset objects reloaded before import = 0
Number of asset objects unloaded after import = 0
========================================================================
Received Import Request.
  Time of request: 2026-06-22T05:06:17.1296635Z
  Time since last request: 0.0003468 seconds.
  importAddress: GUID: e7dbda2fa1cf4475bb59c8c2a8058ace - Path: Packages/com.unity.visualscripting/Runtime/VisualScripting.Core/Ensure/Extensions/XComparable.cs - Importer: ScriptedImporter/UnityEditor.QuickSearchModule:UnityEditor.Search:ASIAI0B
Importing 'GUID: e7dbda2fa1cf4475bb59c8c2a8058ace - Path: Packages/com.unity.visualscripting/Runtime/VisualScripting.Core/Ensure/Extensions/XComparable.cs - Importer: ScriptedImporter/UnityEditor.QuickSearchModule:UnityEditor.Search:ASIAI0B' with importer (ScriptedImporter : UnityEditor.QuickSearchModule:UnityEditor.Search:ASIAI0B)
Imported 'GUID: e7dbda2fa1cf4475bb59c8c2a8058ace' -> (Import Result ID: 'a0fa4243a9eeea4e4ccd855895af4ea4') in 0.004 seconds [static and dynamic dependencies]. Details - ImportResultOutputID=3e7d1f4b9fd45d9769b3bee11be23e81 DependenciesID=40d795239c6ccbbad2c3f36def895b6b StaticDependenciesID=1d56a5c996180a49d3f61801190abc83 
Number of updated asset objects reloaded before import = 0
Number of asset objects unloaded after import = 0
========================================================================
Received Import Request.
  Time of request: 2026-06-22T05:06:17.1337698Z
  Time since last request: 0.0003732 seconds.
  importAddress: GUID: f91a5b4b54ffb45f8a76cfa80c26b799 - Path: Packages/com.unity.visualscripting/Runtime/VisualScripting.Core/Reflection/Operators/AdditionHandler.cs - Importer: ScriptedImporter/UnityEditor.QuickSearchModule:UnityEditor.Search:ASIAI0B
Importing 'GUID: f91a5b4b54ffb45f8a76cfa80c26b799 - Path: Packages/com.unity.visualscripting/Runtime/VisualScripting.Core/Reflection/Operators/AdditionHandler.cs - Importer: ScriptedImporter/UnityEditor.QuickSearchModule:UnityEditor.Search:ASIAI0B' with importer (ScriptedImporter : UnityEditor.QuickSearchModule:UnityEditor.Search:ASIAI0B)
Imported 'GUID: f91a5b4b54ffb45f8a76cfa80c26b799' -> (Import Result ID: 'aa1d46693bafcdf0fd3e24150cb7af2d') in 0.004 seconds [static and dynamic dependencies]. Details - ImportResultOutputID=2c4cb61cbe484b4270d468684d2577c6 DependenciesID=2f952f30d5b4f3163c3bac6388cf07ab StaticDependenciesID=73ad5a1c6e1b24e84c3fe4c464db7dbb 
Number of updated asset objects reloaded before import = 0
Number of asset objects unloaded after import = 0
========================================================================
Received Import Request.
  Time of request: 2026-06-22T05:06:17.1379855Z
  Time since last request: 0.0003476 seconds.
  importAddress: GUID: 9af27143956b4fc69a21afea18eb1a30 - Path: Packages/com.unity.visualscripting/Runtime/VisualScripting.Core/Listeners/MonoBehaviour/UnityOnTriggerExitMListener.cs - Importer: ScriptedImporter/UnityEditor.QuickSearchModule:UnityEditor.Search:ASIAI0B
Importing 'GUID: 9af27143956b4fc69a21afea18eb1a30 - Path: Packages/com.unity.visualscripting/Runtime/VisualScripting.Core/Listeners/MonoBehaviour/UnityOnTriggerExitMListener.cs - Importer: ScriptedImporter/UnityEditor.QuickSearchModule:UnityEditor.Search:ASIAI0B' with importer (ScriptedImporter : UnityEditor.QuickSearchModule:UnityEditor.Search:ASIAI0B)
Imported 'GUID: 9af27143956b4fc69a21afea18eb1a30' -> (Import Result ID: 'ae0d99ea1bd5a60c9f20520ae3be893d') in 0.004 seconds [static and dynamic dependencies]. Details - ImportResultOutputID=01358b882623c3657e1578c5d1821354 DependenciesID=26b77415c96e95dc28ccbdaabd7a1705 StaticDependenciesID=6671522eb552b1f2e613d74f218dc153 
Number of updated asset objects reloaded before import = 0
Number of asset objects unloaded after import = 0
========================================================================
Received Import Request.
  Time of request: 2026-06-22T05:06:17.1589957Z
  Time since last request: 0.0164772 seconds.
  importAddress: GUID: ee39a37a542bf463cad5e5cf6be0e3fd - Path: Packages/com.unity.visualscripting/Runtime/VisualScripting.Core/Reflection/Optimization/OptimizedReflection.cs - Importer: ScriptedImporter/UnityEditor.QuickSearchModule:UnityEditor.Search:ASIAI0B
Importing 'GUID: ee39a37a542bf463cad5e5cf6be0e3fd - Path: Packages/com.unity.visualscripting/Runtime/VisualScripting.Core/Reflection/Optimization/OptimizedReflection.cs - Importer: ScriptedImporter/UnityEditor.QuickSearchModule:UnityEditor.Search:ASIAI0B' with importer (ScriptedImporter : UnityEditor.QuickSearchModule:UnityEditor.Search:ASIAI0B)
Imported 'GUID: ee39a37a542bf463cad5e5cf6be0e3fd' -> (Import Result ID: '0505b889887d20d552c8cc61ef4614f8') in 0.004 seconds [static and dynamic dependencies]. Details - ImportResultOutputID=5e4774d81f766e153204a9870abe0b20 DependenciesID=9f03717ea8fd9d81477ef844005179ab StaticDependenciesID=80b9d531786114cbfb3f9355ac7e780b 
Number of updated asset objects reloaded before import = 0
Number of asset objects unloaded after import = 0
========================================================================
Received Import Request.
  Time of request: 2026-06-22T05:06:17.1637012Z
  Time since last request: 0.0005572 seconds.
  importAddress: GUID: 04e713e5043874d68b4f7e6998aabacb - Path: Packages/com.unity.visualscripting/Runtime/VisualScripting.Core/Reflection/Optimization/StaticActionInvoker_2.cs - Importer: ScriptedImporter/UnityEditor.QuickSearchModule:UnityEditor.Search:ASIAI0B
Importing 'GUID: 04e713e5043874d68b4f7e6998aabacb - Path: Packages/com.unity.visualscripting/Runtime/VisualScripting.Core/Reflection/Optimization/StaticActionInvoker_2.cs - Importer: ScriptedImporter/UnityEditor.QuickSearchModule:UnityEditor.Search:ASIAI0B' with importer (ScriptedImporter : UnityEditor.QuickSearchModule:UnityEditor.Search:ASIAI0B)
Imported 'GUID: 04e713e5043874d68b4f7e6998aabacb' -> (Import Result ID: 'e7c4e4173c4d2a0c30fe6f1e8857da42') in 0.003 seconds [static and dynamic dependencies]. Details - ImportResultOutputID=2814e02dde616222d265f5be5dcbeaec DependenciesID=0d3d9659bd44676710a80e1bb6236789 StaticDependenciesID=fbbce610fcc7bcc4e5560af6341ac5d1 
Number of updated asset objects reloaded before import = 0
Number of asset objects unloaded after import = 0
========================================================================
Received Import Request.
  Time of request: 2026-06-22T05:06:17.1668628Z
  Time since last request: 0.0003279 seconds.
  importAddress: GUID: e7fd49b5fad854cb09974df4282ea2d9 - Path: Packages/com.unity.visualscripting/Runtime/VisualScripting.Core/Reflection/Optimization/StaticActionInvoker_4.cs - Importer: ScriptedImporter/UnityEditor.QuickSearchModule:UnityEditor.Search:ASIAI0B
Importing 'GUID: e7fd49b5fad854cb09974df4282ea2d9 - Path: Packages/com.unity.visualscripting/Runtime/VisualScripting.Core/Reflection/Optimization/StaticActionInvoker_4.cs - Importer: ScriptedImporter/UnityEditor.QuickSearchModule:UnityEditor.Search:ASIAI0B' with importer (ScriptedImporter : UnityEditor.QuickSearchModule:UnityEditor.Search:ASIAI0B)
Imported 'GUID: e7fd49b5fad854cb09974df4282ea2d9' -> (Import Result ID: '283fb598eca8e2a071954363cc8f83e2') in 0.003 seconds [static and dynamic dependencies]. Details - ImportResultOutputID=048f629939683993faf17fa0eb264d7b DependenciesID=9341840b26d21db2acfaf574100ba3cc StaticDependenciesID=07fd1c51fb24825aff23d1dc18c5a166 
Number of updated asset objects reloaded before import = 0
Number of asset objects unloaded after import = 0
========================================================================
Received Import Request.
  Time of request: 2026-06-22T05:06:17.1707992Z
  Time since last request: 0.0003718 seconds.
  importAddress: GUID: d53a8293d351f4cf582ec062d60728a0 - Path: Packages/com.unity.visualscripting/Runtime/VisualScripting.Core/Reflection/Operators/UnaryOperatorHandler.cs - Importer: ScriptedImporter/UnityEditor.QuickSearchModule:UnityEditor.Search:ASIAI0B
Importing 'GUID: d53a8293d351f4cf582ec062d60728a0 - Path: Packages/com.unity.visualscripting/Runtime/VisualScripting.Core/Reflection/Operators/UnaryOperatorHandler.cs - Importer: ScriptedImporter/UnityEditor.QuickSearchModule:UnityEditor.Search:ASIAI0B' with importer (ScriptedImporter : UnityEditor.QuickSearchModule:UnityEditor.Search:ASIAI0B)
Imported 'GUID: d53a8293d351f4cf582ec062d60728a0' -> (Import Result ID: '26f9246dc72d4c7303663724ed57b8cc') in 0.005 seconds [static and dynamic dependencies]. Details - ImportResultOutputID=f122d6fcf84e73f178960cf1d454fc8c DependenciesID=1a2e265762c8eacc20560734b0600a9d StaticDependenciesID=480cb845163821d72196124f6bce20a0 
Number of updated asset objects reloaded before import = 0
Number of asset objects unloaded after import = 0
========================================================================
Received Import Request.
  Time of request: 2026-06-22T05:06:17.1766996Z
  Time since last request: 0.0008641 seconds.
  importAddress: GUID: e9f31b3adce2f48be860b8f6333f867b - Path: Packages/com.unity.visualscripting/Runtime/VisualScripting.Core/Reflection/Optimization/StaticActionInvoker_0.cs - Importer: ScriptedImporter/UnityEditor.QuickSearchModule:UnityEditor.Search:ASIAI0B
Importing 'GUID: e9f31b3adce2f48be860b8f6333f867b - Path: Packages/com.unity.visualscripting/Runtime/VisualScripting.Core/Reflection/Optimization/StaticActionInvoker_0.cs - Importer: ScriptedImporter/UnityEditor.QuickSearchModule:UnityEditor.Search:ASIAI0B' with importer (ScriptedImporter : UnityEditor.QuickSearchModule:UnityEditor.Search:ASIAI0B)
Imported 'GUID: e9f31b3adce2f48be860b8f6333f867b' -> (Import Result ID: '2f081b4f0c560d3db60dad504a543168') in 0.005 seconds [static and dynamic dependencies]. Details - ImportResultOutputID=35b5353b19b8dcc1b75691796dc06338 DependenciesID=92cb0e98e387236cb8e552b01eeabe96 StaticDependenciesID=999d49488d032e9354521f20bb2c6ef4 
Number of updated asset objects reloaded before import = 0
Number of asset objects unloaded after import = 0
========================================================================
Received Import Request.
  Time of request: 2026-06-22T05:06:17.1829318Z
  Time since last request: 0.0010211 seconds.
  importAddress: GUID: d1e6c13a81ade45979a06bdb74a2e34c - Path: Packages/com.unity.visualscripting/Runtime/VisualScripting.Core/Reflection/Optimization/InstanceActionInvoker_3.cs - Importer: ScriptedImporter/UnityEditor.QuickSearchModule:UnityEditor.Search:ASIAI0B
Importing 'GUID: d1e6c13a81ade45979a06bdb74a2e34c - Path: Packages/com.unity.visualscripting/Runtime/VisualScripting.Core/Reflection/Optimization/InstanceActionInvoker_3.cs - Importer: ScriptedImporter/UnityEditor.QuickSearchModule:UnityEditor.Search:ASIAI0B' with importer (ScriptedImporter : UnityEditor.QuickSearchModule:UnityEditor.Search:ASIAI0B)
Imported 'GUID: d1e6c13a81ade45979a06bdb74a2e34c' -> (Import Result ID: 'ce63b0b16d3b4d98044e8a10cc02fc31') in 0.005 seconds [static and dynamic dependencies]. Details - ImportResultOutputID=c25c6364256d8d9b1ed455f8e3d0427b DependenciesID=ec0713ed6461adfeec5a6997189dbe11 StaticDependenciesID=abf3fa85895c0c887420e14ab9805c43 
Number of updated asset objects reloaded before import = 0
Number of asset objects unloaded after import = 0
========================================================================
Received Import Request.
  Time of request: 2026-06-22T05:06:17.1889814Z
  Time since last request: 0.0007583 seconds.
  importAddress: GUID: 4c10c0720a81448b5b614a4611eee79b - Path: Packages/com.unity.visualscripting/Runtime/VisualScripting.Core/Reflection/Optimization/Func_5.cs - Importer: ScriptedImporter/UnityEditor.QuickSearchModule:UnityEditor.Search:ASIAI0B
Importing 'GUID: 4c10c0720a81448b5b614a4611eee79b - Path: Packages/com.unity.visualscripting/Runtime/VisualScripting.Core/Reflection/Optimization/Func_5.cs - Importer: ScriptedImporter/UnityEditor.QuickSearchModule:UnityEditor.Search:ASIAI0B' with importer (ScriptedImporter : UnityEditor.QuickSearchModule:UnityEditor.Search:ASIAI0B)
Imported 'GUID: 4c10c0720a81448b5b614a4611eee79b' -> (Import Result ID: '1381d86b7420344c920375d0e0708065') in 0.004 seconds [static and dynamic dependencies]. Details - ImportResultOutputID=eec490c54c82dd2e76d46c30e59e765f DependenciesID=8adbe668ee127abaa846c21c2e097009 StaticDependenciesID=31f0dc54b5819b781990b4585c26328d 
Number of updated asset objects reloaded before import = 0
Number of asset objects unloaded after import = 0
========================================================================
Received Import Request.
  Time of request: 2026-06-22T05:06:17.1942547Z
  Time since last request: 0.0005857 seconds.
  importAddress: GUID: 20e8a9131c09f44bba4bc995a46bf45b - Path: Packages/com.unity.visualscripting/Runtime/VisualScripting.Core/Reflection/Optimization/Func_6.cs - Importer: ScriptedImporter/UnityEditor.QuickSearchModule:UnityEditor.Search:ASIAI0B
Importing 'GUID: 20e8a9131c09f44bba4bc995a46bf45b - Path: Packages/com.unity.visualscripting/Runtime/VisualScripting.Core/Reflection/Optimization/Func_6.cs - Importer: ScriptedImporter/UnityEditor.QuickSearchModule:UnityEditor.Search:ASIAI0B' with importer (ScriptedImporter : UnityEditor.QuickSearchModule:UnityEditor.Search:ASIAI0B)
Imported 'GUID: 20e8a9131c09f44bba4bc995a46bf45b' -> (Import Result ID: '1aad5467e9c5b881e7cc207219ee520c') in 0.006 seconds [static and dynamic dependencies]. Details - ImportResultOutputID=d5d8ed7b2ff2613f4c7b6a82fb746fee DependenciesID=79c088d5bf44f655f4e083cd8ce3f23a StaticDependenciesID=82097b451ba38c5c4ed29326a799061e 
Number of updated asset objects reloaded before import = 0
Number of asset objects unloaded after import = 0
========================================================================
Received Import Request.
  Time of request: 2026-06-22T05:06:17.2009044Z
  Time since last request: 0.0005155 seconds.
  importAddress: GUID: d3b2c06caaabe42a392f285017f17cc4 - Path: Packages/com.unity.visualscripting/Runtime/VisualScripting.Core/Reflection/Operators/IncrementHandler.cs - Importer: ScriptedImporter/UnityEditor.QuickSearchModule:UnityEditor.Search:ASIAI0B
Importing 'GUID: d3b2c06caaabe42a392f285017f17cc4 - Path: Packages/com.unity.visualscripting/Runtime/VisualScripting.Core/Reflection/Operators/IncrementHandler.cs - Importer: ScriptedImporter/UnityEditor.QuickSearchModule:UnityEditor.Search:ASIAI0B' with importer (ScriptedImporter : UnityEditor.QuickSearchModule:UnityEditor.Search:ASIAI0B)
Imported 'GUID: d3b2c06caaabe42a392f285017f17cc4' -> (Import Result ID: '6457fbbdd16dc8edc162f9fb2322df61') in 0.004 seconds [static and dynamic dependencies]. Details - ImportResultOutputID=f934b1a173e03008a5c5c71e5a740722 DependenciesID=9fec07f462099379e35b8121da9e6bdb StaticDependenciesID=f35edf29b552d2cd3844864392a0064d 
Number of updated asset objects reloaded before import = 0
Number of asset objects unloaded after import = 0
========================================================================
Received Import Request.
  Time of request: 2026-06-22T05:06:17.2057746Z
  Time since last request: 0.0003844 seconds.
  importAddress: GUID: 24bb3f6ea82ae4d6d85ca2b5aa7fd992 - Path: Packages/com.unity.visualscripting/Runtime/VisualScripting.Core/Reflection/Operators/LeftShiftHandler.cs - Importer: ScriptedImporter/UnityEditor.QuickSearchModule:UnityEditor.Search:ASIAI0B
Importing 'GUID: 24bb3f6ea82ae4d6d85ca2b5aa7fd992 - Path: Packages/com.unity.visualscripting/Runtime/VisualScripting.Core/Reflection/Operators/LeftShiftHandler.cs - Importer: ScriptedImporter/UnityEditor.QuickSearchModule:UnityEditor.Search:ASIAI0B' with importer (ScriptedImporter : UnityEditor.QuickSearchModule:UnityEditor.Search:ASIAI0B)
Imported 'GUID: 24bb3f6ea82ae4d6d85ca2b5aa7fd992' -> (Import Result ID: '9538d5c144715339665de455e88928b0') in 0.005 seconds [static and dynamic dependencies]. Details - ImportResultOutputID=435b03a80775831b7d445dc027f55319 DependenciesID=a4d466cd76d7622467de478722671fc8 StaticDependenciesID=50958572a9b3b380b83697d834df0306 
Number of updated asset objects reloaded before import = 0
Number of asset objects unloaded after import = 0
========================================================================
Received Import Request.
  Time of request: 2026-06-22T05:06:17.2114078Z
  Time since last request: 0.0007163 seconds.
  importAddress: GUID: db920d8340c7a45b987f621ab41cee13 - Path: Packages/com.unity.visualscripting/Runtime/VisualScripting.Core/Reflection/Optimization/StaticFieldAccessor.cs - Importer: ScriptedImporter/UnityEditor.QuickSearchModule:UnityEditor.Search:ASIAI0B
Importing 'GUID: db920d8340c7a45b987f621ab41cee13 - Path: Packages/com.unity.visualscripting/Runtime/VisualScripting.Core/Reflection/Optimization/StaticFieldAccessor.cs - Importer: ScriptedImporter/UnityEditor.QuickSearchModule:UnityEditor.Search:ASIAI0B' with importer (ScriptedImporter : UnityEditor.QuickSearchModule:UnityEditor.Search:ASIAI0B)
Imported 'GUID: db920d8340c7a45b987f621ab41cee13' -> (Import Result ID: '349f17ffec508d56d52a1617d3915df1') in 0.004 seconds [static and dynamic dependencies]. Details - ImportResultOutputID=554136c34110c5ba5affcacbc22ee719 DependenciesID=303d1ab95b0503d99aebf7507d7f78a2 StaticDependenciesID=67c30a50353ef0ba8fe51104321d11db 
Number of updated asset objects reloaded before import = 0
Number of asset objects unloaded after import = 0
========================================================================
Received Import Request.
  Time of request: 2026-06-22T05:06:17.2161549Z
  Time since last request: 0.0004131 seconds.
  importAddress: GUID: 59a0efbc8fcf9473a966f42d9a1c2e2c - Path: Packages/com.unity.visualscripting/Runtime/VisualScripting.Core/Reflection/Optimization/InstanceFunctionInvoker_1.cs - Importer: ScriptedImporter/UnityEditor.QuickSearchModule:UnityEditor.Search:ASIAI0B
Importing 'GUID: 59a0efbc8fcf9473a966f42d9a1c2e2c - Path: Packages/com.unity.visualscripting/Runtime/VisualScripting.Core/Reflection/Optimization/InstanceFunctionInvoker_1.cs - Importer: ScriptedImporter/UnityEditor.QuickSearchModule:UnityEditor.Search:ASIAI0B' with importer (ScriptedImporter : UnityEditor.QuickSearchModule:UnityEditor.Search:ASIAI0B)
Imported 'GUID: 59a0efbc8fcf9473a966f42d9a1c2e2c' -> (Import Result ID: 'd4a7bba6b1c494cea127f345b5c03e17') in 0.004 seconds [static and dynamic dependencies]. Details - ImportResultOutputID=db9f38fe4895f7930804105bdf69c853 DependenciesID=abaed5a64f1bb361a9750d17b6611ca1 StaticDependenciesID=b0b3bffc4a631153902aeafec2ef34f2 
Number of updated asset objects reloaded before import = 0
Number of asset objects unloaded after import = 0
========================================================================
Received Import Request.
  Time of request: 2026-06-22T05:06:17.2212009Z
  Time since last request: 0.0003922 seconds.
  importAddress: GUID: 066e7650f540d49cba91aaa2975fb430 - Path: Packages/com.unity.visualscripting/Runtime/VisualScripting.Core/Reflection/Optimization/StaticActionInvoker_1.cs - Importer: ScriptedImporter/UnityEditor.QuickSearchModule:UnityEditor.Search:ASIAI0B
Importing 'GUID: 066e7650f540d49cba91aaa2975fb430 - Path: Packages/com.unity.visualscripting/Runtime/VisualScripting.Core/Reflection/Optimization/StaticActionInvoker_1.cs - Importer: ScriptedImporter/UnityEditor.QuickSearchModule:UnityEditor.Search:ASIAI0B' with importer (ScriptedImporter : UnityEditor.QuickSearchModule:UnityEditor.Search:ASIAI0B)
Imported 'GUID: 066e7650f540d49cba91aaa2975fb430' -> (Import Result ID: '04ef6107a7a24ccd5a5631f726650d17') in 0.004 seconds [static and dynamic dependencies]. Details - ImportResultOutputID=ecf0185c7892eb0a424a045debc8ce2e DependenciesID=e9df1b2f7c3d6be34763b23f5794b523 StaticDependenciesID=b8da2a9858c9363de4b180521122fd65 
Number of updated asset objects reloaded before import = 0
Number of asset objects unloaded after import = 0
========================================================================
Received Import Request.
  Time of request: 2026-06-22T05:06:17.2441867Z
  Time since last request: 0.0187978 seconds.
  importAddress: GUID: 7f67023a80a5b4f2b9fc4ab3f44105d3 - Path: Packages/com.unity.visualscripting/Runtime/VisualScripting.Flow/Framework/Codebase/GetMember.cs - Importer: ScriptedImporter/UnityEditor.QuickSearchModule:UnityEditor.Search:ASIAI0B
Importing 'GUID: 7f67023a80a5b4f2b9fc4ab3f44105d3 - Path: Packages/com.unity.visualscripting/Runtime/VisualScripting.Flow/Framework/Codebase/GetMember.cs - Importer: ScriptedImporter/UnityEditor.QuickSearchModule:UnityEditor.Search:ASIAI0B' with importer (ScriptedImporter : UnityEditor.QuickSearchModule:UnityEditor.Search:ASIAI0B)
Imported 'GUID: 7f67023a80a5b4f2b9fc4ab3f44105d3' -> (Import Result ID: 'cf9b7aaac6ea2d6cd5b872bdb6a930f3') in 0.004 seconds [static and dynamic dependencies]. Details - ImportResultOutputID=953365810af83d71dc80860e19a63b9c DependenciesID=a46a8f9748d4a554aea9f8e973eed332 StaticDependenciesID=06f83ae13b9271d0fbed41cc8d07653f 
Number of updated asset objects reloaded before import = 0
Number of asset objects unloaded after import = 0
========================================================================
Received Import Request.
  Time of request: 2026-06-22T05:06:17.249064Z
  Time since last request: 0.0008834 seconds.
  importAddress: GUID: f1f5cc0ec16bb47f8bca4d860c0c1339 - Path: Packages/com.unity.visualscripting/Runtime/VisualScripting.Flow/Framework/Events/BoltUnityEvent.cs - Importer: ScriptedImporter/UnityEditor.QuickSearchModule:UnityEditor.Search:ASIAI0B
Importing 'GUID: f1f5cc0ec16bb47f8bca4d860c0c1339 - Path: Packages/com.unity.visualscripting/Runtime/VisualScripting.Flow/Framework/Events/BoltUnityEvent.cs - Importer: ScriptedImporter/UnityEditor.QuickSearchModule:UnityEditor.Search:ASIAI0B' with importer (ScriptedImporter : UnityEditor.QuickSearchModule:UnityEditor.Search:ASIAI0B)
Imported 'GUID: f1f5cc0ec16bb47f8bca4d860c0c1339' -> (Import Result ID: '14327faf7373449a2105abc17c6d2e38') in 0.003 seconds [static and dynamic dependencies]. Details - ImportResultOutputID=0dae191847b459b975806d050fac1593 DependenciesID=2eb07f958e7164ee729ad769fff2687d StaticDependenciesID=85cfac2fb22f5e6a701715cc10e66d11 
Number of updated asset objects reloaded before import = 0
Number of asset objects unloaded after import = 0
========================================================================
Received Import Request.
  Time of request: 2026-06-22T05:06:17.2522708Z
  Time since last request: 0.0003531 seconds.
  importAddress: GUID: 38ba506333a224b0da52d06c9c27e1f4 - Path: Packages/com.unity.visualscripting/Runtime/VisualScripting.Flow/Framework/Control/SelectUnit_T.cs - Importer: ScriptedImporter/UnityEditor.QuickSearchModule:UnityEditor.Search:ASIAI0B
Importing 'GUID: 38ba506333a224b0da52d06c9c27e1f4 - Path: Packages/com.unity.visualscripting/Runtime/VisualScripting.Flow/Framework/Control/SelectUnit_T.cs - Importer: ScriptedImporter/UnityEditor.QuickSearchModule:UnityEditor.Search:ASIAI0B' with importer (ScriptedImporter : UnityEditor.QuickSearchModule:UnityEditor.Search:ASIAI0B)
Imported 'GUID: 38ba506333a224b0da52d06c9c27e1f4' -> (Import Result ID: '11d9ea5429fe1cd5b82c8b1038784d29') in 0.003 seconds [static and dynamic dependencies]. Details - ImportResultOutputID=5bce2b5a3544e7a881f13c761aa1f709 DependenciesID=c18287e63e4fe13c7ca38b94e888b3da StaticDependenciesID=00f1e2a212f7f950985d6e17de7fa95b 
Number of updated asset objects reloaded before import = 0
Number of asset objects unloaded after import = 0
========================================================================
Received Import Request.
  Time of request: 2026-06-22T05:06:17.2557484Z
  Time since last request: 0.0003906 seconds.
  importAddress: GUID: b8f7508a4a08049a7a925984b8e5dae2 - Path: Packages/com.unity.visualscripting/Runtime/VisualScripting.Core/Reflection/Optimization/StaticPropertyAccessor.cs - Importer: ScriptedImporter/UnityEditor.QuickSearchModule:UnityEditor.Search:ASIAI0B
Importing 'GUID: b8f7508a4a08049a7a925984b8e5dae2 - Path: Packages/com.unity.visualscripting/Runtime/VisualScripting.Core/Reflection/Optimization/StaticPropertyAccessor.cs - Importer: ScriptedImporter/UnityEditor.QuickSearchModule:UnityEditor.Search:ASIAI0B' with importer (ScriptedImporter : UnityEditor.QuickSearchModule:UnityEditor.Search:ASIAI0B)
Imported 'GUID: b8f7508a4a08049a7a925984b8e5dae2' -> (Import Result ID: 'c5e12e7310b26548062079bb36d63341') in 0.004 seconds [static and dynamic dependencies]. Details - ImportResultOutputID=91a3dd973aec72e63750d8a86b858ed9 DependenciesID=9b68245f5a06bad999d91b36d6cd9351 StaticDependenciesID=2040fcff4848ae9cad8c1d9dba526c6d 
Number of updated asset objects reloaded before import = 0
Number of asset objects unloaded after import = 0
========================================================================
Received Import Request.
  Time of request: 2026-06-22T05:06:17.2602054Z
  Time since last request: 0.000397 seconds.
  importAddress: GUID: 6bc3b7ece49c6442d84ab192cce83e3b - Path: Packages/com.unity.visualscripting/Runtime/VisualScripting.Core/Serialization/Converters/LooseAssemblyNameConverter.cs - Importer: ScriptedImporter/UnityEditor.QuickSearchModule:UnityEditor.Search:ASIAI0B
Importing 'GUID: 6bc3b7ece49c6442d84ab192cce83e3b - Path: Packages/com.unity.visualscripting/Runtime/VisualScripting.Core/Serialization/Converters/LooseAssemblyNameConverter.cs - Importer: ScriptedImporter/UnityEditor.QuickSearchModule:UnityEditor.Search:ASIAI0B' with importer (ScriptedImporter : UnityEditor.QuickSearchModule:UnityEditor.Search:ASIAI0B)
Imported 'GUID: 6bc3b7ece49c6442d84ab192cce83e3b' -> (Import Result ID: '1010b6e0e3647122b9c59cd416f54a37') in 0.004 seconds [static and dynamic dependencies]. Details - ImportResultOutputID=127a0d5039eb0ff85f85671f7c241b35 DependenciesID=4d1391aba6a36f83d059030b97012712 StaticDependenciesID=427d899bb811050bf7d1586cad2111cf 
Number of updated asset objects reloaded before import = 0
Number of asset objects unloaded after import = 0
========================================================================
Received Import Request.
  Time of request: 2026-06-22T05:06:17.2652579Z
  Time since last request: 0.0003576 seconds.
  importAddress: GUID: 00656f383fee948f694c016f8cdcb404 - Path: Packages/com.unity.visualscripting/Runtime/VisualScripting.Flow/Framework/Control/SwitchUnit.cs - Importer: ScriptedImporter/UnityEditor.QuickSearchModule:UnityEditor.Search:ASIAI0B
Importing 'GUID: 00656f383fee948f694c016f8cdcb404 - Path: Packages/com.unity.visualscripting/Runtime/VisualScripting.Flow/Framework/Control/SwitchUnit.cs - Importer: ScriptedImporter/UnityEditor.QuickSearchModule:UnityEditor.Search:ASIAI0B' with importer (ScriptedImporter : UnityEditor.QuickSearchModule:UnityEditor.Search:ASIAI0B)
Imported 'GUID: 00656f383fee948f694c016f8cdcb404' -> (Import Result ID: 'ac90ece0ba8f057d2034fdb1292c5308') in 0.004 seconds [static and dynamic dependencies]. Details - ImportResultOutputID=3e48a645d44a99b2380b05b1c6eb6c15 DependenciesID=0fc54fe932f04e5ef8db8d1ee8f0d168 StaticDependenciesID=d788b782f75636f0f29d74c6d44c5d34 
Number of updated asset objects reloaded before import = 0
Number of asset objects unloaded after import = 0
========================================================================
Received Import Request.
  Time of request: 2026-06-22T05:06:17.2696666Z
  Time since last request: 0.0003675 seconds.
  importAddress: GUID: 1d65eede9661f46a88d6e1949070eb9f - Path: Packages/com.unity.visualscripting/Runtime/VisualScripting.Flow/Dependencies/NCalc/NCalc.g - Importer: ScriptedImporter/UnityEditor.QuickSearchModule:UnityEditor.Search:ASIAI0B
Importing 'GUID: 1d65eede9661f46a88d6e1949070eb9f - Path: Packages/com.unity.visualscripting/Runtime/VisualScripting.Flow/Dependencies/NCalc/NCalc.g - Importer: ScriptedImporter/UnityEditor.QuickSearchModule:UnityEditor.Search:ASIAI0B' with importer (ScriptedImporter : UnityEditor.QuickSearchModule:UnityEditor.Search:ASIAI0B)
Imported 'GUID: 1d65eede9661f46a88d6e1949070eb9f' -> (Import Result ID: 'e15de771bd66d90278cfbe981a87bd41') in 0.005 seconds [static and dynamic dependencies]. Details - ImportResultOutputID=7a4a14b13ac6b42f8c97ce2a6edaf817 DependenciesID=1ef5b0b6a1445ea065046d8f9e74ca5b StaticDependenciesID=291cb5e859ed7ac843ee24f6d12b8ce1 
Number of updated asset objects reloaded before import = 0
Number of asset objects unloaded after import = 1
========================================================================
Received Import Request.
  Time of request: 2026-06-22T05:06:17.2758335Z
  Time since last request: 0.0008485 seconds.
  importAddress: GUID: cc799370020064779b996a885f88819b - Path: Packages/com.unity.visualscripting/Runtime/VisualScripting.Flow/Framework/Control/ISelectUnit.cs - Importer: ScriptedImporter/UnityEditor.QuickSearchModule:UnityEditor.Search:ASIAI0B
Importing 'GUID: cc799370020064779b996a885f88819b - Path: Packages/com.unity.visualscripting/Runtime/VisualScripting.Flow/Framework/Control/ISelectUnit.cs - Importer: ScriptedImporter/UnityEditor.QuickSearchModule:UnityEditor.Search:ASIAI0B' with importer (ScriptedImporter : UnityEditor.QuickSearchModule:UnityEditor.Search:ASIAI0B)
Imported 'GUID: cc799370020064779b996a885f88819b' -> (Import Result ID: '9968be5bb196985d39ae18030f431b8f') in 0.004 seconds [static and dynamic dependencies]. Details - ImportResultOutputID=8e69448269d44c1471cd0dbf6e3f1a02 DependenciesID=08fdb78aa4d3dd6a4de091a3a6cf94f8 StaticDependenciesID=3deede0ea294856ff415455db09040cf 
Number of updated asset objects reloaded before import = 0
Number of asset objects unloaded after import = 0
========================================================================
Received Import Request.
  Time of request: 2026-06-22T05:06:17.2804483Z
  Time since last request: 0.0006173 seconds.
  importAddress: GUID: 9b892089634d44ff589ed38e55688715 - Path: Packages/com.unity.visualscripting/Runtime/VisualScripting.Flow/Framework/Control/SelectOnInteger.cs - Importer: ScriptedImporter/UnityEditor.QuickSearchModule:UnityEditor.Search:ASIAI0B
Importing 'GUID: 9b892089634d44ff589ed38e55688715 - Path: Packages/com.unity.visualscripting/Runtime/VisualScripting.Flow/Framework/Control/SelectOnInteger.cs - Importer: ScriptedImporter/UnityEditor.QuickSearchModule:UnityEditor.Search:ASIAI0B' with importer (ScriptedImporter : UnityEditor.QuickSearchModule:UnityEditor.Search:ASIAI0B)
Imported 'GUID: 9b892089634d44ff589ed38e55688715' -> (Import Result ID: '35fa6e4cdd7d046d1beff15aa0dfa1c0') in 0.004 seconds [static and dynamic dependencies]. Details - ImportResultOutputID=9d674b5d499180305ebef844ddf96668 DependenciesID=5b4edabcdc6306f3babf97cc2f9c1822 StaticDependenciesID=afcc3fb0f3fd37ad4e9aad99131b816d 
Number of updated asset objects reloaded before import = 0
Number of asset objects unloaded after import = 0
========================================================================
Received Import Request.
  Time of request: 2026-06-22T05:06:17.2851341Z
  Time since last request: 0.0006115 seconds.
  importAddress: GUID: faf9b20d93da1412c8a40afd3632646a - Path: Packages/com.unity.visualscripting/Runtime/VisualScripting.Flow/Framework/Control/SelectOnEnum.cs - Importer: ScriptedImporter/UnityEditor.QuickSearchModule:UnityEditor.Search:ASIAI0B
Importing 'GUID: faf9b20d93da1412c8a40afd3632646a - Path: Packages/com.unity.visualscripting/Runtime/VisualScripting.Flow/Framework/Control/SelectOnEnum.cs - Importer: ScriptedImporter/UnityEditor.QuickSearchModule:UnityEditor.Search:ASIAI0B' with importer (ScriptedImporter : UnityEditor.QuickSearchModule:UnityEditor.Search:ASIAI0B)
Imported 'GUID: faf9b20d93da1412c8a40afd3632646a' -> (Import Result ID: '57a119393db4a9c2b721644329a177af') in 0.003 seconds [static and dynamic dependencies]. Details - ImportResultOutputID=56675bdbf631040b0820b6d38b24f553 DependenciesID=ca0eccda04bf35a553de6288824baaa1 StaticDependenciesID=070bfa51ca4023cdd0db13b011b08e55 
Number of updated asset objects reloaded before import = 0
Number of asset objects unloaded after import = 0
========================================================================
Received Import Request.
  Time of request: 2026-06-22T05:06:17.2891092Z
  Time since last request: 0.0003168 seconds.
  importAddress: GUID: 1e339c45a25164bda8fb4ef97ff8d67e - Path: Packages/com.unity.visualscripting/Runtime/VisualScripting.Flow/Dependencies/NCalc/TernaryExpression.cs - Importer: ScriptedImporter/UnityEditor.QuickSearchModule:UnityEditor.Search:ASIAI0B
Importing 'GUID: 1e339c45a25164bda8fb4ef97ff8d67e - Path: Packages/com.unity.visualscripting/Runtime/VisualScripting.Flow/Dependencies/NCalc/TernaryExpression.cs - Importer: ScriptedImporter/UnityEditor.QuickSearchModule:UnityEditor.Search:ASIAI0B' with importer (ScriptedImporter : UnityEditor.QuickSearchModule:UnityEditor.Search:ASIAI0B)
Imported 'GUID: 1e339c45a25164bda8fb4ef97ff8d67e' -> (Import Result ID: '1244e984459d96871267f2c61e8ec31d') in 0.004 seconds [static and dynamic dependencies]. Details - ImportResultOutputID=9577b8531c8b3984df22098e9b1115a7 DependenciesID=6249ee8214d52dcc84e586a1a7793a1e StaticDependenciesID=3adb1a73ecf322d0ded570fe1386208e 
Number of updated asset objects reloaded before import = 0
Number of asset objects unloaded after import = 0
========================================================================
Received Import Request.
  Time of request: 2026-06-22T05:06:17.2937147Z
  Time since last request: 0.0004175 seconds.
  importAddress: GUID: 9fa98e01b870f4a3e9ee4ae8ee30b97b - Path: Packages/com.unity.visualscripting/Runtime/VisualScripting.Flow/Framework/Control/If.cs - Importer: ScriptedImporter/UnityEditor.QuickSearchModule:UnityEditor.Search:ASIAI0B
Importing 'GUID: 9fa98e01b870f4a3e9ee4ae8ee30b97b - Path: Packages/com.unity.visualscripting/Runtime/VisualScripting.Flow/Framework/Control/If.cs - Importer: ScriptedImporter/UnityEditor.QuickSearchModule:UnityEditor.Search:ASIAI0B' with importer (ScriptedImporter : UnityEditor.QuickSearchModule:UnityEditor.Search:ASIAI0B)
Imported 'GUID: 9fa98e01b870f4a3e9ee4ae8ee30b97b' -> (Import Result ID: '8573ff658f6fe5396bb0d50bb92f8337') in 0.004 seconds [static and dynamic dependencies]. Details - ImportResultOutputID=7c3d4eaaef02ce6e8542a4e97fb5acf0 DependenciesID=bc4ea98e713c8dcbd84ab2c75467605b StaticDependenciesID=56a06aa0ab68a4c09ddc0dc9993ed536 
Number of updated asset objects reloaded before import = 0
Number of asset objects unloaded after import = 0
========================================================================
Received Import Request.
  Time of request: 2026-06-22T05:06:17.2984178Z
  Time since last request: 0.0003706 seconds.
  importAddress: GUID: 55514a8464191433785154307e445337 - Path: Packages/com.unity.visualscripting/Runtime/VisualScripting.Flow/Dependencies/NCalc/FunctionArgs.cs - Importer: ScriptedImporter/UnityEditor.QuickSearchModule:UnityEditor.Search:ASIAI0B
Importing 'GUID: 55514a8464191433785154307e445337 - Path: Packages/com.unity.visualscripting/Runtime/VisualScripting.Flow/Dependencies/NCalc/FunctionArgs.cs - Importer: ScriptedImporter/UnityEditor.QuickSearchModule:UnityEditor.Search:ASIAI0B' with importer (ScriptedImporter : UnityEditor.QuickSearchModule:UnityEditor.Search:ASIAI0B)
Imported 'GUID: 55514a8464191433785154307e445337' -> (Import Result ID: '4c47a9220ca68671f08688c402281785') in 0.004 seconds [static and dynamic dependencies]. Details - ImportResultOutputID=dced1e9baa3305ccee345d78ad56cb59 DependenciesID=aa92825a30c399fafad7507d4197ead1 StaticDependenciesID=9e67057ad86863ce998aaa85ed00ada8 
Number of updated asset objects reloaded before import = 0
Number of asset objects unloaded after import = 0
========================================================================
Received Import Request.
  Time of request: 2026-06-22T05:06:17.3032156Z
  Time since last request: 0.0003422 seconds.
  importAddress: GUID: f68c152dd3e314e29908c4b2981fd3e1 - Path: Packages/com.unity.visualscripting/Runtime/VisualScripting.Flow/Framework/Control/SwitchOnEnum.cs - Importer: ScriptedImporter/UnityEditor.QuickSearchModule:UnityEditor.Search:ASIAI0B
Importing 'GUID: f68c152dd3e314e29908c4b2981fd3e1 - Path: Packages/com.unity.visualscripting/Runtime/VisualScripting.Flow/Framework/Control/SwitchOnEnum.cs - Importer: ScriptedImporter/UnityEditor.QuickSearchModule:UnityEditor.Search:ASIAI0B' with importer (ScriptedImporter : UnityEditor.QuickSearchModule:UnityEditor.Search:ASIAI0B)
Imported 'GUID: f68c152dd3e314e29908c4b2981fd3e1' -> (Import Result ID: '8c3feb1a7157416a6d0c890ec3beb190') in 0.004 seconds [static and dynamic dependencies]. Details - ImportResultOutputID=845c3550b6e5876d8ab1fc698ec88389 DependenciesID=e460d21faf21dfc4e28507f30fae2c26 StaticDependenciesID=3a25aa31acfce2c16139fe30357429b2 
Number of updated asset objects reloaded before import = 0
Number of asset objects unloaded after import = 0
========================================================================
Received Import Request.
  Time of request: 2026-06-22T05:06:17.3080341Z
  Time since last request: 0.0003294 seconds.
  importAddress: GUID: d81700b95c8e3471584ffa94fd06b03f - Path: Packages/com.unity.visualscripting/Runtime/VisualScripting.Flow/Dependencies/NCalc/NCalcLexer.cs - Importer: ScriptedImporter/UnityEditor.QuickSearchModule:UnityEditor.Search:ASIAI0B
Importing 'GUID: d81700b95c8e3471584ffa94fd06b03f - Path: Packages/com.unity.visualscripting/Runtime/VisualScripting.Flow/Dependencies/NCalc/NCalcLexer.cs - Importer: ScriptedImporter/UnityEditor.QuickSearchModule:UnityEditor.Search:ASIAI0B' with importer (ScriptedImporter : UnityEditor.QuickSearchModule:UnityEditor.Search:ASIAI0B)
Imported 'GUID: d81700b95c8e3471584ffa94fd06b03f' -> (Import Result ID: '6a4cec85d7a5d8d0184799bf3e018cfb') in 0.004 seconds [static and dynamic dependencies]. Details - ImportResultOutputID=2d7bcf44a96d1c20a572731973ae9b16 DependenciesID=3ff91d9e8c4e29ea0a8eb38f0ec7fb71 StaticDependenciesID=6d1e6ff4511210b36d8d5327dd1fe4f2 
Number of updated asset objects reloaded before import = 0
Number of asset objects unloaded after import = 0
========================================================================
Received Import Request.
  Time of request: 2026-06-22T05:06:17.3147185Z
  Time since last request: 0.002206 seconds.
  importAddress: GUID: f8e5de80638a4adfa1d2630c14b86f4b - Path: Packages/com.unity.visualscripting/Runtime/VisualScripting.Flow/Framework/Graph/SetGraph.cs - Importer: ScriptedImporter/UnityEditor.QuickSearchModule:UnityEditor.Search:ASIAI0B
Importing 'GUID: f8e5de80638a4adfa1d2630c14b86f4b - Path: Packages/com.unity.visualscripting/Runtime/VisualScripting.Flow/Framework/Graph/SetGraph.cs - Importer: ScriptedImporter/UnityEditor.QuickSearchModule:UnityEditor.Search:ASIAI0B' with importer (ScriptedImporter : UnityEditor.QuickSearchModule:UnityEditor.Search:ASIAI0B)
Imported 'GUID: f8e5de80638a4adfa1d2630c14b86f4b' -> (Import Result ID: '94fc2c1641c1d7738a292f1ad808825d') in 0.005 seconds [static and dynamic dependencies]. Details - ImportResultOutputID=b908836e0e2ac276e5fb7cca58211853 DependenciesID=6e0141cde6c044d0fd0c6ed7c2dc29ac StaticDependenciesID=ebb216aabf9f4ce13526153ab5c4b483 
Number of updated asset objects reloaded before import = 0
Number of asset objects unloaded after import = 0
========================================================================
Received Import Request.
  Time of request: 2026-06-22T05:06:17.32045Z
  Time since last request: 0.0006618 seconds.
  importAddress: GUID: 380330ce527bc45faaec6132f11b2fe6 - Path: Packages/com.unity.visualscripting/Runtime/VisualScripting.Flow/Framework/Math/PerSecond.cs - Importer: ScriptedImporter/UnityEditor.QuickSearchModule:UnityEditor.Search:ASIAI0B
Importing 'GUID: 380330ce527bc45faaec6132f11b2fe6 - Path: Packages/com.unity.visualscripting/Runtime/VisualScripting.Flow/Framework/Math/PerSecond.cs - Importer: ScriptedImporter/UnityEditor.QuickSearchModule:UnityEditor.Search:ASIAI0B' with importer (ScriptedImporter : UnityEditor.QuickSearchModule:UnityEditor.Search:ASIAI0B)
Imported 'GUID: 380330ce527bc45faaec6132f11b2fe6' -> (Import Result ID: 'a15881db91da2892757986cfa739af0f') in 0.005 seconds [static and dynamic dependencies]. Details - ImportResultOutputID=633ac1bcd4c1bc49619f64a1f1dc3dbe DependenciesID=845a509fdab42c05c437598730840e71 StaticDependenciesID=81a6938c7e8f3fe2296bfa4d333e3737 
Number of updated asset objects reloaded before import = 0
Number of asset objects unloaded after import = 0
========================================================================
Received Import Request.
  Time of request: 2026-06-22T05:06:17.3260402Z
  Time since last request: 0.0005649 seconds.
  importAddress: GUID: 3a9d9573a891442d2bdd357c42147851 - Path: Packages/com.unity.visualscripting/Runtime/VisualScripting.Flow/Framework/Logic/Negate.cs - Importer: ScriptedImporter/UnityEditor.QuickSearchModule:UnityEditor.Search:ASIAI0B
Importing 'GUID: 3a9d9573a891442d2bdd357c42147851 - Path: Packages/com.unity.visualscripting/Runtime/VisualScripting.Flow/Framework/Logic/Negate.cs - Importer: ScriptedImporter/UnityEditor.QuickSearchModule:UnityEditor.Search:ASIAI0B' with importer (ScriptedImporter : UnityEditor.QuickSearchModule:UnityEditor.Search:ASIAI0B)
Imported 'GUID: 3a9d9573a891442d2bdd357c42147851' -> (Import Result ID: '0473eca12811b10dcc87e9774b7f0e4d') in 0.004 seconds [static and dynamic dependencies]. Details - ImportResultOutputID=fd15cbe9a86298f0fb64090f417909f6 DependenciesID=e4a45e3c95b2b83f845fef5d68646ee1 StaticDependenciesID=223f11b75b67defc5e0e67db0dc9fa34 
Number of updated asset objects reloaded before import = 0
Number of asset objects unloaded after import = 0
========================================================================
Received Import Request.
  Time of request: 2026-06-22T05:06:17.3311496Z
  Time since last request: 0.0009614 seconds.
  importAddress: GUID: b821313717eb047e5a54728b020594af - Path: Packages/com.unity.visualscripting/Runtime/VisualScripting.Flow/Framework/Math/MoveTowards.cs - Importer: ScriptedImporter/UnityEditor.QuickSearchModule:UnityEditor.Search:ASIAI0B
Importing 'GUID: b821313717eb047e5a54728b020594af - Path: Packages/com.unity.visualscripting/Runtime/VisualScripting.Flow/Framework/Math/MoveTowards.cs - Importer: ScriptedImporter/UnityEditor.QuickSearchModule:UnityEditor.Search:ASIAI0B' with importer (ScriptedImporter : UnityEditor.QuickSearchModule:UnityEditor.Search:ASIAI0B)
Imported 'GUID: b821313717eb047e5a54728b020594af' -> (Import Result ID: 'b155ef15cdb2af98ebac15b2a982d73c') in 0.004 seconds [static and dynamic dependencies]. Details - ImportResultOutputID=0a1373ccfe0526143958e505e0556941 DependenciesID=f2b7463d53d2cdcbdc32de329ebf48ac StaticDependenciesID=61a62bdf2824fcd68e135803c3709680 
Number of updated asset objects reloaded before import = 0
Number of asset objects unloaded after import = 0
========================================================================
Received Import Request.
  Time of request: 2026-06-22T05:06:17.3358687Z
  Time since last request: 0.0003336 seconds.
  importAddress: GUID: 715413cdba8ac4cec8843061e37e032f - Path: Packages/com.unity.visualscripting/Runtime/VisualScripting.Flow/Framework/Math/Distance.cs - Importer: ScriptedImporter/UnityEditor.QuickSearchModule:UnityEditor.Search:ASIAI0B
Importing 'GUID: 715413cdba8ac4cec8843061e37e032f - Path: Packages/com.unity.visualscripting/Runtime/VisualScripting.Flow/Framework/Math/Distance.cs - Importer: ScriptedImporter/UnityEditor.QuickSearchModule:UnityEditor.Search:ASIAI0B' with importer (ScriptedImporter : UnityEditor.QuickSearchModule:UnityEditor.Search:ASIAI0B)
Imported 'GUID: 715413cdba8ac4cec8843061e37e032f' -> (Import Result ID: '66ee0d7f1322c91931623bd359c2af0f') in 0.005 seconds [static and dynamic dependencies]. Details - ImportResultOutputID=bc22c1ef10c28e41ab074585b021f524 DependenciesID=a37a7c06e7c012e20b5d9a1a938e0185 StaticDependenciesID=6a8163c7ff09549fe3242a61bf2f2425 
Number of updated asset objects reloaded before import = 0
Number of asset objects unloaded after import = 0
========================================================================
Received Import Request.
  Time of request: 2026-06-22T05:06:17.3413072Z
  Time since last request: 0.0005524 seconds.
  importAddress: GUID: 1dae8c3432bf04c91bc877618e08117e - Path: Packages/com.unity.visualscripting/Runtime/VisualScripting.Flow/Framework/Nesting/GraphInput.cs - Importer: ScriptedImporter/UnityEditor.QuickSearchModule:UnityEditor.Search:ASIAI0B
Importing 'GUID: 1dae8c3432bf04c91bc877618e08117e - Path: Packages/com.unity.visualscripting/Runtime/VisualScripting.Flow/Framework/Nesting/GraphInput.cs - Importer: ScriptedImporter/UnityEditor.QuickSearchModule:UnityEditor.Search:ASIAI0B' with importer (ScriptedImporter : UnityEditor.QuickSearchModule:UnityEditor.Search:ASIAI0B)
Imported 'GUID: 1dae8c3432bf04c91bc877618e08117e' -> (Import Result ID: 'b8644ce713341f6f8b2251c09cc987ec') in 0.004 seconds [static and dynamic dependencies]. Details - ImportResultOutputID=f568e2033d7af72f12f73235d5690100 DependenciesID=00fb298832437dc0cd7c771f43998ab2 StaticDependenciesID=deb8d345f954423f9f0d759a18c6c2ba 
Number of updated asset objects reloaded before import = 0
Number of asset objects unloaded after import = 0
========================================================================
Received Import Request.
  Time of request: 2026-06-22T05:06:17.3459331Z
  Time since last request: 0.0003558 seconds.
  importAddress: GUID: b0df414b887c340aba028b9858a02b8c - Path: Packages/com.unity.visualscripting/Runtime/VisualScripting.Flow/Framework/Events/ManualEventUnit.cs - Importer: ScriptedImporter/UnityEditor.QuickSearchModule:UnityEditor.Search:ASIAI0B
Importing 'GUID: b0df414b887c340aba028b9858a02b8c - Path: Packages/com.unity.visualscripting/Runtime/VisualScripting.Flow/Framework/Events/ManualEventUnit.cs - Importer: ScriptedImporter/UnityEditor.QuickSearchModule:UnityEditor.Search:ASIAI0B' with importer (ScriptedImporter : UnityEditor.QuickSearchModule:UnityEditor.Search:ASIAI0B)
Imported 'GUID: b0df414b887c340aba028b9858a02b8c' -> (Import Result ID: '6cb6a38d7a3a239e9bd829cdfa411e53') in 0.004 seconds [static and dynamic dependencies]. Details - ImportResultOutputID=8b6f6c783fbe05a68c933053da5db9a8 DependenciesID=65bb6826fe6c13fc006c0db51ef5b226 StaticDependenciesID=4c32fdaf67980d0cdc188f21e5921b7a 
Number of updated asset objects reloaded before import = 0
Number of asset objects unloaded after import = 0
========================================================================
Received Import Request.
  Time of request: 2026-06-22T05:06:17.3510934Z
  Time since last request: 0.0005499 seconds.
  importAddress: GUID: fbd0f6265057340c79ba4709013bc343 - Path: Packages/com.unity.visualscripting/Runtime/VisualScripting.Flow/Framework/Logic/Comparison.cs - Importer: ScriptedImporter/UnityEditor.QuickSearchModule:UnityEditor.Search:ASIAI0B
Importing 'GUID: fbd0f6265057340c79ba4709013bc343 - Path: Packages/com.unity.visualscripting/Runtime/VisualScripting.Flow/Framework/Logic/Comparison.cs - Importer: ScriptedImporter/UnityEditor.QuickSearchModule:UnityEditor.Search:ASIAI0B' with importer (ScriptedImporter : UnityEditor.QuickSearchModule:UnityEditor.Search:ASIAI0B)
Imported 'GUID: fbd0f6265057340c79ba4709013bc343' -> (Import Result ID: 'd5a8fc5838b97ab07f680e49e438335a') in 0.005 seconds [static and dynamic dependencies]. Details - ImportResultOutputID=0df4c0dea0b54ccb73456f0c7917f0b0 DependenciesID=2cfbfb37477be5db3e26edf51448b360 StaticDependenciesID=6a7fe50f1803977eb6bf153cb7643f84 
Number of updated asset objects reloaded before import = 0
Number of asset objects unloaded after import = 0
========================================================================
Received Import Request.
  Time of request: 2026-06-22T05:06:17.3563469Z
  Time since last request: 0.0004817 seconds.
  importAddress: GUID: 10429c7f27ad94c7cb1499b5a5163207 - Path: Packages/com.unity.visualscripting/Runtime/VisualScripting.Flow/Framework/Math/Normalize.cs - Importer: ScriptedImporter/UnityEditor.QuickSearchModule:UnityEditor.Search:ASIAI0B
Importing 'GUID: 10429c7f27ad94c7cb1499b5a5163207 - Path: Packages/com.unity.visualscripting/Runtime/VisualScripting.Flow/Framework/Math/Normalize.cs - Importer: ScriptedImporter/UnityEditor.QuickSearchModule:UnityEditor.Search:ASIAI0B' with importer (ScriptedImporter : UnityEditor.QuickSearchModule:UnityEditor.Search:ASIAI0B)
Imported 'GUID: 10429c7f27ad94c7cb1499b5a5163207' -> (Import Result ID: '2222f335a16b2576fce7a5d93b229d71') in 0.004 seconds [static and dynamic dependencies]. Details - ImportResultOutputID=1ca0cc553b076d81807f08a80b86fa32 DependenciesID=c533c52c3ed3284225b54caf33d0ecca StaticDependenciesID=ff662050d58a0ab06264d1fa38815e85 
Number of updated asset objects reloaded before import = 0
Number of asset objects unloaded after import = 0
========================================================================
Received Import Request.
  Time of request: 2026-06-22T05:06:17.361386Z
  Time since last request: 0.0004308 seconds.
  importAddress: GUID: c2f0650f5067e4d28b03e37eee8066b6 - Path: Packages/com.unity.visualscripting/Runtime/VisualScripting.Flow/Framework/Events/MachineEventUnit.cs - Importer: ScriptedImporter/UnityEditor.QuickSearchModule:UnityEditor.Search:ASIAI0B
Importing 'GUID: c2f0650f5067e4d28b03e37eee8066b6 - Path: Packages/com.unity.visualscripting/Runtime/VisualScripting.Flow/Framework/Events/MachineEventUnit.cs - Importer: ScriptedImporter/UnityEditor.QuickSearchModule:UnityEditor.Search:ASIAI0B' with importer (ScriptedImporter : UnityEditor.QuickSearchModule:UnityEditor.Search:ASIAI0B)
Imported 'GUID: c2f0650f5067e4d28b03e37eee8066b6' -> (Import Result ID: '08940bb607c1d86b1feb30d5fadb88b1') in 0.004 seconds [static and dynamic dependencies]. Details - ImportResultOutputID=df80a5c5ea7ea249eefb03bd76a26de6 DependenciesID=b7cfc5ead39c9e6249105396af42d010 StaticDependenciesID=5cb8b3c2e824a9b519fb067a2c05be03 
Number of updated asset objects reloaded before import = 0
Number of asset objects unloaded after import = 0
========================================================================
Received Import Request.
  Time of request: 2026-06-22T05:06:17.3665635Z
  Time since last request: 0.0003768 seconds.
  importAddress: GUID: 38e5d402f42bb4c47ab7cca54454af7d - Path: Packages/com.unity.visualscripting/Runtime/VisualScripting.Flow/Framework/Math/Minimum.cs - Importer: ScriptedImporter/UnityEditor.QuickSearchModule:UnityEditor.Search:ASIAI0B
Importing 'GUID: 38e5d402f42bb4c47ab7cca54454af7d - Path: Packages/com.unity.visualscripting/Runtime/VisualScripting.Flow/Framework/Math/Minimum.cs - Importer: ScriptedImporter/UnityEditor.QuickSearchModule:UnityEditor.Search:ASIAI0B' with importer (ScriptedImporter : UnityEditor.QuickSearchModule:UnityEditor.Search:ASIAI0B)
Imported 'GUID: 38e5d402f42bb4c47ab7cca54454af7d' -> (Import Result ID: 'bc0525b38907b36d2d2ecd883c8f39b9') in 0.004 seconds [static and dynamic dependencies]. Details - ImportResultOutputID=00c2701a6d7c7e2864090b8839120bc6 DependenciesID=10621b1ba147d8164d2a63aa598f30e9 StaticDependenciesID=aae1a09685325057cd10d3732f258c84 
Number of updated asset objects reloaded before import = 0
Number of asset objects unloaded after import = 0
========================================================================
Received Import Request.
  Time of request: 2026-06-22T05:06:17.3714461Z
  Time since last request: 0.0004378 seconds.
  importAddress: GUID: ba4bd843a07c44397b363f4ea37a5328 - Path: Packages/com.unity.visualscripting/Runtime/VisualScripting.Flow/Framework/Logic/Less.cs - Importer: ScriptedImporter/UnityEditor.QuickSearchModule:UnityEditor.Search:ASIAI0B
Importing 'GUID: ba4bd843a07c44397b363f4ea37a5328 - Path: Packages/com.unity.visualscripting/Runtime/VisualScripting.Flow/Framework/Logic/Less.cs - Importer: ScriptedImporter/UnityEditor.QuickSearchModule:UnityEditor.Search:ASIAI0B' with importer (ScriptedImporter : UnityEditor.QuickSearchModule:UnityEditor.Search:ASIAI0B)
Imported 'GUID: ba4bd843a07c44397b363f4ea37a5328' -> (Import Result ID: 'e08f77052ad441b375636e07802b20f6') in 0.004 seconds [static and dynamic dependencies]. Details - ImportResultOutputID=299319cac1ae8070c9a68897b0cae02d DependenciesID=afe41fdff2f74609a2ef2b92e923b372 StaticDependenciesID=b054d7a60a2debc8c2306bed0d3122a2 
Number of updated asset objects reloaded before import = 0
Number of asset objects unloaded after import = 0
========================================================================
Received Import Request.
  Time of request: 2026-06-22T05:06:17.3766017Z
  Time since last request: 0.0006832 seconds.
  importAddress: GUID: 77c25c2bc8cf0466b9bc9b3abff5d11b - Path: Packages/com.unity.visualscripting/Runtime/VisualScripting.Flow/Framework/Math/Absolute.cs - Importer: ScriptedImporter/UnityEditor.QuickSearchModule:UnityEditor.Search:ASIAI0B
Importing 'GUID: 77c25c2bc8cf0466b9bc9b3abff5d11b - Path: Packages/com.unity.visualscripting/Runtime/VisualScripting.Flow/Framework/Math/Absolute.cs - Importer: ScriptedImporter/UnityEditor.QuickSearchModule:UnityEditor.Search:ASIAI0B' with importer (ScriptedImporter : UnityEditor.QuickSearchModule:UnityEditor.Search:ASIAI0B)
Imported 'GUID: 77c25c2bc8cf0466b9bc9b3abff5d11b' -> (Import Result ID: '804d717126b88d6546a5a36d47a4e74f') in 0.004 seconds [static and dynamic dependencies]. Details - ImportResultOutputID=f0726e2d22ad584c94db813136c415cf DependenciesID=38c56ab6f4f3a0aafc1e0913a3675ef9 StaticDependenciesID=d16799e73cd958b4fb3e1ef3a9b0960d 
Number of updated asset objects reloaded before import = 0
Number of asset objects unloaded after import = 0
========================================================================
Received Import Request.
  Time of request: 2026-06-22T05:06:17.3987977Z
  Time since last request: 0.0179467 seconds.
  importAddress: GUID: f21f00f209cdd41b7a2b2f6c805ef05e - Path: Packages/com.unity.visualscripting/Editor/VisualScripting.Core/Plugin/Changelogs/LegacyLudiqGraphs/Changelog_1_2_3.cs - Importer: ScriptedImporter/UnityEditor.QuickSearchModule:UnityEditor.Search:ASIAI0B
Importing 'GUID: f21f00f209cdd41b7a2b2f6c805ef05e - Path: Packages/com.unity.visualscripting/Editor/VisualScripting.Core/Plugin/Changelogs/LegacyLudiqGraphs/Changelog_1_2_3.cs - Importer: ScriptedImporter/UnityEditor.QuickSearchModule:UnityEditor.Search:ASIAI0B' with importer (ScriptedImporter : UnityEditor.QuickSearchModule:UnityEditor.Search:ASIAI0B)
Imported 'GUID: f21f00f209cdd41b7a2b2f6c805ef05e' -> (Import Result ID: 'c218c67051f8f949e731136a8995ff7e') in 0.005 seconds [static and dynamic dependencies]. Details - ImportResultOutputID=327cd75b5fb7c2777bbf98796513a456 DependenciesID=6a8534ae1360e4fad0dce1e7070f0a48 StaticDependenciesID=2c389499324d8976d1323ff71a11d95d 
Number of updated asset objects reloaded before import = 0
Number of asset objects unloaded after import = 0
========================================================================
Received Import Request.
  Time of request: 2026-06-22T05:06:17.4047948Z
  Time since last request: 0.0007798 seconds.
  importAddress: GUID: d8ddc46856b3146d693158e7ca0b7f89 - Path: Packages/com.unity.visualscripting/Editor/VisualScripting.Core/Plugin/Changelogs/LegacyLudiqCore/Changelog_1_2_0.cs - Importer: ScriptedImporter/UnityEditor.QuickSearchModule:UnityEditor.Search:ASIAI0B
Importing 'GUID: d8ddc46856b3146d693158e7ca0b7f89 - Path: Packages/com.unity.visualscripting/Editor/VisualScripting.Core/Plugin/Changelogs/LegacyLudiqCore/Changelog_1_2_0.cs - Importer: ScriptedImporter/UnityEditor.QuickSearchModule:UnityEditor.Search:ASIAI0B' with importer (ScriptedImporter : UnityEditor.QuickSearchModule:UnityEditor.Search:ASIAI0B)
Imported 'GUID: d8ddc46856b3146d693158e7ca0b7f89' -> (Import Result ID: 'c9111bf9261db2b0f24c63aa53b93b2e') in 0.004 seconds [static and dynamic dependencies]. Details - ImportResultOutputID=8db9f98df278164f9891e3a6a5854954 DependenciesID=30662c895509a5e39a7c288e1edba1df StaticDependenciesID=fa801d3c67ad4e45eee30871f44f2552 
Number of updated asset objects reloaded before import = 0
Number of asset objects unloaded after import = 0
========================================================================
Received Import Request.
  Time of request: 2026-06-22T05:06:17.4092151Z
  Time since last request: 0.000376 seconds.
  importAddress: GUID: b142f439114984af3a532b57fda2c820 - Path: Packages/com.unity.visualscripting/Editor/VisualScripting.Core/Plugin/Changelogs/LegacyLudiqCore/Changelog_1_0_3.cs - Importer: ScriptedImporter/UnityEditor.QuickSearchModule:UnityEditor.Search:ASIAI0B
Importing 'GUID: b142f439114984af3a532b57fda2c820 - Path: Packages/com.unity.visualscripting/Editor/VisualScripting.Core/Plugin/Changelogs/LegacyLudiqCore/Changelog_1_0_3.cs - Importer: ScriptedImporter/UnityEditor.QuickSearchModule:UnityEditor.Search:ASIAI0B' with importer (ScriptedImporter : UnityEditor.QuickSearchModule:UnityEditor.Search:ASIAI0B)
Imported 'GUID: b142f439114984af3a532b57fda2c820' -> (Import Result ID: '10a7721b1056c3d889811af3cac2a656') in 0.004 seconds [static and dynamic dependencies]. Details - ImportResultOutputID=bd674bee4b093a404a50e5eaefd7d4c0 DependenciesID=cadb63a4d4ef4ccc453403580492c207 StaticDependenciesID=b3a7df083d865958b384452b344d84ed 
Number of updated asset objects reloaded before import = 0
Number of asset objects unloaded after import = 0
========================================================================
Received Import Request.
  Time of request: 2026-06-22T05:06:17.4139348Z
  Time since last request: 0.0004585 seconds.
  importAddress: GUID: ebf94db2ab88f4dc5be73c36ee27b1b0 - Path: Packages/com.unity.visualscripting/Runtime/VisualScripting.Flow/Framework/Variables/SaveVariables.cs - Importer: ScriptedImporter/UnityEditor.QuickSearchModule:UnityEditor.Search:ASIAI0B
Importing 'GUID: ebf94db2ab88f4dc5be73c36ee27b1b0 - Path: Packages/com.unity.visualscripting/Runtime/VisualScripting.Flow/Framework/Variables/SaveVariables.cs - Importer: ScriptedImporter/UnityEditor.QuickSearchModule:UnityEditor.Search:ASIAI0B' with importer (ScriptedImporter : UnityEditor.QuickSearchModule:UnityEditor.Search:ASIAI0B)
Imported 'GUID: ebf94db2ab88f4dc5be73c36ee27b1b0' -> (Import Result ID: '7f709ed23dba5804a5090ce679c2eb68') in 0.004 seconds [static and dynamic dependencies]. Details - ImportResultOutputID=8cc2de148968daa01b232a3072bb2621 DependenciesID=27cd022c34014abbfe394acd1dc27de6 StaticDependenciesID=a0fdf899e0d6e3e41a07f31587f9f69f 
Number of updated asset objects reloaded before import = 0
Number of asset objects unloaded after import = 0
========================================================================
Received Import Request.
  Time of request: 2026-06-22T05:06:17.4191259Z
  Time since last request: 0.0007018 seconds.
  importAddress: GUID: e96dbef876a1548f2ae93f42a8ccded2 - Path: Packages/com.unity.visualscripting/Editor/VisualScripting.Core/Plugin/Changelogs/LegacyLudiqGraphs/Changelog_1_0_1.cs - Importer: ScriptedImporter/UnityEditor.QuickSearchModule:UnityEditor.Search:ASIAI0B
Importing 'GUID: e96dbef876a1548f2ae93f42a8ccded2 - Path: Packages/com.unity.visualscripting/Editor/VisualScripting.Core/Plugin/Changelogs/LegacyLudiqGraphs/Changelog_1_0_1.cs - Importer: ScriptedImporter/UnityEditor.QuickSearchModule:UnityEditor.Search:ASIAI0B' with importer (ScriptedImporter : UnityEditor.QuickSearchModule:UnityEditor.Search:ASIAI0B)
Imported 'GUID: e96dbef876a1548f2ae93f42a8ccded2' -> (Import Result ID: 'cfa2b00e7b9f272af5dc3347cd8dd64c') in 0.004 seconds [static and dynamic dependencies]. Details - ImportResultOutputID=e705b64e519d06ebc145a3ed01326c5e DependenciesID=12a9b94cfb381af2d212121bad3c951e StaticDependenciesID=9cb0b70aeb86c03bb339f873c2f75fda 
Number of updated asset objects reloaded before import = 0
Number of asset objects unloaded after import = 0
========================================================================
Received Import Request.
  Time of request: 2026-06-22T05:06:17.4240778Z
  Time since last request: 0.0005691 seconds.
  importAddress: GUID: 726643d71675d42deb28286f046010ef - Path: Packages/com.unity.visualscripting/Editor/VisualScripting.Core/Dependencies/ReorderableList/ElementAdderMenu/ElementAdderMenuBuilder.cs - Importer: ScriptedImporter/UnityEditor.QuickSearchModule:UnityEditor.Search:ASIAI0B
Importing 'GUID: 726643d71675d42deb28286f046010ef - Path: Packages/com.unity.visualscripting/Editor/VisualScripting.Core/Dependencies/ReorderableList/ElementAdderMenu/ElementAdderMenuBuilder.cs - Importer: ScriptedImporter/UnityEditor.QuickSearchModule:UnityEditor.Search:ASIAI0B' with importer (ScriptedImporter : UnityEditor.QuickSearchModule:UnityEditor.Search:ASIAI0B)
Imported 'GUID: 726643d71675d42deb28286f046010ef' -> (Import Result ID: 'ccec6829214ff7f2473ecd13cea0a84e') in 0.005 seconds [static and dynamic dependencies]. Details - ImportResultOutputID=3d64bc2f433fbba8770ec8ec610193fb DependenciesID=6273a5726a96600f4834565e055446ff StaticDependenciesID=75bbe8a29eab66cdfcbe9346d922eeb1 
Number of updated asset objects reloaded before import = 0
Number of asset objects unloaded after import = 0
========================================================================
Received Import Request.
  Time of request: 2026-06-22T05:06:17.4299401Z
  Time since last request: 0.0004877 seconds.
  importAddress: GUID: 67249547638114e638421d79bea7d86a - Path: Packages/com.unity.visualscripting/Editor/VisualScripting.Core/Plugin/Changelogs/LegacyLudiqCore/Changelog_1_4_7.cs - Importer: ScriptedImporter/UnityEditor.QuickSearchModule:UnityEditor.Search:ASIAI0B
Importing 'GUID: 67249547638114e638421d79bea7d86a - Path: Packages/com.unity.visualscripting/Editor/VisualScripting.Core/Plugin/Changelogs/LegacyLudiqCore/Changelog_1_4_7.cs - Importer: ScriptedImporter/UnityEditor.QuickSearchModule:UnityEditor.Search:ASIAI0B' with importer (ScriptedImporter : UnityEditor.QuickSearchModule:UnityEditor.Search:ASIAI0B)
Imported 'GUID: 67249547638114e638421d79bea7d86a' -> (Import Result ID: '999f323ec900f7a3364841dee39880f0') in 0.005 seconds [static and dynamic dependencies]. Details - ImportResultOutputID=23f7f27d10b807f5678d47cf1256a14f DependenciesID=fe3b93732f82a7c7c09ebb371cb8b488 StaticDependenciesID=8f6c218dee58ac331033a578e929a643 
Number of updated asset objects reloaded before import = 0
Number of asset objects unloaded after import = 0
========================================================================
Received Import Request.
  Time of request: 2026-06-22T05:06:17.4351219Z
  Time since last request: 0.0004059 seconds.
  importAddress: GUID: 97f6ae860506d4fdab45c5f475c6389c - Path: Packages/com.unity.visualscripting/Editor/VisualScripting.Core/Dependencies/ReorderableList/Internal/GUIHelper.cs - Importer: ScriptedImporter/UnityEditor.QuickSearchModule:UnityEditor.Search:ASIAI0B
Importing 'GUID: 97f6ae860506d4fdab45c5f475c6389c - Path: Packages/com.unity.visualscripting/Editor/VisualScripting.Core/Dependencies/ReorderableList/Internal/GUIHelper.cs - Importer: ScriptedImporter/UnityEditor.QuickSearchModule:UnityEditor.Search:ASIAI0B' with importer (ScriptedImporter : UnityEditor.QuickSearchModule:UnityEditor.Search:ASIAI0B)
Imported 'GUID: 97f6ae860506d4fdab45c5f475c6389c' -> (Import Result ID: '793a345449f5a6a0504f3ca51aefb673') in 0.005 seconds [static and dynamic dependencies]. Details - ImportResultOutputID=31bf0415458e4964b8bbe44932787380 DependenciesID=d2f0bf3c1793f91fc5b5d970fa16479e StaticDependenciesID=ec7bdd5b0234d26d918398304a20813b 
Number of updated asset objects reloaded before import = 0
Number of asset objects unloaded after import = 0
========================================================================
Received Import Request.
  Time of request: 2026-06-22T05:06:17.440474Z
  Time since last request: 0.0004475 seconds.
  importAddress: GUID: d723633d433c941a4a9e7a28a03b5c5d - Path: Packages/com.unity.visualscripting/Editor/VisualScripting.Core/Plugin/Changelogs/LegacyLudiqGraphs/Changelog_1_2_2.cs - Importer: ScriptedImporter/UnityEditor.QuickSearchModule:UnityEditor.Search:ASIAI0B
Importing 'GUID: d723633d433c941a4a9e7a28a03b5c5d - Path: Packages/com.unity.visualscripting/Editor/VisualScripting.Core/Plugin/Changelogs/LegacyLudiqGraphs/Changelog_1_2_2.cs - Importer: ScriptedImporter/UnityEditor.QuickSearchModule:UnityEditor.Search:ASIAI0B' with importer (ScriptedImporter : UnityEditor.QuickSearchModule:UnityEditor.Search:ASIAI0B)
Imported 'GUID: d723633d433c941a4a9e7a28a03b5c5d' -> (Import Result ID: 'b06a6d12f44e009c2b86c311f0f061ad') in 0.008 seconds [static and dynamic dependencies]. Details - ImportResultOutputID=a6322b2903ba445e73489d0d0d403924 DependenciesID=4b00ee8adc3374f19755d837e9697d35 StaticDependenciesID=195ad53dee666b4849f3a8404582301a 
Number of updated asset objects reloaded before import = 0
Number of asset objects unloaded after import = 0
========================================================================
Received Import Request.
  Time of request: 2026-06-22T05:06:17.4494374Z
  Time since last request: 0.0007314 seconds.
  importAddress: GUID: 9bc1cb867059d4d77a24dc7f4f95f30a - Path: Packages/com.unity.visualscripting/Editor/VisualScripting.Core/Plugin/Changelogs/LegacyLudiqCore/Changelog_1_2_1.cs - Importer: ScriptedImporter/UnityEditor.QuickSearchModule:UnityEditor.Search:ASIAI0B
Importing 'GUID: 9bc1cb867059d4d77a24dc7f4f95f30a - Path: Packages/com.unity.visualscripting/Editor/VisualScripting.Core/Plugin/Changelogs/LegacyLudiqCore/Changelog_1_2_1.cs - Importer: ScriptedImporter/UnityEditor.QuickSearchModule:UnityEditor.Search:ASIAI0B' with importer (ScriptedImporter : UnityEditor.QuickSearchModule:UnityEditor.Search:ASIAI0B)
Imported 'GUID: 9bc1cb867059d4d77a24dc7f4f95f30a' -> (Import Result ID: '90d4eec771b48656e54d25f87044f6f6') in 0.004 seconds [static and dynamic dependencies]. Details - ImportResultOutputID=031fee4d9f6a443f89afad683cf993f0 DependenciesID=7025199f6782cfc01f6ca062e89a0b23 StaticDependenciesID=4022d70b103843a3bb9f1b34ce6f92d3 
Number of updated asset objects reloaded before import = 0
Number of asset objects unloaded after import = 0
========================================================================
Received Import Request.
  Time of request: 2026-06-22T05:06:17.4540455Z
  Time since last request: 0.0003877 seconds.
  importAddress: GUID: 9d73619b4290942afaf5a541d4ff2d4b - Path: Packages/com.unity.visualscripting/Editor/VisualScripting.Core/Dependencies/ReorderableList/ElementAdderMenu/IElementAdderMenuCommand.cs - Importer: ScriptedImporter/UnityEditor.QuickSearchModule:UnityEditor.Search:ASIAI0B
Importing 'GUID: 9d73619b4290942afaf5a541d4ff2d4b - Path: Packages/com.unity.visualscripting/Editor/VisualScripting.Core/Dependencies/ReorderableList/ElementAdderMenu/IElementAdderMenuCommand.cs - Importer: ScriptedImporter/UnityEditor.QuickSearchModule:UnityEditor.Search:ASIAI0B' with importer (ScriptedImporter : UnityEditor.QuickSearchModule:UnityEditor.Search:ASIAI0B)
Imported 'GUID: 9d73619b4290942afaf5a541d4ff2d4b' -> (Import Result ID: '1acd379423b6c55aeca4a49b9e6506c8') in 0.004 seconds [static and dynamic dependencies]. Details - ImportResultOutputID=a5d3151f09b82bfa54eb90088ab0f282 DependenciesID=9789e7499500a24e0317376857a5740e StaticDependenciesID=c521a9a36dc4f0da38f7ce0ebab035a8 
Number of updated asset objects reloaded before import = 0
Number of asset objects unloaded after import = 0
========================================================================
Received Import Request.
  Time of request: 2026-06-22T05:06:17.4591844Z
  Time since last request: 0.0005835 seconds.
  importAddress: GUID: 3b9c283b1a72644b5a57aaca158fa256 - Path: Packages/com.unity.visualscripting/Editor/VisualScripting.Core/Plugin/Changelogs/LegacyLudiqGraphs/Changelog_1_2_0.cs - Importer: ScriptedImporter/UnityEditor.QuickSearchModule:UnityEditor.Search:ASIAI0B
Importing 'GUID: 3b9c283b1a72644b5a57aaca158fa256 - Path: Packages/com.unity.visualscripting/Editor/VisualScripting.Core/Plugin/Changelogs/LegacyLudiqGraphs/Changelog_1_2_0.cs - Importer: ScriptedImporter/UnityEditor.QuickSearchModule:UnityEditor.Search:ASIAI0B' with importer (ScriptedImporter : UnityEditor.QuickSearchModule:UnityEditor.Search:ASIAI0B)
Imported 'GUID: 3b9c283b1a72644b5a57aaca158fa256' -> (Import Result ID: '0485159120c17d963e7da4750c9de4a9') in 0.005 seconds [static and dynamic dependencies]. Details - ImportResultOutputID=909e37e125b94afdd2c82d5d35208bd9 DependenciesID=5788c3ef3a7e87e850b8b44d112ec473 StaticDependenciesID=35710534fdb6b9d1ce1d56fee6601554 
Number of updated asset objects reloaded before import = 0
Number of asset objects unloaded after import = 0
========================================================================
Received Import Request.
  Time of request: 2026-06-22T05:06:17.46519Z
  Time since last request: 0.0003881 seconds.
  importAddress: GUID: c6db431be018c40a6b21af88b6d9438f - Path: Packages/com.unity.visualscripting/Editor/VisualScripting.Core/Dependencies/ReorderableList/ElementAdderMenu/IElementAdderMenu.cs - Importer: ScriptedImporter/UnityEditor.QuickSearchModule:UnityEditor.Search:ASIAI0B
Importing 'GUID: c6db431be018c40a6b21af88b6d9438f - Path: Packages/com.unity.visualscripting/Editor/VisualScripting.Core/Dependencies/ReorderableList/ElementAdderMenu/IElementAdderMenu.cs - Importer: ScriptedImporter/UnityEditor.QuickSearchModule:UnityEditor.Search:ASIAI0B' with importer (ScriptedImporter : UnityEditor.QuickSearchModule:UnityEditor.Search:ASIAI0B)
Imported 'GUID: c6db431be018c40a6b21af88b6d9438f' -> (Import Result ID: '817bc0d8bccce1b86dc507e762d971bc') in 0.004 seconds [static and dynamic dependencies]. Details - ImportResultOutputID=5fc59a0283d8f9ee40dd227c3c10066e DependenciesID=55772a7e91b7e87f89f10afa49c1d10b StaticDependenciesID=bb50ddbcc56af05968ecacc9b431175b 
Number of updated asset objects reloaded before import = 0
Number of asset objects unloaded after import = 0
========================================================================
Received Import Request.
  Time of request: 2026-06-22T05:06:17.4770743Z
  Time since last request: 0.0074762 seconds.
  importAddress: GUID: 82c04fa1c09e14266bb9608173918eac - Path: Packages/com.unity.visualscripting/Runtime/VisualScripting.Flow/Framework/Collections/Lists/CreateList.cs - Importer: ScriptedImporter/UnityEditor.QuickSearchModule:UnityEditor.Search:ASIAI0B
Importing 'GUID: 82c04fa1c09e14266bb9608173918eac - Path: Packages/com.unity.visualscripting/Runtime/VisualScripting.Flow/Framework/Collections/Lists/CreateList.cs - Importer: ScriptedImporter/UnityEditor.QuickSearchModule:UnityEditor.Search:ASIAI0B' with importer (ScriptedImporter : UnityEditor.QuickSearchModule:UnityEditor.Search:ASIAI0B)
Imported 'GUID: 82c04fa1c09e14266bb9608173918eac' -> (Import Result ID: 'bab3c44c484a109ad242039b47dfed8c') in 0.004 seconds [static and dynamic dependencies]. Details - ImportResultOutputID=80d40982b42f811db49a75afa5a1a1f4 DependenciesID=bd08a61c96f17a6b59e6827f46c0ae44 StaticDependenciesID=b2a8f0e98e77ec62b9197618bd34258d 
Number of updated asset objects reloaded before import = 0
Number of asset objects unloaded after import = 0
========================================================================
Received Import Request.
  Time of request: 2026-06-22T05:06:17.4818281Z
  Time since last request: 0.0007226 seconds.
  importAddress: GUID: 845c21f63a3264ef1b3405aa9ab7ca34 - Path: Packages/com.unity.visualscripting/Runtime/VisualScripting.Flow/Framework/Events/Application/OnApplicationPause.cs - Importer: ScriptedImporter/UnityEditor.QuickSearchModule:UnityEditor.Search:ASIAI0B
Importing 'GUID: 845c21f63a3264ef1b3405aa9ab7ca34 - Path: Packages/com.unity.visualscripting/Runtime/VisualScripting.Flow/Framework/Events/Application/OnApplicationPause.cs - Importer: ScriptedImporter/UnityEditor.QuickSearchModule:UnityEditor.Search:ASIAI0B' with importer (ScriptedImporter : UnityEditor.QuickSearchModule:UnityEditor.Search:ASIAI0B)
Imported 'GUID: 845c21f63a3264ef1b3405aa9ab7ca34' -> (Import Result ID: '69d2a655cfd8879925220f1d25a6c73a') in 0.006 seconds [static and dynamic dependencies]. Details - ImportResultOutputID=fd124262ce1a16a4c8f87a695817e8d1 DependenciesID=6a9cf440be71d6509c96852f442da296 StaticDependenciesID=a9f0f31ac9780f92a719501e756836e5 
Number of updated asset objects reloaded before import = 0
Number of asset objects unloaded after import = 0
========================================================================
Received Import Request.
  Time of request: 2026-06-22T05:06:17.4887842Z
  Time since last request: 0.000993 seconds.
  importAddress: GUID: 6b91e5dc5313d448996aa5a5ef3879f5 - Path: Packages/com.unity.visualscripting/Runtime/VisualScripting.Flow/Framework/Collections/Lists/GetListItem.cs - Importer: ScriptedImporter/UnityEditor.QuickSearchModule:UnityEditor.Search:ASIAI0B
Importing 'GUID: 6b91e5dc5313d448996aa5a5ef3879f5 - Path: Packages/com.unity.visualscripting/Runtime/VisualScripting.Flow/Framework/Collections/Lists/GetListItem.cs - Importer: ScriptedImporter/UnityEditor.QuickSearchModule:UnityEditor.Search:ASIAI0B' with importer (ScriptedImporter : UnityEditor.QuickSearchModule:UnityEditor.Search:ASIAI0B)
Imported 'GUID: 6b91e5dc5313d448996aa5a5ef3879f5' -> (Import Result ID: 'b7cab28e03cac48d839c8fe8f71e03ce') in 0.006 seconds [static and dynamic dependencies]. Details - ImportResultOutputID=eb2d68e6c6b2c471a64b563ccb4dd8b8 DependenciesID=161fa930211eddd351b4e84ffc6032e4 StaticDependenciesID=e112358c6edec6ff1b4d6e84fc6c9795 
Number of updated asset objects reloaded before import = 0
Number of asset objects unloaded after import = 0
========================================================================
Received Import Request.
  Time of request: 2026-06-22T05:06:17.4952054Z
  Time since last request: 0.000382 seconds.
  importAddress: GUID: 0304625fd852e4c1a88e3a6367245d13 - Path: Packages/com.unity.visualscripting/Runtime/VisualScripting.Core/Dependencies/FullSerializer/Internal/fsCyclicReferenceManager.cs - Importer: ScriptedImporter/UnityEditor.QuickSearchModule:UnityEditor.Search:ASIAI0B
Importing 'GUID: 0304625fd852e4c1a88e3a6367245d13 - Path: Packages/com.unity.visualscripting/Runtime/VisualScripting.Core/Dependencies/FullSerializer/Internal/fsCyclicReferenceManager.cs - Importer: ScriptedImporter/UnityEditor.QuickSearchModule:UnityEditor.Search:ASIAI0B' with importer (ScriptedImporter : UnityEditor.QuickSearchModule:UnityEditor.Search:ASIAI0B)
Imported 'GUID: 0304625fd852e4c1a88e3a6367245d13' -> (Import Result ID: 'f9bbb8eea04eadc73dc196ea15fdfa04') in 0.004 seconds [static and dynamic dependencies]. Details - ImportResultOutputID=3723aa88c861b64bc4b439ee991f5648 DependenciesID=04adac178bf57466282817fd2c2e6a75 StaticDependenciesID=05b67c7394bc3da9c5e5348896469da3 
Number of updated asset objects reloaded before import = 0
Number of asset objects unloaded after import = 0
========================================================================
Received Import Request.
  Time of request: 2026-06-22T05:06:17.5002816Z
  Time since last request: 0.000567 seconds.
  importAddress: GUID: 7b15f6a2fbc374865aa3cacb92b3e735 - Path: Packages/com.unity.visualscripting/Editor/VisualScripting.Core/Plugin/Changelogs/LegacyLudiqGraphs/Changelog_1_4_7.cs - Importer: ScriptedImporter/UnityEditor.QuickSearchModule:UnityEditor.Search:ASIAI0B
Importing 'GUID: 7b15f6a2fbc374865aa3cacb92b3e735 - Path: Packages/com.unity.visualscripting/Editor/VisualScripting.Core/Plugin/Changelogs/LegacyLudiqGraphs/Changelog_1_4_7.cs - Importer: ScriptedImporter/UnityEditor.QuickSearchModule:UnityEditor.Search:ASIAI0B' with importer (ScriptedImporter : UnityEditor.QuickSearchModule:UnityEditor.Search:ASIAI0B)
Imported 'GUID: 7b15f6a2fbc374865aa3cacb92b3e735' -> (Import Result ID: 'b4092ac73d9eb5aaae3d3bc53d0d6e61') in 0.005 seconds [static and dynamic dependencies]. Details - ImportResultOutputID=36793f14cf4222a964eb1be6d1f3f9ac DependenciesID=ee0f58c6b919a310c4a51b6de9811316 StaticDependenciesID=2be827c9e82480915b68b63b9130ad1f 
Number of updated asset objects reloaded before import = 0
Number of asset objects unloaded after import = 0
========================================================================
Received Import Request.
  Time of request: 2026-06-22T05:06:17.5056692Z
  Time since last request: 0.0003893 seconds.
  importAddress: GUID: b2c6916dd07ed47b7b77ccd07eea9fbe - Path: Packages/com.unity.visualscripting/Runtime/VisualScripting.Flow/Framework/Collections/Dictionaries/SetDictionaryItem.cs - Importer: ScriptedImporter/UnityEditor.QuickSearchModule:UnityEditor.Search:ASIAI0B
Importing 'GUID: b2c6916dd07ed47b7b77ccd07eea9fbe - Path: Packages/com.unity.visualscripting/Runtime/VisualScripting.Flow/Framework/Collections/Dictionaries/SetDictionaryItem.cs - Importer: ScriptedImporter/UnityEditor.QuickSearchModule:UnityEditor.Search:ASIAI0B' with importer (ScriptedImporter : UnityEditor.QuickSearchModule:UnityEditor.Search:ASIAI0B)
Imported 'GUID: b2c6916dd07ed47b7b77ccd07eea9fbe' -> (Import Result ID: '0796303689a2cc1586e50292c98c32c9') in 0.005 seconds [static and dynamic dependencies]. Details - ImportResultOutputID=c80d5eee533c979b7981ed1f02891df6 DependenciesID=aed725f8a03dc83626c50c0d20a6e4f0 StaticDependenciesID=e62553176886e4e767c64db5f7e48156 
Number of updated asset objects reloaded before import = 0
Number of asset objects unloaded after import = 0
========================================================================
Received Import Request.
  Time of request: 2026-06-22T05:06:17.5117622Z
  Time since last request: 0.0006202 seconds.
  importAddress: GUID: 6341e6a17829143b5894fd27dbf04b8a - Path: Packages/com.unity.visualscripting/Runtime/VisualScripting.Flow/Framework/Collections/Lists/MergeLists.cs - Importer: ScriptedImporter/UnityEditor.QuickSearchModule:UnityEditor.Search:ASIAI0B
Importing 'GUID: 6341e6a17829143b5894fd27dbf04b8a - Path: Packages/com.unity.visualscripting/Runtime/VisualScripting.Flow/Framework/Collections/Lists/MergeLists.cs - Importer: ScriptedImporter/UnityEditor.QuickSearchModule:UnityEditor.Search:ASIAI0B' with importer (ScriptedImporter : UnityEditor.QuickSearchModule:UnityEditor.Search:ASIAI0B)
Imported 'GUID: 6341e6a17829143b5894fd27dbf04b8a' -> (Import Result ID: 'd35b134031efb970aa3f2f472fa5a33d') in 0.004 seconds [static and dynamic dependencies]. Details - ImportResultOutputID=2ecf21c85dc2546da0d1f6fe25f49f93 DependenciesID=2d751a08d136077b9d443d94f190586f StaticDependenciesID=8c891a6ede76d05de6493870216db736 
Number of updated asset objects reloaded before import = 0
Number of asset objects unloaded after import = 0
========================================================================
Received Import Request.
  Time of request: 2026-06-22T05:06:17.5166448Z
  Time since last request: 0.0002293 seconds.
  importAddress: GUID: 2a614d65cdef1498eb33e5312e5b8672 - Path: Packages/com.unity.visualscripting/Runtime/VisualScripting.Flow/Framework/Events/Animation/OnAnimatorMove.cs - Importer: ScriptedImporter/UnityEditor.QuickSearchModule:UnityEditor.Search:ASIAI0B
Importing 'GUID: 2a614d65cdef1498eb33e5312e5b8672 - Path: Packages/com.unity.visualscripting/Runtime/VisualScripting.Flow/Framework/Events/Animation/OnAnimatorMove.cs - Importer: ScriptedImporter/UnityEditor.QuickSearchModule:UnityEditor.Search:ASIAI0B' with importer (ScriptedImporter : UnityEditor.QuickSearchModule:UnityEditor.Search:ASIAI0B)
Imported 'GUID: 2a614d65cdef1498eb33e5312e5b8672' -> (Import Result ID: 'b8dcdff265848c8bc8d2cb1ced7e62cb') in 0.005 seconds [static and dynamic dependencies]. Details - ImportResultOutputID=3108af61ec2fd7700fc26ed6f268f282 DependenciesID=be733a8c82798aab72e96a2a45f31d01 StaticDependenciesID=bb1e11c8ffa0b489d39b287246c0bbfb 
Number of updated asset objects reloaded before import = 0
Number of asset objects unloaded after import = 0
========================================================================
Received Import Request.
  Time of request: 2026-06-22T05:06:17.5222625Z
  Time since last request: 0.0005761 seconds.
  importAddress: GUID: 6e8457d68030d4970ae014b8a8aa5e28 - Path: Packages/com.unity.visualscripting/Runtime/VisualScripting.Core/Dependencies/FullSerializer/Internal/fsPortableReflection.cs - Importer: ScriptedImporter/UnityEditor.QuickSearchModule:UnityEditor.Search:ASIAI0B
Importing 'GUID: 6e8457d68030d4970ae014b8a8aa5e28 - Path: Packages/com.unity.visualscripting/Runtime/VisualScripting.Core/Dependencies/FullSerializer/Internal/fsPortableReflection.cs - Importer: ScriptedImporter/UnityEditor.QuickSearchModule:UnityEditor.Search:ASIAI0B' with importer (ScriptedImporter : UnityEditor.QuickSearchModule:UnityEditor.Search:ASIAI0B)
Imported 'GUID: 6e8457d68030d4970ae014b8a8aa5e28' -> (Import Result ID: '1faf25c92f803e9801e698378b02eee6') in 0.004 seconds [static and dynamic dependencies]. Details - ImportResultOutputID=7a4945fcc23c9342fdc74bc7233473a8 DependenciesID=b5921d771c411ee75682854e7c14dd35 StaticDependenciesID=c86f45985002847c5a95ad9169aece83 
Number of updated asset objects reloaded before import = 0
Number of asset objects unloaded after import = 0
========================================================================
Received Import Request.
  Time of request: 2026-06-22T05:06:17.527325Z
  Time since last request: 0.0006609 seconds.
  importAddress: GUID: 57352352fce8a4f57800fb25fb539745 - Path: Packages/com.unity.visualscripting/Runtime/VisualScripting.Core/Dependencies/FullSerializer/Converters/fsWeakReferenceConverter.cs - Importer: ScriptedImporter/UnityEditor.QuickSearchModule:UnityEditor.Search:ASIAI0B
Importing 'GUID: 57352352fce8a4f57800fb25fb539745 - Path: Packages/com.unity.visualscripting/Runtime/VisualScripting.Core/Dependencies/FullSerializer/Converters/fsWeakReferenceConverter.cs - Importer: ScriptedImporter/UnityEditor.QuickSearchModule:UnityEditor.Search:ASIAI0B' with importer (ScriptedImporter : UnityEditor.QuickSearchModule:UnityEditor.Search:ASIAI0B)
Imported 'GUID: 57352352fce8a4f57800fb25fb539745' -> (Import Result ID: 'a5f6b813242758c6de78876133f2cb57') in 0.005 seconds [static and dynamic dependencies]. Details - ImportResultOutputID=a233075dea451c5594ae9023d2586892 DependenciesID=b48adf02e53b81c01165f659707ef976 StaticDependenciesID=f4e06ea3a77b05073c4ad5889cb9ec8a 
Number of updated asset objects reloaded before import = 0
Number of asset objects unloaded after import = 0
========================================================================
Received Import Request.
  Time of request: 2026-06-22T05:06:17.5327641Z
  Time since last request: 0.0003969 seconds.
  importAddress: GUID: f85fe1ea3f9664fb9be7ce694de49076 - Path: Packages/com.unity.visualscripting/Runtime/VisualScripting.Core/Dependencies/FullSerializer/Converters/fsForwardConverter.cs - Importer: ScriptedImporter/UnityEditor.QuickSearchModule:UnityEditor.Search:ASIAI0B
Importing 'GUID: f85fe1ea3f9664fb9be7ce694de49076 - Path: Packages/com.unity.visualscripting/Runtime/VisualScripting.Core/Dependencies/FullSerializer/Converters/fsForwardConverter.cs - Importer: ScriptedImporter/UnityEditor.QuickSearchModule:UnityEditor.Search:ASIAI0B' with importer (ScriptedImporter : UnityEditor.QuickSearchModule:UnityEditor.Search:ASIAI0B)
Imported 'GUID: f85fe1ea3f9664fb9be7ce694de49076' -> (Import Result ID: 'b00d55a6f810d3bd37a5e9db8ff0f7f4') in 0.005 seconds [static and dynamic dependencies]. Details - ImportResultOutputID=0a1268dbc4f1e65a02246b0853857b75 DependenciesID=995bc92b3eef561654f4d58d0a1216b3 StaticDependenciesID=160e686741c6240560047099eb44bf51 
Number of updated asset objects reloaded before import = 0
Number of asset objects unloaded after import = 0
========================================================================
Received Import Request.
  Time of request: 2026-06-22T05:06:17.5383159Z
  Time since last request: 0.0004943 seconds.
  importAddress: GUID: c7f8ec277ae294bb78e0034461acc14f - Path: Packages/com.unity.visualscripting/Runtime/VisualScripting.Flow/Framework/Events/Animation/BoltAnimationEvent.cs - Importer: ScriptedImporter/UnityEditor.QuickSearchModule:UnityEditor.Search:ASIAI0B
Importing 'GUID: c7f8ec277ae294bb78e0034461acc14f - Path: Packages/com.unity.visualscripting/Runtime/VisualScripting.Flow/Framework/Events/Animation/BoltAnimationEvent.cs - Importer: ScriptedImporter/UnityEditor.QuickSearchModule:UnityEditor.Search:ASIAI0B' with importer (ScriptedImporter : UnityEditor.QuickSearchModule:UnityEditor.Search:ASIAI0B)
Imported 'GUID: c7f8ec277ae294bb78e0034461acc14f' -> (Import Result ID: '76af6109250cae9293a6d2bea6d63c4c') in 0.004 seconds [static and dynamic dependencies]. Details - ImportResultOutputID=3e3c922e5f0daefa43e333e783cb14e4 DependenciesID=b70d88f87255e08ad7b9a6e5273c160b StaticDependenciesID=17e737bd0253f62e5c891adfdbd08578 
Number of updated asset objects reloaded before import = 0
Number of asset objects unloaded after import = 0
========================================================================
Received Import Request.
  Time of request: 2026-06-22T05:06:17.5663468Z
  Time since last request: 0.0237647 seconds.
  importAddress: GUID: aa5bb50cbd9054de883aba2707a61817 - Path: Packages/com.unity.visualscripting/Runtime/VisualScripting.Flow/Framework/Events/Navigation/OnDestinationReached.cs - Importer: ScriptedImporter/UnityEditor.QuickSearchModule:UnityEditor.Search:ASIAI0B
Importing 'GUID: aa5bb50cbd9054de883aba2707a61817 - Path: Packages/com.unity.visualscripting/Runtime/VisualScripting.Flow/Framework/Events/Navigation/OnDestinationReached.cs - Importer: ScriptedImporter/UnityEditor.QuickSearchModule:UnityEditor.Search:ASIAI0B' with importer (ScriptedImporter : UnityEditor.QuickSearchModule:UnityEditor.Search:ASIAI0B)
Imported 'GUID: aa5bb50cbd9054de883aba2707a61817' -> (Import Result ID: 'fcf55680446cc32ef4739eb4ea0e8c31') in 0.005 seconds [static and dynamic dependencies]. Details - ImportResultOutputID=e9b26028d6b0999db644df7888b79a8e DependenciesID=0cd83a76de33f684ba0b892bc2308448 StaticDependenciesID=3aa23cab35527d118e95ba74a79c42fb 
Number of updated asset objects reloaded before import = 0
Number of asset objects unloaded after import = 0
========================================================================
Received Import Request.
  Time of request: 2026-06-22T05:06:17.5729116Z
  Time since last request: 0.0010481 seconds.
  importAddress: GUID: 764f44ab19fb34155a39932c5b8f64ff - Path: Packages/com.unity.visualscripting/Runtime/VisualScripting.Flow/Framework/Events/Physics/OnCollisionStay.cs - Importer: ScriptedImporter/UnityEditor.QuickSearchModule:UnityEditor.Search:ASIAI0B
Importing 'GUID: 764f44ab19fb34155a39932c5b8f64ff - Path: Packages/com.unity.visualscripting/Runtime/VisualScripting.Flow/Framework/Events/Physics/OnCollisionStay.cs - Importer: ScriptedImporter/UnityEditor.QuickSearchModule:UnityEditor.Search:ASIAI0B' with importer (ScriptedImporter : UnityEditor.QuickSearchModule:UnityEditor.Search:ASIAI0B)
Imported 'GUID: 764f44ab19fb34155a39932c5b8f64ff' -> (Import Result ID: 'd04ae069df762d8ac5979727787df028') in 0.004 seconds [static and dynamic dependencies]. Details - ImportResultOutputID=ed1d18cc0c1040ea2fde9c8a9c31de4a DependenciesID=161d3386306afe396d319cd56855a353 StaticDependenciesID=6236e22be45625b16438f9dca1cf98ae 
Number of updated asset objects reloaded before import = 0
Number of asset objects unloaded after import = 0
========================================================================
Received Import Request.
  Time of request: 2026-06-22T05:06:17.5774501Z
  Time since last request: 0.0004667 seconds.
  importAddress: GUID: 43c149e9c671c4f6b96609c75ffbf503 - Path: Packages/com.unity.visualscripting/Runtime/VisualScripting.Flow/Framework/Events/Input/OnMouseDrag.cs - Importer: ScriptedImporter/UnityEditor.QuickSearchModule:UnityEditor.Search:ASIAI0B
Importing 'GUID: 43c149e9c671c4f6b96609c75ffbf503 - Path: Packages/com.unity.visualscripting/Runtime/VisualScripting.Flow/Framework/Events/Input/OnMouseDrag.cs - Importer: ScriptedImporter/UnityEditor.QuickSearchModule:UnityEditor.Search:ASIAI0B' with importer (ScriptedImporter : UnityEditor.QuickSearchModule:UnityEditor.Search:ASIAI0B)
Imported 'GUID: 43c149e9c671c4f6b96609c75ffbf503' -> (Import Result ID: '8db3ad1a08e09c1ad1a0561d74302b15') in 0.005 seconds [static and dynamic dependencies]. Details - ImportResultOutputID=10d4d16762af3500e5a4bdb38a3d7224 DependenciesID=7ae7d749c0102994ec415e726f88e10c StaticDependenciesID=93550ec4aae67897ebd984ebab494920 
Number of updated asset objects reloaded before import = 0
Number of asset objects unloaded after import = 0
========================================================================
Received Import Request.
  Time of request: 2026-06-22T05:06:17.5831335Z
  Time since last request: 0.0005987 seconds.
  importAddress: GUID: cfcb9515328904f638aa187b04404c6c - Path: Packages/com.unity.visualscripting/Runtime/VisualScripting.Flow/Framework/Events/Input/OnMouseEnter.cs - Importer: ScriptedImporter/UnityEditor.QuickSearchModule:UnityEditor.Search:ASIAI0B
Importing 'GUID: cfcb9515328904f638aa187b04404c6c - Path: Packages/com.unity.visualscripting/Runtime/VisualScripting.Flow/Framework/Events/Input/OnMouseEnter.cs - Importer: ScriptedImporter/UnityEditor.QuickSearchModule:UnityEditor.Search:ASIAI0B' with importer (ScriptedImporter : UnityEditor.QuickSearchModule:UnityEditor.Search:ASIAI0B)
Imported 'GUID: cfcb9515328904f638aa187b04404c6c' -> (Import Result ID: '4a68544a7255369b41b82423b176a7dc') in 0.005 seconds [static and dynamic dependencies]. Details - ImportResultOutputID=0b2462763871fef9acdc339bb36d5076 DependenciesID=9b60665b3cc8fad16c6669591a8f3687 StaticDependenciesID=638ebcbbc8727651116abf5f085441bb 
Number of updated asset objects reloaded before import = 0
Number of asset objects unloaded after import = 0
========================================================================
Received Import Request.
  Time of request: 2026-06-22T05:06:17.5890883Z
  Time since last request: 0.0007485 seconds.
  importAddress: GUID: 1ae7f5eeba3d646d8ab26bd7052e59df - Path: Packages/com.unity.visualscripting/Runtime/VisualScripting.Flow/Framework/Events/GUI/OnSliderValueChanged.cs - Importer: ScriptedImporter/UnityEditor.QuickSearchModule:UnityEditor.Search:ASIAI0B
Importing 'GUID: 1ae7f5eeba3d646d8ab26bd7052e59df - Path: Packages/com.unity.visualscripting/Runtime/VisualScripting.Flow/Framework/Events/GUI/OnSliderValueChanged.cs - Importer: ScriptedImporter/UnityEditor.QuickSearchModule:UnityEditor.Search:ASIAI0B' with importer (ScriptedImporter : UnityEditor.QuickSearchModule:UnityEditor.Search:ASIAI0B)
Imported 'GUID: 1ae7f5eeba3d646d8ab26bd7052e59df' -> (Import Result ID: 'b8d7d83798e13d04f6d6d576dd330fac') in 0.006 seconds [static and dynamic dependencies]. Details - ImportResultOutputID=51263fefecc112c291a769996c958b0d DependenciesID=bb002eaf1138550cacdab4c8f66cfe71 StaticDependenciesID=1a7888b2be2f9c287e8d109dcd06ef7f 
Number of updated asset objects reloaded before import = 0
Number of asset objects unloaded after import = 0
========================================================================
Received Import Request.
  Time of request: 2026-06-22T05:06:17.5960609Z
  Time since last request: 0.0006578 seconds.
  importAddress: GUID: f8252f45e05f7479dbc8c7a5125872b6 - Path: Packages/com.unity.visualscripting/Runtime/VisualScripting.Flow/Framework/Events/Physics/OnCollisionExit.cs - Importer: ScriptedImporter/UnityEditor.QuickSearchModule:UnityEditor.Search:ASIAI0B
Importing 'GUID: f8252f45e05f7479dbc8c7a5125872b6 - Path: Packages/com.unity.visualscripting/Runtime/VisualScripting.Flow/Framework/Events/Physics/OnCollisionExit.cs - Importer: ScriptedImporter/UnityEditor.QuickSearchModule:UnityEditor.Search:ASIAI0B' with importer (ScriptedImporter : UnityEditor.QuickSearchModule:UnityEditor.Search:ASIAI0B)
Imported 'GUID: f8252f45e05f7479dbc8c7a5125872b6' -> (Import Result ID: '0d484c46c3619b7d152f16ca803abea6') in 0.004 seconds [static and dynamic dependencies]. Details - ImportResultOutputID=6b8e77f8d98dc83c9652d4d92039e287 DependenciesID=9a8ff1c3a938d0de7e383d4b038d2f16 StaticDependenciesID=cc8ef023602ff816bdbd9981bd554212 
Number of updated asset objects reloaded before import = 0
Number of asset objects unloaded after import = 0
========================================================================
Received Import Request.
  Time of request: 2026-06-22T05:06:17.6010622Z
  Time since last request: 0.0004826 seconds.
  importAddress: GUID: 05a36e5b2bd1a4404b8e77121e58d7fd - Path: Packages/com.unity.visualscripting/Runtime/VisualScripting.Flow/Framework/Events/Input/OnButtonInput.cs - Importer: ScriptedImporter/UnityEditor.QuickSearchModule:UnityEditor.Search:ASIAI0B
Importing 'GUID: 05a36e5b2bd1a4404b8e77121e58d7fd - Path: Packages/com.unity.visualscripting/Runtime/VisualScripting.Flow/Framework/Events/Input/OnButtonInput.cs - Importer: ScriptedImporter/UnityEditor.QuickSearchModule:UnityEditor.Search:ASIAI0B' with importer (ScriptedImporter : UnityEditor.QuickSearchModule:UnityEditor.Search:ASIAI0B)
Imported 'GUID: 05a36e5b2bd1a4404b8e77121e58d7fd' -> (Import Result ID: 'b6361d3531c9419bce7d74f14d196bb6') in 0.004 seconds [static and dynamic dependencies]. Details - ImportResultOutputID=f176f565abc506d4734e1fd19c651aa7 DependenciesID=3b9f68fcafb21f5fb3a4560c240575b0 StaticDependenciesID=ed16d772480753476a32edadaae201aa 
Number of updated asset objects reloaded before import = 0
Number of asset objects unloaded after import = 0
========================================================================
Received Import Request.
  Time of request: 2026-06-22T05:06:17.6063965Z
  Time since last request: 0.0007173 seconds.
  importAddress: GUID: bc32b00ef6d2a48a0a017316f465b7b8 - Path: Packages/com.unity.visualscripting/Runtime/VisualScripting.Flow/Framework/Events/Physics/OnJointBreak.cs - Importer: ScriptedImporter/UnityEditor.QuickSearchModule:UnityEditor.Search:ASIAI0B
Importing 'GUID: bc32b00ef6d2a48a0a017316f465b7b8 - Path: Packages/com.unity.visualscripting/Runtime/VisualScripting.Flow/Framework/Events/Physics/OnJointBreak.cs - Importer: ScriptedImporter/UnityEditor.QuickSearchModule:UnityEditor.Search:ASIAI0B' with importer (ScriptedImporter : UnityEditor.QuickSearchModule:UnityEditor.Search:ASIAI0B)
Imported 'GUID: bc32b00ef6d2a48a0a017316f465b7b8' -> (Import Result ID: 'b00ccaa4c2964706c21f1d315894d7c9') in 0.004 seconds [static and dynamic dependencies]. Details - ImportResultOutputID=2a92113fec6d23613879f4c66bad4d40 DependenciesID=041dfefc551ca74ebdce678578e437df StaticDependenciesID=97de94284d666daf538546b055476d29 
Number of updated asset objects reloaded before import = 0
Number of asset objects unloaded after import = 0
========================================================================
Received Import Request.
  Time of request: 2026-06-22T05:06:17.6132634Z
  Time since last request: 0.0025315 seconds.
  importAddress: GUID: a80f27bdd6a9d4843a253f1362e3c883 - Path: Packages/com.unity.visualscripting/Runtime/VisualScripting.Flow/Framework/Events/Physics2D/CollisionEvent2DUnit.cs - Importer: ScriptedImporter/UnityEditor.QuickSearchModule:UnityEditor.Search:ASIAI0B
Importing 'GUID: a80f27bdd6a9d4843a253f1362e3c883 - Path: Packages/com.unity.visualscripting/Runtime/VisualScripting.Flow/Framework/Events/Physics2D/CollisionEvent2DUnit.cs - Importer: ScriptedImporter/UnityEditor.QuickSearchModule:UnityEditor.Search:ASIAI0B' with importer (ScriptedImporter : UnityEditor.QuickSearchModule:UnityEditor.Search:ASIAI0B)
Imported 'GUID: a80f27bdd6a9d4843a253f1362e3c883' -> (Import Result ID: '8338061cc953c27dba3c686ede5c1145') in 0.004 seconds [static and dynamic dependencies]. Details - ImportResultOutputID=0a5103c1bfe82113b9124bb8f846d30e DependenciesID=0c67a37f45fa1489fc1881c0adf9356c StaticDependenciesID=a792c6df71d842d1c9975c355c1bac44 
Number of updated asset objects reloaded before import = 0
Number of asset objects unloaded after import = 0
========================================================================
Received Import Request.
  Time of request: 2026-06-22T05:06:17.6184625Z
  Time since last request: 0.0004235 seconds.
  importAddress: GUID: fe6d0df2486084697962131451743478 - Path: Packages/com.unity.visualscripting/Runtime/VisualScripting.Flow/Framework/Events/Physics2D/OnJointBreak2D.cs - Importer: ScriptedImporter/UnityEditor.QuickSearchModule:UnityEditor.Search:ASIAI0B
Importing 'GUID: fe6d0df2486084697962131451743478 - Path: Packages/com.unity.visualscripting/Runtime/VisualScripting.Flow/Framework/Events/Physics2D/OnJointBreak2D.cs - Importer: ScriptedImporter/UnityEditor.QuickSearchModule:UnityEditor.Search:ASIAI0B' with importer (ScriptedImporter : UnityEditor.QuickSearchModule:UnityEditor.Search:ASIAI0B)
Imported 'GUID: fe6d0df2486084697962131451743478' -> (Import Result ID: '83f4b38933823c114d24816086704f15') in 0.004 seconds [static and dynamic dependencies]. Details - ImportResultOutputID=0970ecfeeb3a453ccf059badf6033802 DependenciesID=300046fd9eb6f972133756196920471e StaticDependenciesID=f0fdd20aa7b5783115cb569eaed46ede 
Number of updated asset objects reloaded before import = 0
Number of asset objects unloaded after import = 0
========================================================================
Received Import Request.
  Time of request: 2026-06-22T05:06:17.6234925Z
  Time since last request: 0.0005141 seconds.
  importAddress: GUID: 2cb32bdd74a974edca6f484948550496 - Path: Packages/com.unity.visualscripting/Runtime/VisualScripting.Flow/Framework/Events/GUI/OnDrop.cs - Importer: ScriptedImporter/UnityEditor.QuickSearchModule:UnityEditor.Search:ASIAI0B
Importing 'GUID: 2cb32bdd74a974edca6f484948550496 - Path: Packages/com.unity.visualscripting/Runtime/VisualScripting.Flow/Framework/Events/GUI/OnDrop.cs - Importer: ScriptedImporter/UnityEditor.QuickSearchModule:UnityEditor.Search:ASIAI0B' with importer (ScriptedImporter : UnityEditor.QuickSearchModule:UnityEditor.Search:ASIAI0B)
Imported 'GUID: 2cb32bdd74a974edca6f484948550496' -> (Import Result ID: '1105bc547bf14ef86fc30e7ce6fe7698') in 0.004 seconds [static and dynamic dependencies]. Details - ImportResultOutputID=b15ee7a5347449a60dbe3e0c12389300 DependenciesID=d622402c59b012f7353419042363b01e StaticDependenciesID=a20158b64e5049c6eb54b4e088745f15 
Number of updated asset objects reloaded before import = 0
Number of asset objects unloaded after import = 0
========================================================================
Received Import Request.
  Time of request: 2026-06-22T05:06:17.6278817Z
  Time since last request: 0.0004018 seconds.
  importAddress: GUID: a42e318847ee04f87b8d94943e076984 - Path: Packages/com.unity.visualscripting/Runtime/VisualScripting.Flow/Framework/Events/GUI/OnInputFieldEndEdit.cs - Importer: ScriptedImporter/UnityEditor.QuickSearchModule:UnityEditor.Search:ASIAI0B
Importing 'GUID: a42e318847ee04f87b8d94943e076984 - Path: Packages/com.unity.visualscripting/Runtime/VisualScripting.Flow/Framework/Events/GUI/OnInputFieldEndEdit.cs - Importer: ScriptedImporter/UnityEditor.QuickSearchModule:UnityEditor.Search:ASIAI0B' with importer (ScriptedImporter : UnityEditor.QuickSearchModule:UnityEditor.Search:ASIAI0B)
Imported 'GUID: a42e318847ee04f87b8d94943e076984' -> (Import Result ID: 'e0027bc2a330523f27802ca38990010c') in 0.005 seconds [static and dynamic dependencies]. Details - ImportResultOutputID=7c010e260ab093426951afd0f7db1579 DependenciesID=6bd8d6a7281551dec6248c5d92a684d3 StaticDependenciesID=20afd5cd270a196ffdcc6df20ff69e8e 
Number of updated asset objects reloaded before import = 0
Number of asset objects unloaded after import = 0
========================================================================
Received Import Request.
  Time of request: 2026-06-22T05:06:17.6537187Z
  Time since last request: 0.0209076 seconds.
  importAddress: GUID: 5464875e7562b40a0b2aed49e803946e - Path: Packages/com.unity.visualscripting/Runtime/VisualScripting.Flow/Framework/Math/Vector3/Vector3Multiply.cs - Importer: ScriptedImporter/UnityEditor.QuickSearchModule:UnityEditor.Search:ASIAI0B
Importing 'GUID: 5464875e7562b40a0b2aed49e803946e - Path: Packages/com.unity.visualscripting/Runtime/VisualScripting.Flow/Framework/Math/Vector3/Vector3Multiply.cs - Importer: ScriptedImporter/UnityEditor.QuickSearchModule:UnityEditor.Search:ASIAI0B' with importer (ScriptedImporter : UnityEditor.QuickSearchModule:UnityEditor.Search:ASIAI0B)
Imported 'GUID: 5464875e7562b40a0b2aed49e803946e' -> (Import Result ID: '64a181504222d99f04cd5fc26bdb711e') in 0.004 seconds [static and dynamic dependencies]. Details - ImportResultOutputID=1e0487b5fa27cb677a6f4aa9b040e097 DependenciesID=92382448f5eb96b4a5b058934a023874 StaticDependenciesID=7623ad7a3bd94c5c69778c512fc668b4 
Number of updated asset objects reloaded before import = 0
Number of asset objects unloaded after import = 0
========================================================================
Received Import Request.
  Time of request: 2026-06-22T05:06:17.6587397Z
  Time since last request: 0.0010048 seconds.
  importAddress: GUID: 0c1309dd586a34490bf26bf206287b55 - Path: Packages/com.unity.visualscripting/Runtime/VisualScripting.Flow/Framework/Math/Scalar/ScalarPerSecond.cs - Importer: ScriptedImporter/UnityEditor.QuickSearchModule:UnityEditor.Search:ASIAI0B
Importing 'GUID: 0c1309dd586a34490bf26bf206287b55 - Path: Packages/com.unity.visualscripting/Runtime/VisualScripting.Flow/Framework/Math/Scalar/ScalarPerSecond.cs - Importer: ScriptedImporter/UnityEditor.QuickSearchModule:UnityEditor.Search:ASIAI0B' with importer (ScriptedImporter : UnityEditor.QuickSearchModule:UnityEditor.Search:ASIAI0B)
Imported 'GUID: 0c1309dd586a34490bf26bf206287b55' -> (Import Result ID: '8660df69277c3e6ac1a7581132657bd8') in 0.004 seconds [static and dynamic dependencies]. Details - ImportResultOutputID=fca478792f10d2d3f09908df66cc89b7 DependenciesID=5e286aa0cadf1b8e229450816eec7fdc StaticDependenciesID=1a8e7736011bd3895a63b165a313a514 
Number of updated asset objects reloaded before import = 0
Number of asset objects unloaded after import = 0
========================================================================
Received Import Request.
  Time of request: 2026-06-22T05:06:17.6631017Z
  Time since last request: 0.0006006 seconds.
  importAddress: GUID: 554e19cd08bdc451492e26e4b230ca92 - Path: Packages/com.unity.visualscripting/Runtime/VisualScripting.Flow/Framework/Math/Vector2/Vector2DotProduct.cs - Importer: ScriptedImporter/UnityEditor.QuickSearchModule:UnityEditor.Search:ASIAI0B
Importing 'GUID: 554e19cd08bdc451492e26e4b230ca92 - Path: Packages/com.unity.visualscripting/Runtime/VisualScripting.Flow/Framework/Math/Vector2/Vector2DotProduct.cs - Importer: ScriptedImporter/UnityEditor.QuickSearchModule:UnityEditor.Search:ASIAI0B' with importer (ScriptedImporter : UnityEditor.QuickSearchModule:UnityEditor.Search:ASIAI0B)
Imported 'GUID: 554e19cd08bdc451492e26e4b230ca92' -> (Import Result ID: 'a2837207c7f6e0710a5486749a439d9b') in 0.004 seconds [static and dynamic dependencies]. Details - ImportResultOutputID=b8177295fb5e1f97a6e4f2a58f9cb93b DependenciesID=cbfa8d461212d7ee63145f6d51aa40ac StaticDependenciesID=fd0f4b27046fa41f4ea46fdb315467b4 
Number of updated asset objects reloaded before import = 0
Number of asset objects unloaded after import = 0
========================================================================
Received Import Request.
  Time of request: 2026-06-22T05:06:17.6681195Z
  Time since last request: 0.0004285 seconds.
  importAddress: GUID: 9cfeafc6c3a8a4892af70f6250efaa62 - Path: Packages/com.unity.visualscripting/Runtime/VisualScripting.Flow/Framework/Math/Vector3/Vector3Average.cs - Importer: ScriptedImporter/UnityEditor.QuickSearchModule:UnityEditor.Search:ASIAI0B
Importing 'GUID: 9cfeafc6c3a8a4892af70f6250efaa62 - Path: Packages/com.unity.visualscripting/Runtime/VisualScripting.Flow/Framework/Math/Vector3/Vector3Average.cs - Importer: ScriptedImporter/UnityEditor.QuickSearchModule:UnityEditor.Search:ASIAI0B' with importer (ScriptedImporter : UnityEditor.QuickSearchModule:UnityEditor.Search:ASIAI0B)
Imported 'GUID: 9cfeafc6c3a8a4892af70f6250efaa62' -> (Import Result ID: 'ef69c0484a885b7ebfaaa1818eb25c85') in 0.005 seconds [static and dynamic dependencies]. Details - ImportResultOutputID=c8f8f9d499f071c84d9fba14bfe0396d DependenciesID=54f3fcc5d1f84a04db741eea2c061f80 StaticDependenciesID=5bb7eb97c02074b23b2e08d8b738d698 
Number of updated asset objects reloaded before import = 0
Number of asset objects unloaded after import = 0
========================================================================
Received Import Request.
  Time of request: 2026-06-22T05:06:17.673705Z
  Time since last request: 0.0004004 seconds.
  importAddress: GUID: 21ca2de60719a4fa496da0ae8cfaa8ed - Path: Packages/com.unity.visualscripting/Runtime/VisualScripting.Flow/Framework/Math/Vector3/Vector3Minimum.cs - Importer: ScriptedImporter/UnityEditor.QuickSearchModule:UnityEditor.Search:ASIAI0B
Importing 'GUID: 21ca2de60719a4fa496da0ae8cfaa8ed - Path: Packages/com.unity.visualscripting/Runtime/VisualScripting.Flow/Framework/Math/Vector3/Vector3Minimum.cs - Importer: ScriptedImporter/UnityEditor.QuickSearchModule:UnityEditor.Search:ASIAI0B' with importer (ScriptedImporter : UnityEditor.QuickSearchModule:UnityEditor.Search:ASIAI0B)
Imported 'GUID: 21ca2de60719a4fa496da0ae8cfaa8ed' -> (Import Result ID: '0f71b10f2af7139b3f2d0f565d1d94c6') in 0.005 seconds [static and dynamic dependencies]. Details - ImportResultOutputID=0a143ae2ab9567667fe2a8b681ce2df4 DependenciesID=46693fbd62717e74bf3b756a3842c1e9 StaticDependenciesID=b924413821bf7378b865d446837745ef 
Number of updated asset objects reloaded before import = 0
Number of asset objects unloaded after import = 0
========================================================================
Received Import Request.
  Time of request: 2026-06-22T05:06:17.6795273Z
  Time since last request: 0.000665 seconds.
  importAddress: GUID: 8afb399e26dbf4318878d7f4d660027b - Path: Packages/com.unity.visualscripting/Runtime/VisualScripting.Flow/Framework/Math/Scalar/ScalarDivide.cs - Importer: ScriptedImporter/UnityEditor.QuickSearchModule:UnityEditor.Search:ASIAI0B
Importing 'GUID: 8afb399e26dbf4318878d7f4d660027b - Path: Packages/com.unity.visualscripting/Runtime/VisualScripting.Flow/Framework/Math/Scalar/ScalarDivide.cs - Importer: ScriptedImporter/UnityEditor.QuickSearchModule:UnityEditor.Search:ASIAI0B' with importer (ScriptedImporter : UnityEditor.QuickSearchModule:UnityEditor.Search:ASIAI0B)
Imported 'GUID: 8afb399e26dbf4318878d7f4d660027b' -> (Import Result ID: '32015886c687b8a76095009f3dcc9240') in 0.004 seconds [static and dynamic dependencies]. Details - ImportResultOutputID=2035652c385099c5c8cedff206464a8a DependenciesID=4c2b8fe1363da649db5f3e833a1f359c StaticDependenciesID=d6b4503938e694f60729f473518a4140 
Number of updated asset objects reloaded before import = 0
Number of asset objects unloaded after import = 0
========================================================================
Received Import Request.
  Time of request: 2026-06-22T05:06:17.6839248Z
  Time since last request: 0.0005398 seconds.
  importAddress: GUID: 9321123edcf304431887764ab0a6c652 - Path: Packages/com.unity.visualscripting/Runtime/VisualScripting.Flow/Framework/Math/Scalar/ScalarExponentiate.cs - Importer: ScriptedImporter/UnityEditor.QuickSearchModule:UnityEditor.Search:ASIAI0B
Importing 'GUID: 9321123edcf304431887764ab0a6c652 - Path: Packages/com.unity.visualscripting/Runtime/VisualScripting.Flow/Framework/Math/Scalar/ScalarExponentiate.cs - Importer: ScriptedImporter/UnityEditor.QuickSearchModule:UnityEditor.Search:ASIAI0B' with importer (ScriptedImporter : UnityEditor.QuickSearchModule:UnityEditor.Search:ASIAI0B)
Imported 'GUID: 9321123edcf304431887764ab0a6c652' -> (Import Result ID: 'a4b7738522a2d45ffde7a29315564c77') in 0.004 seconds [static and dynamic dependencies]. Details - ImportResultOutputID=65d13be0497b5822fa5bc98658af9617 DependenciesID=98d8c570f046cef8dea1e5db916ea81f StaticDependenciesID=280521c46914090436e86fcdd72b78f4 
Number of updated asset objects reloaded before import = 0
Number of asset objects unloaded after import = 0
========================================================================
Received Import Request.
  Time of request: 2026-06-22T05:06:17.6890274Z
  Time since last request: 0.0003974 seconds.
  importAddress: GUID: e3b8e59920a774b3d89b873db0df5ae7 - Path: Packages/com.unity.visualscripting/Runtime/VisualScripting.Flow/Framework/Math/Scalar/ScalarModulo.cs - Importer: ScriptedImporter/UnityEditor.QuickSearchModule:UnityEditor.Search:ASIAI0B
Importing 'GUID: e3b8e59920a774b3d89b873db0df5ae7 - Path: Packages/com.unity.visualscripting/Runtime/VisualScripting.Flow/Framework/Math/Scalar/ScalarModulo.cs - Importer: ScriptedImporter/UnityEditor.QuickSearchModule:UnityEditor.Search:ASIAI0B' with importer (ScriptedImporter : UnityEditor.QuickSearchModule:UnityEditor.Search:ASIAI0B)
Imported 'GUID: e3b8e59920a774b3d89b873db0df5ae7' -> (Import Result ID: '8789e17a3ca596efe792b457c540e949') in 0.005 seconds [static and dynamic dependencies]. Details - ImportResultOutputID=434993ad3aab563ad84b45a82b0f0421 DependenciesID=56977ff3e998a1b0e412683fb123d376 StaticDependenciesID=1d9a27e698429c4bf7cde24107e6aa1a 
Number of updated asset objects reloaded before import = 0
Number of asset objects unloaded after import = 0
========================================================================
Received Import Request.
  Time of request: 2026-06-22T05:06:17.6947041Z
  Time since last request: 0.000648 seconds.
  importAddress: GUID: 8b03b4b42811a4d7e9bc0818ec219441 - Path: Packages/com.unity.visualscripting/Runtime/VisualScripting.Flow/Framework/Math/Generic/GenericDivide.cs - Importer: ScriptedImporter/UnityEditor.QuickSearchModule:UnityEditor.Search:ASIAI0B
Importing 'GUID: 8b03b4b42811a4d7e9bc0818ec219441 - Path: Packages/com.unity.visualscripting/Runtime/VisualScripting.Flow/Framework/Math/Generic/GenericDivide.cs - Importer: ScriptedImporter/UnityEditor.QuickSearchModule:UnityEditor.Search:ASIAI0B' with importer (ScriptedImporter : UnityEditor.QuickSearchModule:UnityEditor.Search:ASIAI0B)
Imported 'GUID: 8b03b4b42811a4d7e9bc0818ec219441' -> (Import Result ID: '51c2459722d42387b3ad86716fc6edeb') in 0.004 seconds [static and dynamic dependencies]. Details - ImportResultOutputID=f9e3bb46105e5adcc22367472719db61 DependenciesID=1611a358bd890ef35fc9b2b7dbdfe21c StaticDependenciesID=891664a429003077f30322eda7dd0734 
Number of updated asset objects reloaded before import = 0
Number of asset objects unloaded after import = 0
========================================================================
Received Import Request.
  Time of request: 2026-06-22T05:06:17.6997558Z
  Time since last request: 0.0004141 seconds.
  importAddress: GUID: 0389410f80e484d5c91978c69536d70e - Path: Packages/com.unity.visualscripting/Runtime/VisualScripting.Flow/Framework/Math/Scalar/ScalarNormalize.cs - Importer: ScriptedImporter/UnityEditor.QuickSearchModule:UnityEditor.Search:ASIAI0B
Importing 'GUID: 0389410f80e484d5c91978c69536d70e - Path: Packages/com.unity.visualscripting/Runtime/VisualScripting.Flow/Framework/Math/Scalar/ScalarNormalize.cs - Importer: ScriptedImporter/UnityEditor.QuickSearchModule:UnityEditor.Search:ASIAI0B' with importer (ScriptedImporter : UnityEditor.QuickSearchModule:UnityEditor.Search:ASIAI0B)
Imported 'GUID: 0389410f80e484d5c91978c69536d70e' -> (Import Result ID: '25f0dd06ffad708ba5bffd8b6a91d987') in 0.005 seconds [static and dynamic dependencies]. Details - ImportResultOutputID=d09ea4961a56838a3eab2005c8e2a6ff DependenciesID=1d2af8765ef2d2c6df2410920329be43 StaticDependenciesID=1a86ca45e499cec59a716ed16e4454b5 
Number of updated asset objects reloaded before import = 0
Number of asset objects unloaded after import = 0
========================================================================
Received Import Request.
  Time of request: 2026-06-22T05:06:17.7058219Z
  Time since last request: 0.0008891 seconds.
  importAddress: GUID: 1b4c4e23f5b364a6b80e705ce14c8c4e - Path: Packages/com.unity.visualscripting/Runtime/VisualScripting.Flow/Framework/Math/Scalar/ScalarMoveTowards.cs - Importer: ScriptedImporter/UnityEditor.QuickSearchModule:UnityEditor.Search:ASIAI0B
Importing 'GUID: 1b4c4e23f5b364a6b80e705ce14c8c4e - Path: Packages/com.unity.visualscripting/Runtime/VisualScripting.Flow/Framework/Math/Scalar/ScalarMoveTowards.cs - Importer: ScriptedImporter/UnityEditor.QuickSearchModule:UnityEditor.Search:ASIAI0B' with importer (ScriptedImporter : UnityEditor.QuickSearchModule:UnityEditor.Search:ASIAI0B)
Imported 'GUID: 1b4c4e23f5b364a6b80e705ce14c8c4e' -> (Import Result ID: '1b755ab2131f5da3f2068b35744479b4') in 0.005 seconds [static and dynamic dependencies]. Details - ImportResultOutputID=03ef8395499dacc7f67599be10e1ff4a DependenciesID=2813654e7b1866800cd742a9992d3b62 StaticDependenciesID=761ba6da77f9a9faf2204379016f83c4 
Number of updated asset objects reloaded before import = 0
Number of asset objects unloaded after import = 0
========================================================================
Received Import Request.
  Time of request: 2026-06-22T05:06:17.7122191Z
  Time since last request: 0.0008665 seconds.
  importAddress: GUID: 3403f9e0addcf4a4d902c0fc3596e7f1 - Path: Packages/com.unity.visualscripting/Runtime/VisualScripting.Flow/Framework/Math/Scalar/ScalarMaximum.cs - Importer: ScriptedImporter/UnityEditor.QuickSearchModule:UnityEditor.Search:ASIAI0B
Importing 'GUID: 3403f9e0addcf4a4d902c0fc3596e7f1 - Path: Packages/com.unity.visualscripting/Runtime/VisualScripting.Flow/Framework/Math/Scalar/ScalarMaximum.cs - Importer: ScriptedImporter/UnityEditor.QuickSearchModule:UnityEditor.Search:ASIAI0B' with importer (ScriptedImporter : UnityEditor.QuickSearchModule:UnityEditor.Search:ASIAI0B)
Imported 'GUID: 3403f9e0addcf4a4d902c0fc3596e7f1' -> (Import Result ID: 'a49c97e13ae14804ba274805f128e82f') in 0.006 seconds [static and dynamic dependencies]. Details - ImportResultOutputID=51e41d209b13def13c5d0bcf353dd84e DependenciesID=a99240987008df82fdc7ca7280987d26 StaticDependenciesID=0daf00fb4ea004ec16841a814ee573b7 
Number of updated asset objects reloaded before import = 0
Number of asset objects unloaded after import = 0
========================================================================
Received Import Request.
  Time of request: 2026-06-22T05:06:17.7191323Z
  Time since last request: 0.0005067 seconds.
  importAddress: GUID: b45ee443b6731493f9cf40f7f2efbc47 - Path: Packages/com.unity.visualscripting/Runtime/VisualScripting.Flow/Framework/Events/Physics2D/OnTriggerStay2D.cs - Importer: ScriptedImporter/UnityEditor.QuickSearchModule:UnityEditor.Search:ASIAI0B
Importing 'GUID: b45ee443b6731493f9cf40f7f2efbc47 - Path: Packages/com.unity.visualscripting/Runtime/VisualScripting.Flow/Framework/Events/Physics2D/OnTriggerStay2D.cs - Importer: ScriptedImporter/UnityEditor.QuickSearchModule:UnityEditor.Search:ASIAI0B' with importer (ScriptedImporter : UnityEditor.QuickSearchModule:UnityEditor.Search:ASIAI0B)
Imported 'GUID: b45ee443b6731493f9cf40f7f2efbc47' -> (Import Result ID: '01087a1fa6cf02e5fd212d2dce32f36a') in 0.005 seconds [static and dynamic dependencies]. Details - ImportResultOutputID=f9fa0b9f21c8cf17a03c718eef9c9041 DependenciesID=2763d5769e69cda173aa7676ff0f6c1e StaticDependenciesID=cb51fd0275851cbb17cc544154c1c0eb 
Number of updated asset objects reloaded before import = 0
Number of asset objects unloaded after import = 0
========================================================================
Received Import Request.
  Time of request: 2026-06-22T05:06:17.7339849Z
  Time since last request: 0.0091594 seconds.
  importAddress: GUID: 225e55e97525a438ba0b6bf127dfac5a - Path: Packages/com.unity.visualscripting/Runtime/VisualScripting.Flow/Framework/Variables/Obsolete/IsObjectVariableDefined.cs - Importer: ScriptedImporter/UnityEditor.QuickSearchModule:UnityEditor.Search:ASIAI0B
Importing 'GUID: 225e55e97525a438ba0b6bf127dfac5a - Path: Packages/com.unity.visualscripting/Runtime/VisualScripting.Flow/Framework/Variables/Obsolete/IsObjectVariableDefined.cs - Importer: ScriptedImporter/UnityEditor.QuickSearchModule:UnityEditor.Search:ASIAI0B' with importer (ScriptedImporter : UnityEditor.QuickSearchModule:UnityEditor.Search:ASIAI0B)
Imported 'GUID: 225e55e97525a438ba0b6bf127dfac5a' -> (Import Result ID: '06715dfc083090ca05a9494eb4e653d3') in 0.006 seconds [static and dynamic dependencies]. Details - ImportResultOutputID=403deb82f764b4bce76709ef0c04a0fe DependenciesID=8fb4a32aa07ad5eecfcf577abdf43771 StaticDependenciesID=a9e50835a40ed6db61fa9196172ecd6d 
Number of updated asset objects reloaded before import = 0
Number of asset objects unloaded after import = 0
========================================================================
Received Import Request.
  Time of request: 2026-06-22T05:06:17.7417148Z
  Time since last request: 0.0011635 seconds.
  importAddress: GUID: 14d6a772e73d84506914b09768082066 - Path: Packages/com.unity.visualscripting/Runtime/VisualScripting.Flow/Framework/Math/Vector3/Vector3Sum.cs - Importer: ScriptedImporter/UnityEditor.QuickSearchModule:UnityEditor.Search:ASIAI0B
Importing 'GUID: 14d6a772e73d84506914b09768082066 - Path: Packages/com.unity.visualscripting/Runtime/VisualScripting.Flow/Framework/Math/Vector3/Vector3Sum.cs - Importer: ScriptedImporter/UnityEditor.QuickSearchModule:UnityEditor.Search:ASIAI0B' with importer (ScriptedImporter : UnityEditor.QuickSearchModule:UnityEditor.Search:ASIAI0B)
Imported 'GUID: 14d6a772e73d84506914b09768082066' -> (Import Result ID: 'f4e8b0ac296f122e447bfbec856946af') in 0.005 seconds [static and dynamic dependencies]. Details - ImportResultOutputID=76923152ce9800960eb8bd68fc786015 DependenciesID=57d2336d4dc619b2c9f35c67dc696272 StaticDependenciesID=32442d47ff53ea9f790323418c7d89df 
Number of updated asset objects reloaded before import = 0
Number of asset objects unloaded after import = 0
========================================================================
Received Import Request.
  Time of request: 2026-06-22T05:06:17.7473839Z
  Time since last request: 0.0006014 seconds.
  importAddress: GUID: 7bfae76d280dc41b0bdf920ed2c37a41 - Path: Packages/com.unity.visualscripting/Runtime/VisualScripting.Flow/Framework/Variables/Obsolete/GetApplicationVariable.cs - Importer: ScriptedImporter/UnityEditor.QuickSearchModule:UnityEditor.Search:ASIAI0B
Importing 'GUID: 7bfae76d280dc41b0bdf920ed2c37a41 - Path: Packages/com.unity.visualscripting/Runtime/VisualScripting.Flow/Framework/Variables/Obsolete/GetApplicationVariable.cs - Importer: ScriptedImporter/UnityEditor.QuickSearchModule:UnityEditor.Search:ASIAI0B' with importer (ScriptedImporter : UnityEditor.QuickSearchModule:UnityEditor.Search:ASIAI0B)
Imported 'GUID: 7bfae76d280dc41b0bdf920ed2c37a41' -> (Import Result ID: '5dd6d0859d30514a4c59b6256d332770') in 0.006 seconds [static and dynamic dependencies]. Details - ImportResultOutputID=ad95a9ace4a4bcbd169f38963a259722 DependenciesID=e83d0d688691a05a9b994b3ebeeb5f52 StaticDependenciesID=bba5f162624166218f58f44dd477d4e0 
Number of updated asset objects reloaded before import = 0
Number of asset objects unloaded after import = 0
========================================================================
Received Import Request.
  Time of request: 2026-06-22T05:06:17.7536325Z
  Time since last request: 0.000388 seconds.
  importAddress: GUID: 552168985037f4d698a2bb5a726be36d - Path: Packages/com.unity.visualscripting/Runtime/VisualScripting.Flow/Framework/Math/Vector3/Vector3Project.cs - Importer: ScriptedImporter/UnityEditor.QuickSearchModule:UnityEditor.Search:ASIAI0B
Importing 'GUID: 552168985037f4d698a2bb5a726be36d - Path: Packages/com.unity.visualscripting/Runtime/VisualScripting.Flow/Framework/Math/Vector3/Vector3Project.cs - Importer: ScriptedImporter/UnityEditor.QuickSearchModule:UnityEditor.Search:ASIAI0B' with importer (ScriptedImporter : UnityEditor.QuickSearchModule:UnityEditor.Search:ASIAI0B)
Imported 'GUID: 552168985037f4d698a2bb5a726be36d' -> (Import Result ID: '02fd32bc51ec78d025c3fd5b005b96a2') in 0.005 seconds [static and dynamic dependencies]. Details - ImportResultOutputID=0e24c78ce6755d1f5a9d6529ef380e06 DependenciesID=e9608bab0a31ba917edc80dfbe844d0a StaticDependenciesID=bdf6a3fe56a84bb8f77b92a7f565f7ac 
Number of updated asset objects reloaded before import = 0
Number of asset objects unloaded after import = 0
========================================================================
Received Import Request.
  Time of request: 2026-06-22T05:06:17.7596361Z
  Time since last request: 0.0004289 seconds.
  importAddress: GUID: 6afb166a156df2d20433d981f4bb2832 - Path: Packages/com.unity.modules.vehicles/package.json - Importer: ScriptedImporter/UnityEditor.QuickSearchModule:UnityEditor.Search:ASIAI0B
Importing 'GUID: 6afb166a156df2d20433d981f4bb2832 - Path: Packages/com.unity.modules.vehicles/package.json - Importer: ScriptedImporter/UnityEditor.QuickSearchModule:UnityEditor.Search:ASIAI0B' with importer (ScriptedImporter : UnityEditor.QuickSearchModule:UnityEditor.Search:ASIAI0B)
Imported 'GUID: 6afb166a156df2d20433d981f4bb2832' -> (Import Result ID: 'e262dc3f747099f9ed148f416f4fce88') in 0.005 seconds [static and dynamic dependencies]. Details - ImportResultOutputID=b242029a0cacd99b4f2c29ae41b7c2a4 DependenciesID=ebd2fb4877da9487b794885b894d8a93 StaticDependenciesID=26282f897037d7fbbde01816a59d34db 
Number of updated asset objects reloaded before import = 0
Number of asset objects unloaded after import = 1
========================================================================
Received Import Request.
  Time of request: 2026-06-22T05:06:17.7651216Z
  Time since last request: 0.0003514 seconds.
  importAddress: GUID: c6501282dff9f4dd2a8e9b6ce271cf49 - Path: Packages/com.unity.visualscripting/Runtime/VisualScripting.Flow/Framework/Variables/Obsolete/IVariableUnit.cs - Importer: ScriptedImporter/UnityEditor.QuickSearchModule:UnityEditor.Search:ASIAI0B
Importing 'GUID: c6501282dff9f4dd2a8e9b6ce271cf49 - Path: Packages/com.unity.visualscripting/Runtime/VisualScripting.Flow/Framework/Variables/Obsolete/IVariableUnit.cs - Importer: ScriptedImporter/UnityEditor.QuickSearchModule:UnityEditor.Search:ASIAI0B' with importer (ScriptedImporter : UnityEditor.QuickSearchModule:UnityEditor.Search:ASIAI0B)
Imported 'GUID: c6501282dff9f4dd2a8e9b6ce271cf49' -> (Import Result ID: '257bbcfa60e150ec0b20bfb4649b92f2') in 0.005 seconds [static and dynamic dependencies]. Details - ImportResultOutputID=e5d844fe2df16e973129982c0ebb5ffd DependenciesID=3470bb2deb4624957bed44d58be402ff StaticDependenciesID=67a68585acaac3d0041eac9638f22edc 
Number of updated asset objects reloaded before import = 0
Number of asset objects unloaded after import = 0
========================================================================
Received Import Request.
  Time of request: 2026-06-22T05:06:17.7704088Z
  Time since last request: 0.0003619 seconds.
  importAddress: GUID: 5844b62967bbf4c0cb42de20abb040e6 - Path: Packages/com.unity.visualscripting/Runtime/VisualScripting.Flow/Framework/Variables/Obsolete/SetObjectVariable.cs - Importer: ScriptedImporter/UnityEditor.QuickSearchModule:UnityEditor.Search:ASIAI0B
Importing 'GUID: 5844b62967bbf4c0cb42de20abb040e6 - Path: Packages/com.unity.visualscripting/Runtime/VisualScripting.Flow/Framework/Variables/Obsolete/SetObjectVariable.cs - Importer: ScriptedImporter/UnityEditor.QuickSearchModule:UnityEditor.Search:ASIAI0B' with importer (ScriptedImporter : UnityEditor.QuickSearchModule:UnityEditor.Search:ASIAI0B)
Imported 'GUID: 5844b62967bbf4c0cb42de20abb040e6' -> (Import Result ID: 'e49bf1460d09566553cc50d82fd6f00b') in 0.004 seconds [static and dynamic dependencies]. Details - ImportResultOutputID=6bd9d4b5e11de115cf901d8cf01b5bd6 DependenciesID=f28fc52a2535dbe195ec4a2c116effeb StaticDependenciesID=7f6218154c216e5eff903c46bc615d3c 
Number of updated asset objects reloaded before import = 0
Number of asset objects unloaded after import = 0
========================================================================
Received Import Request.
  Time of request: 2026-06-22T05:06:17.7753098Z
  Time since last request: 0.0003811 seconds.
  importAddress: GUID: 4951804a436f84f6cbf8a27410e76c64 - Path: Packages/com.unity.visualscripting/Runtime/VisualScripting.Flow/Framework/Math/Vector3/Vector3Subtract.cs - Importer: ScriptedImporter/UnityEditor.QuickSearchModule:UnityEditor.Search:ASIAI0B
Importing 'GUID: 4951804a436f84f6cbf8a27410e76c64 - Path: Packages/com.unity.visualscripting/Runtime/VisualScripting.Flow/Framework/Math/Vector3/Vector3Subtract.cs - Importer: ScriptedImporter/UnityEditor.QuickSearchModule:UnityEditor.Search:ASIAI0B' with importer (ScriptedImporter : UnityEditor.QuickSearchModule:UnityEditor.Search:ASIAI0B)
Imported 'GUID: 4951804a436f84f6cbf8a27410e76c64' -> (Import Result ID: '474dd522a2d0c7bf2b7c09d2988f5c83') in 0.004 seconds [static and dynamic dependencies]. Details - ImportResultOutputID=8cb5f623ac0314412f59daa24c2421e6 DependenciesID=30466ca290ebf869f696c76d854d8209 StaticDependenciesID=ba8b9b2e6587cd99f7bff6aae1efec1a 
Number of updated asset objects reloaded before import = 0
Number of asset objects unloaded after import = 0
========================================================================
Received Import Request.
  Time of request: 2026-06-22T05:06:17.7802757Z
  Time since last request: 0.0003272 seconds.
  importAddress: GUID: b4ddd342caff84a1892dbda0d6933877 - Path: Packages/com.unity.visualscripting/Runtime/VisualScripting.Flow/Framework/Variables/Obsolete/IsSavedVariableDefined.cs - Importer: ScriptedImporter/UnityEditor.QuickSearchModule:UnityEditor.Search:ASIAI0B
Importing 'GUID: b4ddd342caff84a1892dbda0d6933877 - Path: Packages/com.unity.visualscripting/Runtime/VisualScripting.Flow/Framework/Variables/Obsolete/IsSavedVariableDefined.cs - Importer: ScriptedImporter/UnityEditor.QuickSearchModule:UnityEditor.Search:ASIAI0B' with importer (ScriptedImporter : UnityEditor.QuickSearchModule:UnityEditor.Search:ASIAI0B)
Imported 'GUID: b4ddd342caff84a1892dbda0d6933877' -> (Import Result ID: 'ec42f4aa94810c6186ad2d2e76a2a28b') in 0.005 seconds [static and dynamic dependencies]. Details - ImportResultOutputID=ee7a34bc466de4628ff6c7a18f018f9f DependenciesID=1d98262d3da6e376e43dfcd0748f999c StaticDependenciesID=1afc46b8957b1305fe0c224694cc3c9d 
Number of updated asset objects reloaded before import = 0
Number of asset objects unloaded after import = 0
========================================================================
Received Import Request.
  Time of request: 2026-06-22T05:06:17.7862704Z
  Time since last request: 0.0003829 seconds.
  importAddress: GUID: 0bb12f33e0821422990be6c0080e2a4c - Path: Packages/com.unity.visualscripting/Runtime/VisualScripting.Flow/Framework/Math/Vector4/Vector4Multiply.cs - Importer: ScriptedImporter/UnityEditor.QuickSearchModule:UnityEditor.Search:ASIAI0B
Importing 'GUID: 0bb12f33e0821422990be6c0080e2a4c - Path: Packages/com.unity.visualscripting/Runtime/VisualScripting.Flow/Framework/Math/Vector4/Vector4Multiply.cs - Importer: ScriptedImporter/UnityEditor.QuickSearchModule:UnityEditor.Search:ASIAI0B' with importer (ScriptedImporter : UnityEditor.QuickSearchModule:UnityEditor.Search:ASIAI0B)
Imported 'GUID: 0bb12f33e0821422990be6c0080e2a4c' -> (Import Result ID: '993004e72cae417f43a04ac5508e07d3') in 0.005 seconds [static and dynamic dependencies]. Details - ImportResultOutputID=223e5b3da9d4ad5d5adb0f30ea1d74fb DependenciesID=6830dffc0614e8b51d985d0bc63967d8 StaticDependenciesID=b1eaed1d9800c9e53e28df1f9b520004 
Number of updated asset objects reloaded before import = 0
Number of asset objects unloaded after import = 0
========================================================================
Received Import Request.
  Time of request: 2026-06-22T05:06:17.7916808Z
  Time since last request: 0.0004308 seconds.
  importAddress: GUID: ec4e06b12f3f74e0790d1dd9a31937de - Path: Packages/com.unity.visualscripting/Runtime/VisualScripting.Flow/Framework/Variables/Obsolete/IObjectVariableUnit.cs - Importer: ScriptedImporter/UnityEditor.QuickSearchModule:UnityEditor.Search:ASIAI0B
Importing 'GUID: ec4e06b12f3f74e0790d1dd9a31937de - Path: Packages/com.unity.visualscripting/Runtime/VisualScripting.Flow/Framework/Variables/Obsolete/IObjectVariableUnit.cs - Importer: ScriptedImporter/UnityEditor.QuickSearchModule:UnityEditor.Search:ASIAI0B' with importer (ScriptedImporter : UnityEditor.QuickSearchModule:UnityEditor.Search:ASIAI0B)
Imported 'GUID: ec4e06b12f3f74e0790d1dd9a31937de' -> (Import Result ID: '54e6951b758553d22e5ff4a336417c43') in 0.005 seconds [static and dynamic dependencies]. Details - ImportResultOutputID=26b0e402cefc3a75de4a71b7c0dd0579 DependenciesID=5e20f607a23f012db63370994ddec45f StaticDependenciesID=c3f78e1127409ef20e94ca6592fbf91b 
Number of updated asset objects reloaded before import = 0
Number of asset objects unloaded after import = 0
========================================================================
Received Import Request.
  Time of request: 2026-06-22T05:06:17.7977648Z
  Time since last request: 0.0010286 seconds.
  importAddress: GUID: 9760d42d879454ce0886ce38f9cc79c9 - Path: Packages/com.unity.visualscripting/Runtime/VisualScripting.Flow/Framework/Math/Vector4/Vector4Average.cs - Importer: ScriptedImporter/UnityEditor.QuickSearchModule:UnityEditor.Search:ASIAI0B
Importing 'GUID: 9760d42d879454ce0886ce38f9cc79c9 - Path: Packages/com.unity.visualscripting/Runtime/VisualScripting.Flow/Framework/Math/Vector4/Vector4Average.cs - Importer: ScriptedImporter/UnityEditor.QuickSearchModule:UnityEditor.Search:ASIAI0B' with importer (ScriptedImporter : UnityEditor.QuickSearchModule:UnityEditor.Search:ASIAI0B)
Imported 'GUID: 9760d42d879454ce0886ce38f9cc79c9' -> (Import Result ID: 'c1e308aad204dab677a3e0b8b27f52ce') in 0.005 seconds [static and dynamic dependencies]. Details - ImportResultOutputID=913ac5f6ef8b7d61dc45ebfe7d8bc045 DependenciesID=36f484bee690f14e9d1a34e1477173b9 StaticDependenciesID=0cfb6b4ac6faa5d1b8a9160c3f7b832b 
Number of updated asset objects reloaded before import = 0
Number of asset objects unloaded after import = 0
========================================================================
Received Import Request.
  Time of request: 2026-06-22T05:06:17.8031016Z
  Time since last request: 0.0004158 seconds.
  importAddress: GUID: b75d75781afcb46889036e9bb5e6f13b - Path: Packages/com.unity.visualscripting/Runtime/VisualScripting.Flow/Framework/Variables/Obsolete/SetSavedVariable.cs - Importer: ScriptedImporter/UnityEditor.QuickSearchModule:UnityEditor.Search:ASIAI0B
Importing 'GUID: b75d75781afcb46889036e9bb5e6f13b - Path: Packages/com.unity.visualscripting/Runtime/VisualScripting.Flow/Framework/Variables/Obsolete/SetSavedVariable.cs - Importer: ScriptedImporter/UnityEditor.QuickSearchModule:UnityEditor.Search:ASIAI0B' with importer (ScriptedImporter : UnityEditor.QuickSearchModule:UnityEditor.Search:ASIAI0B)
Imported 'GUID: b75d75781afcb46889036e9bb5e6f13b' -> (Import Result ID: 'b2c60c8d8e52068d8a07e6ea6f20f0bb') in 0.004 seconds [static and dynamic dependencies]. Details - ImportResultOutputID=481b52ce7e2872d18ba4e9d223e26d30 DependenciesID=87df8704d54d4706ce4cce368ff82a00 StaticDependenciesID=022a29abaab5eeb20b8116624bcd5119 
Number of updated asset objects reloaded before import = 0
Number of asset objects unloaded after import = 0
========================================================================
Received Import Request.
  Time of request: 2026-06-22T05:06:17.8202051Z
  Time since last request: 0.0131316 seconds.
  importAddress: GUID: 3e99141cd5dbef844a4338bb87930b89 - Path: Packages/com.unity.timeline/Runtime/TimelineAttributes.cs - Importer: ScriptedImporter/UnityEditor.QuickSearchModule:UnityEditor.Search:ASIAI0B
Importing 'GUID: 3e99141cd5dbef844a4338bb87930b89 - Path: Packages/com.unity.timeline/Runtime/TimelineAttributes.cs - Importer: ScriptedImporter/UnityEditor.QuickSearchModule:UnityEditor.Search:ASIAI0B' with importer (ScriptedImporter : UnityEditor.QuickSearchModule:UnityEditor.Search:ASIAI0B)
Imported 'GUID: 3e99141cd5dbef844a4338bb87930b89' -> (Import Result ID: '5ef9667f023d197fd309140baab29c0f') in 0.004 seconds [static and dynamic dependencies]. Details - ImportResultOutputID=4361fe553517ef005e3318f5d7940062 DependenciesID=4aff2b87c4bd432c58c889baa218bf5d StaticDependenciesID=04e92d0c73a0058bc1fb95d0a9cc32cc 
Number of updated asset objects reloaded before import = 0
Number of asset objects unloaded after import = 0
========================================================================
Received Import Request.
  Time of request: 2026-06-22T05:06:17.826134Z
  Time since last request: 0.0013393 seconds.
  importAddress: GUID: 9e2b7a65f0a52974193ed497d145b0bc - Path: Packages/com.unity.timeline/Editor/CurveEditUtility.cs - Importer: ScriptedImporter/UnityEditor.QuickSearchModule:UnityEditor.Search:ASIAI0B
Importing 'GUID: 9e2b7a65f0a52974193ed497d145b0bc - Path: Packages/com.unity.timeline/Editor/CurveEditUtility.cs - Importer: ScriptedImporter/UnityEditor.QuickSearchModule:UnityEditor.Search:ASIAI0B' with importer (ScriptedImporter : UnityEditor.QuickSearchModule:UnityEditor.Search:ASIAI0B)
Imported 'GUID: 9e2b7a65f0a52974193ed497d145b0bc' -> (Import Result ID: '2b45bc42ce8dc336ebc6f1b96a110ca2') in 0.004 seconds [static and dynamic dependencies]. Details - ImportResultOutputID=bc997a4c12d38af5c6963b88f11fd731 DependenciesID=6c95922d15cf5d4a351ddeb1f27a496b StaticDependenciesID=8b533949e4a7646a6f3a3292bef458eb 
Number of updated asset objects reloaded before import = 0
Number of asset objects unloaded after import = 0
========================================================================
Received Import Request.
  Time of request: 2026-06-22T05:06:17.8309247Z
  Time since last request: 0.0004666 seconds.
  importAddress: GUID: 73777638379e4182aab687f602c721a0 - Path: Packages/com.unity.timeline/Runtime/TimelinePlayable_Animation.cs - Importer: ScriptedImporter/UnityEditor.QuickSearchModule:UnityEditor.Search:ASIAI0B
Importing 'GUID: 73777638379e4182aab687f602c721a0 - Path: Packages/com.unity.timeline/Runtime/TimelinePlayable_Animation.cs - Importer: ScriptedImporter/UnityEditor.QuickSearchModule:UnityEditor.Search:ASIAI0B' with importer (ScriptedImporter : UnityEditor.QuickSearchModule:UnityEditor.Search:ASIAI0B)
Imported 'GUID: 73777638379e4182aab687f602c721a0' -> (Import Result ID: '13e5388b422189f25e3e6b67712fb48b') in 0.004 seconds [static and dynamic dependencies]. Details - ImportResultOutputID=460076121abf0ae2e2411b494b1314f1 DependenciesID=55a4cb5bec5344ce20228b0a5d6caa64 StaticDependenciesID=a923c0395048e0efcf4c2d21b7715914 
Number of updated asset objects reloaded before import = 0
Number of asset objects unloaded after import = 0
========================================================================
Received Import Request.
  Time of request: 2026-06-22T05:06:17.83568Z
  Time since last request: 0.0003362 seconds.
  importAddress: GUID: 512ac45650d443f3be59379c2ecbf068 - Path: Packages/com.unity.timeline/Editor/Actions/IMenuName.cs - Importer: ScriptedImporter/UnityEditor.QuickSearchModule:UnityEditor.Search:ASIAI0B
Importing 'GUID: 512ac45650d443f3be59379c2ecbf068 - Path: Packages/com.unity.timeline/Editor/Actions/IMenuName.cs - Importer: ScriptedImporter/UnityEditor.QuickSearchModule:UnityEditor.Search:ASIAI0B' with importer (ScriptedImporter : UnityEditor.QuickSearchModule:UnityEditor.Search:ASIAI0B)
Imported 'GUID: 512ac45650d443f3be59379c2ecbf068' -> (Import Result ID: 'a10fecb59185d7bb8af14e904c4fbaa6') in 0.004 seconds [static and dynamic dependencies]. Details - ImportResultOutputID=22c9172d34c70343fc522c77b05cdad1 DependenciesID=d006a052407eb19dbfdbd034037695f4 StaticDependenciesID=ba67fb19e0274373560c73c3969fadd0 
Number of updated asset objects reloaded before import = 0
Number of asset objects unloaded after import = 0
========================================================================
Received Import Request.
  Time of request: 2026-06-22T05:06:17.8403207Z
  Time since last request: 0.0004121 seconds.
  importAddress: GUID: 6cd9f16fc29247c8af731c6b3b0a990f - Path: Packages/com.unity.timeline/DocCodeExamples/TimelineEditorExamples.cs - Importer: ScriptedImporter/UnityEditor.QuickSearchModule:UnityEditor.Search:ASIAI0B
Importing 'GUID: 6cd9f16fc29247c8af731c6b3b0a990f - Path: Packages/com.unity.timeline/DocCodeExamples/TimelineEditorExamples.cs - Importer: ScriptedImporter/UnityEditor.QuickSearchModule:UnityEditor.Search:ASIAI0B' with importer (ScriptedImporter : UnityEditor.QuickSearchModule:UnityEditor.Search:ASIAI0B)
Imported 'GUID: 6cd9f16fc29247c8af731c6b3b0a990f' -> (Import Result ID: '70fe2f35e5f8aea9974049e35fecd88d') in 0.005 seconds [static and dynamic dependencies]. Details - ImportResultOutputID=6a183156e39f5edc533d3c8e8f1dcc5e DependenciesID=4222bccb8474c49fc220688ef805af63 StaticDependenciesID=a5a2f96ff47336b7a4bf395e83eeee4f 
Number of updated asset objects reloaded before import = 0
Number of asset objects unloaded after import = 0
========================================================================
Received Import Request.
  Time of request: 2026-06-22T05:06:17.8461708Z
  Time since last request: 0.0004608 seconds.
  importAddress: GUID: e2fcd03f719148d192d0c26cfff47b3c - Path: Packages/com.unity.timeline/Runtime/CurveEditUtility.cs - Importer: ScriptedImporter/UnityEditor.QuickSearchModule:UnityEditor.Search:ASIAI0B
Importing 'GUID: e2fcd03f719148d192d0c26cfff47b3c - Path: Packages/com.unity.timeline/Runtime/CurveEditUtility.cs - Importer: ScriptedImporter/UnityEditor.QuickSearchModule:UnityEditor.Search:ASIAI0B' with importer (ScriptedImporter : UnityEditor.QuickSearchModule:UnityEditor.Search:ASIAI0B)
Imported 'GUID: e2fcd03f719148d192d0c26cfff47b3c' -> (Import Result ID: 'b510538b3e520ffde3f74ab591820f3f') in 0.005 seconds [static and dynamic dependencies]. Details - ImportResultOutputID=a31ce5434b3fc7495973129394e8aff3 DependenciesID=c0c0774dde82391a92e59bc6c6f3d8dd StaticDependenciesID=dcde8049048e957400a755ec9c29e1bd 
Number of updated asset objects reloaded before import = 0
Number of asset objects unloaded after import = 0
========================================================================
Received Import Request.
  Time of request: 2026-06-22T05:06:17.851958Z
  Time since last request: 0.0005504 seconds.
  importAddress: GUID: 22899211c24eeb248b22704499dd108f - Path: Packages/com.unity.timeline/Editor/Trackhead.cs - Importer: ScriptedImporter/UnityEditor.QuickSearchModule:UnityEditor.Search:ASIAI0B
Importing 'GUID: 22899211c24eeb248b22704499dd108f - Path: Packages/com.unity.timeline/Editor/Trackhead.cs - Importer: ScriptedImporter/UnityEditor.QuickSearchModule:UnityEditor.Search:ASIAI0B' with importer (ScriptedImporter : UnityEditor.QuickSearchModule:UnityEditor.Search:ASIAI0B)
Imported 'GUID: 22899211c24eeb248b22704499dd108f' -> (Import Result ID: 'def5d798aaf2c6812c6689591ce708fc') in 0.004 seconds [static and dynamic dependencies]. Details - ImportResultOutputID=baeaefa5ca78bb9527b91c31b75d1417 DependenciesID=c06e1d1c8c87903946f7f2b3d2de06e3 StaticDependenciesID=c6b9037959152462213641659f0e8cbc 
Number of updated asset objects reloaded before import = 0
Number of asset objects unloaded after import = 0
========================================================================
Received Import Request.
  Time of request: 2026-06-22T05:06:17.8577246Z
  Time since last request: 0.0012244 seconds.
  importAddress: GUID: c35a186b967e6a24d9d844d412fe08a3 - Path: Packages/com.unity.timeline/Editor/Shortcuts.cs - Importer: ScriptedImporter/UnityEditor.QuickSearchModule:UnityEditor.Search:ASIAI0B
Importing 'GUID: c35a186b967e6a24d9d844d412fe08a3 - Path: Packages/com.unity.timeline/Editor/Shortcuts.cs - Importer: ScriptedImporter/UnityEditor.QuickSearchModule:UnityEditor.Search:ASIAI0B' with importer (ScriptedImporter : UnityEditor.QuickSearchModule:UnityEditor.Search:ASIAI0B)
Imported 'GUID: c35a186b967e6a24d9d844d412fe08a3' -> (Import Result ID: '1a3fdaeeef2d445b8e234171092d96d5') in 0.005 seconds [static and dynamic dependencies]. Details - ImportResultOutputID=3934d8199815ece7793d7058dd758033 DependenciesID=1dc24a36f09cd9f833e60a09a36f6906 StaticDependenciesID=51e6a719117a5e606d9866e647c05f25 
Number of updated asset objects reloaded before import = 0
Number of asset objects unloaded after import = 0
========================================================================
Received Import Request.
  Time of request: 2026-06-22T05:06:17.8637391Z
  Time since last request: 0.0005601 seconds.
  importAddress: GUID: 07a967d2fca95324f8922df8394a5655 - Path: Packages/com.unity.timeline/Editor/Animation/AnimationClipCurveCache.cs - Importer: ScriptedImporter/UnityEditor.QuickSearchModule:UnityEditor.Search:ASIAI0B
Importing 'GUID: 07a967d2fca95324f8922df8394a5655 - Path: Packages/com.unity.timeline/Editor/Animation/AnimationClipCurveCache.cs - Importer: ScriptedImporter/UnityEditor.QuickSearchModule:UnityEditor.Search:ASIAI0B' with importer (ScriptedImporter : UnityEditor.QuickSearchModule:UnityEditor.Search:ASIAI0B)
Imported 'GUID: 07a967d2fca95324f8922df8394a5655' -> (Import Result ID: 'e739ef4c155d7d37170f6f6eea0fbfe5') in 0.005 seconds [static and dynamic dependencies]. Details - ImportResultOutputID=d9b9f26d82f5748c36213c1f225c0157 DependenciesID=6f8589a68aac8e5d0905f996bbc65f84 StaticDependenciesID=9b05c665196fe409ce1bd75f9a0a9ddd 
Number of updated asset objects reloaded before import = 0
Number of asset objects unloaded after import = 0
========================================================================
Received Import Request.
  Time of request: 2026-06-22T05:06:17.8691178Z
  Time since last request: 0.0004706 seconds.
  importAddress: GUID: 5a7f0d89a47f18c41b6ddf60dfae1bde - Path: Packages/com.unity.timeline/Editor/TimelineHelpers.cs - Importer: ScriptedImporter/UnityEditor.QuickSearchModule:UnityEditor.Search:ASIAI0B
Importing 'GUID: 5a7f0d89a47f18c41b6ddf60dfae1bde - Path: Packages/com.unity.timeline/Editor/TimelineHelpers.cs - Importer: ScriptedImporter/UnityEditor.QuickSearchModule:UnityEditor.Search:ASIAI0B' with importer (ScriptedImporter : UnityEditor.QuickSearchModule:UnityEditor.Search:ASIAI0B)
Imported 'GUID: 5a7f0d89a47f18c41b6ddf60dfae1bde' -> (Import Result ID: 'cc9e25e0d58d96cbecdaa1e3b6fae3f7') in 0.005 seconds [static and dynamic dependencies]. Details - ImportResultOutputID=ba9a046ea75b0232692fad34dcc7e0ce DependenciesID=7be49c3b496d55b45ba73ffe9e0feb9b StaticDependenciesID=86a8dde90728ef929575e659ea0d5468 
Number of updated asset objects reloaded before import = 0
Number of asset objects unloaded after import = 0
========================================================================
Received Import Request.
  Time of request: 2026-06-22T05:06:17.8744245Z
  Time since last request: 0.0004733 seconds.
  importAddress: GUID: 7116e04a377b195458798657c617e324 - Path: Packages/com.unity.timeline/Editor/DirectorNamedColor.cs - Importer: ScriptedImporter/UnityEditor.QuickSearchModule:UnityEditor.Search:ASIAI0B
Importing 'GUID: 7116e04a377b195458798657c617e324 - Path: Packages/com.unity.timeline/Editor/DirectorNamedColor.cs - Importer: ScriptedImporter/UnityEditor.QuickSearchModule:UnityEditor.Search:ASIAI0B' with importer (ScriptedImporter : UnityEditor.QuickSearchModule:UnityEditor.Search:ASIAI0B)
Imported 'GUID: 7116e04a377b195458798657c617e324' -> (Import Result ID: 'ba4125b506b32c3c196862a08ab25132') in 0.006 seconds [static and dynamic dependencies]. Details - ImportResultOutputID=4160bf0a044d429cb870ad5c7fdedee6 DependenciesID=18a5b44714b5e72bd4a4fe1a2a9ebd4c StaticDependenciesID=014ab075319a5148857fcffb28347ec9 
Number of updated asset objects reloaded before import = 0
Number of asset objects unloaded after import = 0
========================================================================
Received Import Request.
  Time of request: 2026-06-22T05:06:17.8812018Z
  Time since last request: 0.0003924 seconds.
  importAddress: GUID: 8c67d9fafab224c399c8eb76e0620f99 - Path: Packages/com.unity.timeline/ValidationExceptions.json - Importer: ScriptedImporter/UnityEditor.QuickSearchModule:UnityEditor.Search:ASIAI0B
Importing 'GUID: 8c67d9fafab224c399c8eb76e0620f99 - Path: Packages/com.unity.timeline/ValidationExceptions.json - Importer: ScriptedImporter/UnityEditor.QuickSearchModule:UnityEditor.Search:ASIAI0B' with importer (ScriptedImporter : UnityEditor.QuickSearchModule:UnityEditor.Search:ASIAI0B)
Imported 'GUID: 8c67d9fafab224c399c8eb76e0620f99' -> (Import Result ID: '6a7095c2fec82e9a2d4144b320df9440') in 0.004 seconds [static and dynamic dependencies]. Details - ImportResultOutputID=ea3a10a0ab70d5c36ce22352dd979952 DependenciesID=8680f8ac7c05340bab6114efaaed9d1e StaticDependenciesID=fe000de6c40b9dcb1c0fed81e54d44fb 
Number of updated asset objects reloaded before import = 0
Number of asset objects unloaded after import = 1
========================================================================
Received Import Request.
  Time of request: 2026-06-22T05:06:17.9066514Z
  Time since last request: 0.0206834 seconds.
  importAddress: GUID: 9685354eb873b8d4699078b307b0f260 - Path: Packages/com.unity.timeline/Editor/Animation/TimelineAnimationUtilities.cs - Importer: ScriptedImporter/UnityEditor.QuickSearchModule:UnityEditor.Search:ASIAI0B
Importing 'GUID: 9685354eb873b8d4699078b307b0f260 - Path: Packages/com.unity.timeline/Editor/Animation/TimelineAnimationUtilities.cs - Importer: ScriptedImporter/UnityEditor.QuickSearchModule:UnityEditor.Search:ASIAI0B' with importer (ScriptedImporter : UnityEditor.QuickSearchModule:UnityEditor.Search:ASIAI0B)
Imported 'GUID: 9685354eb873b8d4699078b307b0f260' -> (Import Result ID: '2289b8c55e9e0c9f4a6e976a4b80d869') in 0.005 seconds [static and dynamic dependencies]. Details - ImportResultOutputID=73378d52327c756f0f90b80e84544d4a DependenciesID=2f67ee1b0ac85e621663a42697b04ed4 StaticDependenciesID=d2720d8139ad5d1ba0346c7bcde1c111 
Number of updated asset objects reloaded before import = 0
Number of asset objects unloaded after import = 0
========================================================================
Received Import Request.
  Time of request: 2026-06-22T05:06:17.9127913Z
  Time since last request: 0.0008978 seconds.
  importAddress: GUID: e00a5dea786950546a21b0e2d817e466 - Path: Packages/com.unity.timeline/Editor/inspectors/TimelineAssetInspector.cs - Importer: ScriptedImporter/UnityEditor.QuickSearchModule:UnityEditor.Search:ASIAI0B
Importing 'GUID: e00a5dea786950546a21b0e2d817e466 - Path: Packages/com.unity.timeline/Editor/inspectors/TimelineAssetInspector.cs - Importer: ScriptedImporter/UnityEditor.QuickSearchModule:UnityEditor.Search:ASIAI0B' with importer (ScriptedImporter : UnityEditor.QuickSearchModule:UnityEditor.Search:ASIAI0B)
Imported 'GUID: e00a5dea786950546a21b0e2d817e466' -> (Import Result ID: '275826bab51bc8078f74c9bd6baa46a1') in 0.005 seconds [static and dynamic dependencies]. Details - ImportResultOutputID=57c8890c4b43f2ac5fabb2983cc25f98 DependenciesID=123a37e1250fdebb25cbda2377eb854d StaticDependenciesID=d16b498bdd41b0d015fc8ef12a8cfc10 
Number of updated asset objects reloaded before import = 0
Number of asset objects unloaded after import = 0
========================================================================
Received Import Request.
  Time of request: 2026-06-22T05:06:17.9186354Z
  Time since last request: 0.0005545 seconds.
  importAddress: GUID: 647e1bbd3809b30459d946b4a1ddf22b - Path: Packages/com.unity.timeline/Editor/Items/ItemsPerTrack.cs - Importer: ScriptedImporter/UnityEditor.QuickSearchModule:UnityEditor.Search:ASIAI0B
Importing 'GUID: 647e1bbd3809b30459d946b4a1ddf22b - Path: Packages/com.unity.timeline/Editor/Items/ItemsPerTrack.cs - Importer: ScriptedImporter/UnityEditor.QuickSearchModule:UnityEditor.Search:ASIAI0B' with importer (ScriptedImporter : UnityEditor.QuickSearchModule:UnityEditor.Search:ASIAI0B)
Imported 'GUID: 647e1bbd3809b30459d946b4a1ddf22b' -> (Import Result ID: '0fa09e30bd1d260d93802d749f3ed94f') in 0.004 seconds [static and dynamic dependencies]. Details - ImportResultOutputID=54b3e164b7638b75e29a51a9c3a05f2d DependenciesID=80bcadd7edabea5517fb72fd597eecec StaticDependenciesID=52efce582a797d3911fd04b02e529a28 
Number of updated asset objects reloaded before import = 0
Number of asset objects unloaded after import = 0
========================================================================
Received Import Request.
  Time of request: 2026-06-22T05:06:17.9236865Z
  Time since last request: 0.0005784 seconds.
  importAddress: GUID: f7fed0d9d0f7a7f41a8525aa79e790b1 - Path: Packages/com.unity.timeline/Editor/Animation/AnimationPlayableAssetEditor.cs - Importer: ScriptedImporter/UnityEditor.QuickSearchModule:UnityEditor.Search:ASIAI0B
Importing 'GUID: f7fed0d9d0f7a7f41a8525aa79e790b1 - Path: Packages/com.unity.timeline/Editor/Animation/AnimationPlayableAssetEditor.cs - Importer: ScriptedImporter/UnityEditor.QuickSearchModule:UnityEditor.Search:ASIAI0B' with importer (ScriptedImporter : UnityEditor.QuickSearchModule:UnityEditor.Search:ASIAI0B)
Imported 'GUID: f7fed0d9d0f7a7f41a8525aa79e790b1' -> (Import Result ID: '231d6546c2245841f5d211a30e1850c9') in 0.004 seconds [static and dynamic dependencies]. Details - ImportResultOutputID=8e1356fa239ec7d0211dfe7c8152f64f DependenciesID=f12d07ff8dda849e9c7c56e050bc02e0 StaticDependenciesID=2c586fade5bcc439d054e1c43f3a791f 
Number of updated asset objects reloaded before import = 0
Number of asset objects unloaded after import = 0
========================================================================
Received Import Request.
  Time of request: 2026-06-22T05:06:17.928877Z
  Time since last request: 0.0004123 seconds.
  importAddress: GUID: 02e1fe0a338b35545a5fed1345848332 - Path: Packages/com.unity.timeline/Editor/Manipulators/TimeAreaAutoPanner.cs - Importer: ScriptedImporter/UnityEditor.QuickSearchModule:UnityEditor.Search:ASIAI0B
Importing 'GUID: 02e1fe0a338b35545a5fed1345848332 - Path: Packages/com.unity.timeline/Editor/Manipulators/TimeAreaAutoPanner.cs - Importer: ScriptedImporter/UnityEditor.QuickSearchModule:UnityEditor.Search:ASIAI0B' with importer (ScriptedImporter : UnityEditor.QuickSearchModule:UnityEditor.Search:ASIAI0B)
Imported 'GUID: 02e1fe0a338b35545a5fed1345848332' -> (Import Result ID: 'd836570f295d94c36e6cf6d85baae650') in 0.004 seconds [static and dynamic dependencies]. Details - ImportResultOutputID=b5ffb40d6a2ca0f382c2d09da1109930 DependenciesID=3677ffc05395f6a88729db05f9436612 StaticDependenciesID=00a6fce16c621ffefaea2713079d486f 
Number of updated asset objects reloaded before import = 0
Number of asset objects unloaded after import = 0
========================================================================
Received Import Request.
  Time of request: 2026-06-22T05:06:17.9338556Z
  Time since last request: 0.0004235 seconds.
  importAddress: GUID: 5a31542ccf4e8584ca4f60843e9d02d0 - Path: Packages/com.unity.timeline/Editor/Extensions/AnimationTrackExtensions.cs - Importer: ScriptedImporter/UnityEditor.QuickSearchModule:UnityEditor.Search:ASIAI0B
Importing 'GUID: 5a31542ccf4e8584ca4f60843e9d02d0 - Path: Packages/com.unity.timeline/Editor/Extensions/AnimationTrackExtensions.cs - Importer: ScriptedImporter/UnityEditor.QuickSearchModule:UnityEditor.Search:ASIAI0B' with importer (ScriptedImporter : UnityEditor.QuickSearchModule:UnityEditor.Search:ASIAI0B)
Imported 'GUID: 5a31542ccf4e8584ca4f60843e9d02d0' -> (Import Result ID: 'de4f4cdd081583f30b8f2a768aaa3d35') in 0.005 seconds [static and dynamic dependencies]. Details - ImportResultOutputID=ee3807c5555081fdc3a9968f5c26c277 DependenciesID=bb8cd0c3096b7e5af1dde8687076d2e6 StaticDependenciesID=cde91cd92ed07c5e430ab182056e57e1 
Number of updated asset objects reloaded before import = 0
Number of asset objects unloaded after import = 0
========================================================================
Received Import Request.
  Time of request: 2026-06-22T05:06:17.9396888Z
  Time since last request: 0.0004685 seconds.
  importAddress: GUID: 8795e0dd0041d2f44b1fe1959fc9fb53 - Path: Packages/com.unity.timeline/Editor/inspectors/TrackAssetInspector.cs - Importer: ScriptedImporter/UnityEditor.QuickSearchModule:UnityEditor.Search:ASIAI0B
Importing 'GUID: 8795e0dd0041d2f44b1fe1959fc9fb53 - Path: Packages/com.unity.timeline/Editor/inspectors/TrackAssetInspector.cs - Importer: ScriptedImporter/UnityEditor.QuickSearchModule:UnityEditor.Search:ASIAI0B' with importer (ScriptedImporter : UnityEditor.QuickSearchModule:UnityEditor.Search:ASIAI0B)
Imported 'GUID: 8795e0dd0041d2f44b1fe1959fc9fb53' -> (Import Result ID: '2b5d61bc673dd9bcf0a462d30c9a31e8') in 0.005 seconds [static and dynamic dependencies]. Details - ImportResultOutputID=fb1a503b9c7b0e648269a887a7c787b2 DependenciesID=7d0903c8e8cb7ff47e3c2a412bb762e2 StaticDependenciesID=6eac9b597dd60424f9b25bd187fcfb63 
Number of updated asset objects reloaded before import = 0
Number of asset objects unloaded after import = 0
========================================================================
Received Import Request.
  Time of request: 2026-06-22T05:06:17.9453419Z
  Time since last request: 0.0005005 seconds.
  importAddress: GUID: 3a784fb721704576b3b4c3a7f3324264 - Path: Packages/com.unity.timeline/Editor/Attributes/ActiveInModeAttribute.cs - Importer: ScriptedImporter/UnityEditor.QuickSearchModule:UnityEditor.Search:ASIAI0B
Importing 'GUID: 3a784fb721704576b3b4c3a7f3324264 - Path: Packages/com.unity.timeline/Editor/Attributes/ActiveInModeAttribute.cs - Importer: ScriptedImporter/UnityEditor.QuickSearchModule:UnityEditor.Search:ASIAI0B' with importer (ScriptedImporter : UnityEditor.QuickSearchModule:UnityEditor.Search:ASIAI0B)
Imported 'GUID: 3a784fb721704576b3b4c3a7f3324264' -> (Import Result ID: '53acf7286db1d227dae8e87749cdc48e') in 0.005 seconds [static and dynamic dependencies]. Details - ImportResultOutputID=b968e4b18e25cb2c9e067b4a9c7da50f DependenciesID=9ca37f17097732a9f08f0da9ab4fde92 StaticDependenciesID=902a7a8100051575946f9d225b3c90a5 
Number of updated asset objects reloaded before import = 0
Number of asset objects unloaded after import = 0
========================================================================
Received Import Request.
  Time of request: 2026-06-22T05:06:17.950874Z
  Time since last request: 0.0004167 seconds.
  importAddress: GUID: 7d3aa106cfe752241997b3759bf80163 - Path: Packages/com.unity.timeline/Editor/Extensions/AnimatedParameterExtensions.cs - Importer: ScriptedImporter/UnityEditor.QuickSearchModule:UnityEditor.Search:ASIAI0B
Importing 'GUID: 7d3aa106cfe752241997b3759bf80163 - Path: Packages/com.unity.timeline/Editor/Extensions/AnimatedParameterExtensions.cs - Importer: ScriptedImporter/UnityEditor.QuickSearchModule:UnityEditor.Search:ASIAI0B' with importer (ScriptedImporter : UnityEditor.QuickSearchModule:UnityEditor.Search:ASIAI0B)
Imported 'GUID: 7d3aa106cfe752241997b3759bf80163' -> (Import Result ID: '4b816a608b8d2eee39c5122460164b0c') in 0.005 seconds [static and dynamic dependencies]. Details - ImportResultOutputID=9d64f04470fa54d7fb7f124ee746d320 DependenciesID=58064beede00d0be1d3baab11f58c542 StaticDependenciesID=0520ab3028e164f4c02e628068cc6d19 
Number of updated asset objects reloaded before import = 0
Number of asset objects unloaded after import = 0
========================================================================
Received Import Request.
  Time of request: 2026-06-22T05:06:17.9563933Z
  Time since last request: 0.0005953 seconds.
  importAddress: GUID: 1ec4b8ec4b34f4344bac53c19288eaa2 - Path: Packages/com.unity.timeline/Editor/Items/ItemsGroup.cs - Importer: ScriptedImporter/UnityEditor.QuickSearchModule:UnityEditor.Search:ASIAI0B
Importing 'GUID: 1ec4b8ec4b34f4344bac53c19288eaa2 - Path: Packages/com.unity.timeline/Editor/Items/ItemsGroup.cs - Importer: ScriptedImporter/UnityEditor.QuickSearchModule:UnityEditor.Search:ASIAI0B' with importer (ScriptedImporter : UnityEditor.QuickSearchModule:UnityEditor.Search:ASIAI0B)
Imported 'GUID: 1ec4b8ec4b34f4344bac53c19288eaa2' -> (Import Result ID: 'cfec3888d9a71a1db1688bf449253408') in 0.005 seconds [static and dynamic dependencies]. Details - ImportResultOutputID=cac88564cbade0a60ee329875f54c49e DependenciesID=27d7651562a6a479b5b0f88e053237fd StaticDependenciesID=c6b520723ce8a16debbb476b4fd94316 
Number of updated asset objects reloaded before import = 0
Number of asset objects unloaded after import = 0
========================================================================
Received Import Request.
  Time of request: 2026-06-22T05:06:17.9626863Z
  Time since last request: 0.0007222 seconds.
  importAddress: GUID: 452534715106564439d2240d82999d88 - Path: Packages/com.unity.timeline/Editor/Items/MarkerItem.cs - Importer: ScriptedImporter/UnityEditor.QuickSearchModule:UnityEditor.Search:ASIAI0B
Importing 'GUID: 452534715106564439d2240d82999d88 - Path: Packages/com.unity.timeline/Editor/Items/MarkerItem.cs - Importer: ScriptedImporter/UnityEditor.QuickSearchModule:UnityEditor.Search:ASIAI0B' with importer (ScriptedImporter : UnityEditor.QuickSearchModule:UnityEditor.Search:ASIAI0B)
Imported 'GUID: 452534715106564439d2240d82999d88' -> (Import Result ID: 'f925681b5b2eae0659b0d5906e74d33b') in 0.005 seconds [static and dynamic dependencies]. Details - ImportResultOutputID=21a3ba305c5482a5d2c2396b49e0b325 DependenciesID=171461b222798e8d00e7827b5ffd3637 StaticDependenciesID=42140ca240ae30376af2aa2b7d4d91fd 
Number of updated asset objects reloaded before import = 0
Number of asset objects unloaded after import = 0
========================================================================
Received Import Request.
  Time of request: 2026-06-22T05:06:17.9689357Z
  Time since last request: 0.0009661 seconds.
  importAddress: GUID: 844873d1afe1c3142ab922324950e1dd - Path: Packages/com.unity.timeline/Editor/CustomEditors/MarkerTrackEditor.cs - Importer: ScriptedImporter/UnityEditor.QuickSearchModule:UnityEditor.Search:ASIAI0B
Importing 'GUID: 844873d1afe1c3142ab922324950e1dd - Path: Packages/com.unity.timeline/Editor/CustomEditors/MarkerTrackEditor.cs - Importer: ScriptedImporter/UnityEditor.QuickSearchModule:UnityEditor.Search:ASIAI0B' with importer (ScriptedImporter : UnityEditor.QuickSearchModule:UnityEditor.Search:ASIAI0B)
Imported 'GUID: 844873d1afe1c3142ab922324950e1dd' -> (Import Result ID: '7061462bfc6b7bb4f2297481ae281987') in 0.005 seconds [static and dynamic dependencies]. Details - ImportResultOutputID=dcd43479d2360dc038174585164422be DependenciesID=d473af3078d175313a2aad493776d627 StaticDependenciesID=0088427f7a0ea4364f106012e7e99f05 
Number of updated asset objects reloaded before import = 0
Number of asset objects unloaded after import = 0
========================================================================
Received Import Request.
  Time of request: 2026-06-22T05:06:17.9747696Z
  Time since last request: 0.0005483 seconds.
  importAddress: GUID: a287be6c49135cd4f9b2b8666c39d999 - Path: Packages/com.unity.timeline/Editor/inspectors/TimelineProjectSettings.cs - Importer: ScriptedImporter/UnityEditor.QuickSearchModule:UnityEditor.Search:ASIAI0B
Importing 'GUID: a287be6c49135cd4f9b2b8666c39d999 - Path: Packages/com.unity.timeline/Editor/inspectors/TimelineProjectSettings.cs - Importer: ScriptedImporter/UnityEditor.QuickSearchModule:UnityEditor.Search:ASIAI0B' with importer (ScriptedImporter : UnityEditor.QuickSearchModule:UnityEditor.Search:ASIAI0B)
Imported 'GUID: a287be6c49135cd4f9b2b8666c39d999' -> (Import Result ID: '4ce82d99d3825cc0a5156fb59694b509') in 0.005 seconds [static and dynamic dependencies]. Details - ImportResultOutputID=5b0a93fffaa161960b339e2fb0d8b576 DependenciesID=b73de1fd23ecccd0296b05719d920669 StaticDependenciesID=2d8c475b18353c0b21e71863ed6cccf3 
Number of updated asset objects reloaded before import = 0
Number of asset objects unloaded after import = 0
========================================================================
Received Import Request.
  Time of request: 2026-06-22T05:06:17.9913561Z
  Time since last request: 0.0111919 seconds.
  importAddress: GUID: e1e957d39ca70834f9212a1289b6a0d5 - Path: Packages/com.unity.timeline/Editor/Utilities/CustomTrackDrawerAttribute.cs - Importer: ScriptedImporter/UnityEditor.QuickSearchModule:UnityEditor.Search:ASIAI0B
Importing 'GUID: e1e957d39ca70834f9212a1289b6a0d5 - Path: Packages/com.unity.timeline/Editor/Utilities/CustomTrackDrawerAttribute.cs - Importer: ScriptedImporter/UnityEditor.QuickSearchModule:UnityEditor.Search:ASIAI0B' with importer (ScriptedImporter : UnityEditor.QuickSearchModule:UnityEditor.Search:ASIAI0B)
Imported 'GUID: e1e957d39ca70834f9212a1289b6a0d5' -> (Import Result ID: '07a91a1baf66b40658bbf0cfaa168b1a') in 0.004 seconds [static and dynamic dependencies]. Details - ImportResultOutputID=c225a6d56e0ae3db634fd9aeb7aa5cbd DependenciesID=6e56ef9483f093e9ec3309e5551ac063 StaticDependenciesID=5b8cc30625125da700b7746399ae1310 
Number of updated asset objects reloaded before import = 0
Number of asset objects unloaded after import = 0
========================================================================
Received Import Request.
  Time of request: 2026-06-22T05:06:17.9972457Z
  Time since last request: 0.0013186 seconds.
  importAddress: GUID: 4b57f909f22642d469a39e9628535312 - Path: Packages/com.unity.timeline/Editor/Utilities/KeyTraverser.cs - Importer: ScriptedImporter/UnityEditor.QuickSearchModule:UnityEditor.Search:ASIAI0B
Importing 'GUID: 4b57f909f22642d469a39e9628535312 - Path: Packages/com.unity.timeline/Editor/Utilities/KeyTraverser.cs - Importer: ScriptedImporter/UnityEditor.QuickSearchModule:UnityEditor.Search:ASIAI0B' with importer (ScriptedImporter : UnityEditor.QuickSearchModule:UnityEditor.Search:ASIAI0B)
Imported 'GUID: 4b57f909f22642d469a39e9628535312' -> (Import Result ID: '01d0493584ae3665f44300a2ae2562e8') in 0.004 seconds [static and dynamic dependencies]. Details - ImportResultOutputID=47e22711896dca221160f82c66f32ee5 DependenciesID=54dc7ce73b1059eea329eaee634c0e3d StaticDependenciesID=2b72ee3b894e934783ecaa40310b9eee 
Number of updated asset objects reloaded before import = 0
Number of asset objects unloaded after import = 0
========================================================================
Received Import Request.
  Time of request: 2026-06-22T05:06:18.0024408Z
  Time since last request: 0.0006681 seconds.
  importAddress: GUID: 5ecec8cdc3ff99e4a9c65635d7e6b043 - Path: Packages/com.unity.timeline/Editor/treeview/IRowGUI.cs - Importer: ScriptedImporter/UnityEditor.QuickSearchModule:UnityEditor.Search:ASIAI0B
Importing 'GUID: 5ecec8cdc3ff99e4a9c65635d7e6b043 - Path: Packages/com.unity.timeline/Editor/treeview/IRowGUI.cs - Importer: ScriptedImporter/UnityEditor.QuickSearchModule:UnityEditor.Search:ASIAI0B' with importer (ScriptedImporter : UnityEditor.QuickSearchModule:UnityEditor.Search:ASIAI0B)
Imported 'GUID: 5ecec8cdc3ff99e4a9c65635d7e6b043' -> (Import Result ID: 'f665ff65cc54c5e67cf7485ec9cf7cc7') in 0.004 seconds [static and dynamic dependencies]. Details - ImportResultOutputID=f03d3639a698d61977ae5f9050ebf7f8 DependenciesID=28f649bdec941af3982e49186bb819fc StaticDependenciesID=31855f7751907a833ea321d80a28a710 
Number of updated asset objects reloaded before import = 0
Number of asset objects unloaded after import = 0
========================================================================
Received Import Request.
  Time of request: 2026-06-22T05:06:18.0074232Z
  Time since last request: 0.0006567 seconds.
  importAddress: GUID: b46a1ab31b3043b88cc57df2167383ac - Path: Packages/com.unity.timeline/Editor/Undo/ApplyDefaultUndoAttribute.cs - Importer: ScriptedImporter/UnityEditor.QuickSearchModule:UnityEditor.Search:ASIAI0B
Importing 'GUID: b46a1ab31b3043b88cc57df2167383ac - Path: Packages/com.unity.timeline/Editor/Undo/ApplyDefaultUndoAttribute.cs - Importer: ScriptedImporter/UnityEditor.QuickSearchModule:UnityEditor.Search:ASIAI0B' with importer (ScriptedImporter : UnityEditor.QuickSearchModule:UnityEditor.Search:ASIAI0B)
Imported 'GUID: b46a1ab31b3043b88cc57df2167383ac' -> (Import Result ID: 'cfdf113d5914e651a087151236167e1d') in 0.004 seconds [static and dynamic dependencies]. Details - ImportResultOutputID=2afeec62e902dad510fa337c317ea7d2 DependenciesID=ee9658502252467b6cf6ef8f0a71666e StaticDependenciesID=53b3cb079df48c183a918a333de4a021 
Number of updated asset objects reloaded before import = 0
Number of asset objects unloaded after import = 0
========================================================================
Received Import Request.
  Time of request: 2026-06-22T05:06:18.0125863Z
  Time since last request: 0.0008996 seconds.
  importAddress: GUID: d31dfeaa131921f4eae00783cc48146f - Path: Packages/com.unity.timeline/Editor/Utilities/Range.cs - Importer: ScriptedImporter/UnityEditor.QuickSearchModule:UnityEditor.Search:ASIAI0B
Importing 'GUID: d31dfeaa131921f4eae00783cc48146f - Path: Packages/com.unity.timeline/Editor/Utilities/Range.cs - Importer: ScriptedImporter/UnityEditor.QuickSearchModule:UnityEditor.Search:ASIAI0B' with importer (ScriptedImporter : UnityEditor.QuickSearchModule:UnityEditor.Search:ASIAI0B)
Imported 'GUID: d31dfeaa131921f4eae00783cc48146f' -> (Import Result ID: '1c656864f4f436b6b89dc52dccf3bbb9') in 0.005 seconds [static and dynamic dependencies]. Details - ImportResultOutputID=d583df8d9fff2a8aeed9c4a2be500845 DependenciesID=4fc6229bd5cad912bc91e58346ed9efc StaticDependenciesID=5e78a4e2c454f80fba18a2ddca0b6446 
Number of updated asset objects reloaded before import = 0
Number of asset objects unloaded after import = 0
========================================================================
Received Import Request.
  Time of request: 2026-06-22T05:06:18.0181782Z
  Time since last request: 0.0005832 seconds.
  importAddress: GUID: 4545bb65ccebf8040ac212d5792979b5 - Path: Packages/com.unity.timeline/Editor/Utilities/Graphics.cs - Importer: ScriptedImporter/UnityEditor.QuickSearchModule:UnityEditor.Search:ASIAI0B
Importing 'GUID: 4545bb65ccebf8040ac212d5792979b5 - Path: Packages/com.unity.timeline/Editor/Utilities/Graphics.cs - Importer: ScriptedImporter/UnityEditor.QuickSearchModule:UnityEditor.Search:ASIAI0B' with importer (ScriptedImporter : UnityEditor.QuickSearchModule:UnityEditor.Search:ASIAI0B)
Imported 'GUID: 4545bb65ccebf8040ac212d5792979b5' -> (Import Result ID: 'cd2d93261cbbb473ad7a2a931060359e') in 0.006 seconds [static and dynamic dependencies]. Details - ImportResultOutputID=87eed7e5a906f7211fea4063cd0374d3 DependenciesID=47a4b28096cce64e91fd919e03f32ef3 StaticDependenciesID=446f1bf5ae79bdccb7c1002b74f77b0d 
Number of updated asset objects reloaded before import = 0
Number of asset objects unloaded after import = 0
========================================================================
Received Import Request.
  Time of request: 2026-06-22T05:06:18.0244768Z
  Time since last request: 0.0005412 seconds.
  importAddress: GUID: 1861286ba69badd439188a65bebf3cda - Path: Packages/com.unity.timeline/Editor/Utilities/SequenceSelectorNameFormater.cs - Importer: ScriptedImporter/UnityEditor.QuickSearchModule:UnityEditor.Search:ASIAI0B
Importing 'GUID: 1861286ba69badd439188a65bebf3cda - Path: Packages/com.unity.timeline/Editor/Utilities/SequenceSelectorNameFormater.cs - Importer: ScriptedImporter/UnityEditor.QuickSearchModule:UnityEditor.Search:ASIAI0B' with importer (ScriptedImporter : UnityEditor.QuickSearchModule:UnityEditor.Search:ASIAI0B)
Imported 'GUID: 1861286ba69badd439188a65bebf3cda' -> (Import Result ID: 'bd39b25cd5b7868933e2e79a54470ae4') in 0.004 seconds [static and dynamic dependencies]. Details - ImportResultOutputID=592384c8eea0260efde25a8e6e925e0f DependenciesID=5c2ef61c2937e1b083a0f39bf6816865 StaticDependenciesID=1d2f9421aab7ed840011d13ec9f0ca5f 
Number of updated asset objects reloaded before import = 0
Number of asset objects unloaded after import = 0
========================================================================
Received Import Request.
  Time of request: 2026-06-22T05:06:18.0296715Z
  Time since last request: 0.0005372 seconds.
  importAddress: GUID: 7fc2147e42d71644aad0eaf9a3526249 - Path: Packages/com.unity.timeline/Editor/Utilities/DisplayNameHelper.cs - Importer: ScriptedImporter/UnityEditor.QuickSearchModule:UnityEditor.Search:ASIAI0B
Importing 'GUID: 7fc2147e42d71644aad0eaf9a3526249 - Path: Packages/com.unity.timeline/Editor/Utilities/DisplayNameHelper.cs - Importer: ScriptedImporter/UnityEditor.QuickSearchModule:UnityEditor.Search:ASIAI0B' with importer (ScriptedImporter : UnityEditor.QuickSearchModule:UnityEditor.Search:ASIAI0B)
Imported 'GUID: 7fc2147e42d71644aad0eaf9a3526249' -> (Import Result ID: '22972db6d1881e3504448d11dccbfaeb') in 0.005 seconds [static and dynamic dependencies]. Details - ImportResultOutputID=9ddc3659561cf17fb23fc84392d416cd DependenciesID=5967f1c39cc2a261a4b306d7af28627d StaticDependenciesID=0de46b9dcd3a4438b64ff063b12bbabc 
Number of updated asset objects reloaded before import = 0
Number of asset objects unloaded after import = 0
========================================================================
Received Import Request.
  Time of request: 2026-06-22T05:06:18.0357239Z
  Time since last request: 0.0003785 seconds.
  importAddress: GUID: ef85e74dfd3749279eff9e7fbfbaf3f8 - Path: Packages/com.unity.timeline/Editor/Undo/UndoScope.cs - Importer: ScriptedImporter/UnityEditor.QuickSearchModule:UnityEditor.Search:ASIAI0B
Importing 'GUID: ef85e74dfd3749279eff9e7fbfbaf3f8 - Path: Packages/com.unity.timeline/Editor/Undo/UndoScope.cs - Importer: ScriptedImporter/UnityEditor.QuickSearchModule:UnityEditor.Search:ASIAI0B' with importer (ScriptedImporter : UnityEditor.QuickSearchModule:UnityEditor.Search:ASIAI0B)
Imported 'GUID: ef85e74dfd3749279eff9e7fbfbaf3f8' -> (Import Result ID: '9e225ee90c83f7e27377aea243ed9ecd') in 0.004 seconds [static and dynamic dependencies]. Details - ImportResultOutputID=7d8cd3565f47e956e8cd57913960cae2 DependenciesID=1e1e258c0f2d59cfd816b2ec7cc2ff20 StaticDependenciesID=77da1b408823efcdf76a29d68c36885a 
Number of updated asset objects reloaded before import = 0
Number of asset objects unloaded after import = 0
========================================================================
Received Import Request.
  Time of request: 2026-06-22T05:06:18.0404097Z
  Time since last request: 0.0003973 seconds.
  importAddress: GUID: 9805855c8e379ed4cad77f639aaddb73 - Path: Packages/com.unity.timeline/Editor/Recording/TimelineRecording_Monobehaviour.cs - Importer: ScriptedImporter/UnityEditor.QuickSearchModule:UnityEditor.Search:ASIAI0B
Importing 'GUID: 9805855c8e379ed4cad77f639aaddb73 - Path: Packages/com.unity.timeline/Editor/Recording/TimelineRecording_Monobehaviour.cs - Importer: ScriptedImporter/UnityEditor.QuickSearchModule:UnityEditor.Search:ASIAI0B' with importer (ScriptedImporter : UnityEditor.QuickSearchModule:UnityEditor.Search:ASIAI0B)
Imported 'GUID: 9805855c8e379ed4cad77f639aaddb73' -> (Import Result ID: 'c6d3688780439b00f582fb55b38a8ce9') in 0.005 seconds [static and dynamic dependencies]. Details - ImportResultOutputID=c574f6df3fd0c0dff4c53ab0cc998b5c DependenciesID=4a457b2af41d93195022cc719a18a0af StaticDependenciesID=b5fff0c2248f2f5bf476fa48b8b3dc1b 
Number of updated asset objects reloaded before import = 0
Number of asset objects unloaded after import = 0
========================================================================
Received Import Request.
  Time of request: 2026-06-22T05:06:18.0461254Z
  Time since last request: 0.0004755 seconds.
  importAddress: GUID: 6901fab4d5157ac48b9f263730387c03 - Path: Packages/com.unity.timeline/Editor/State/SequenceHierarchy.cs - Importer: ScriptedImporter/UnityEditor.QuickSearchModule:UnityEditor.Search:ASIAI0B
Importing 'GUID: 6901fab4d5157ac48b9f263730387c03 - Path: Packages/com.unity.timeline/Editor/State/SequenceHierarchy.cs - Importer: ScriptedImporter/UnityEditor.QuickSearchModule:UnityEditor.Search:ASIAI0B' with importer (ScriptedImporter : UnityEditor.QuickSearchModule:UnityEditor.Search:ASIAI0B)
Imported 'GUID: 6901fab4d5157ac48b9f263730387c03' -> (Import Result ID: 'c144ea415eb0cd9a1f10e34eee594fe2') in 0.005 seconds [static and dynamic dependencies]. Details - ImportResultOutputID=2f3adab37508a6a1e4dc38523f2c58fa DependenciesID=b6b3828b683b7b1e17f286963da1f0d0 StaticDependenciesID=2e396b5a83cfd82358824303dc433a0d 
Number of updated asset objects reloaded before import = 0
Number of asset objects unloaded after import = 0
========================================================================
Received Import Request.
  Time of request: 2026-06-22T05:06:18.0520577Z
  Time since last request: 0.0004041 seconds.
  importAddress: GUID: 29bf1d4ec1012bc45967ce95b729b8b3 - Path: Packages/com.unity.timeline/Editor/Utilities/ObjectReferenceField.cs - Importer: ScriptedImporter/UnityEditor.QuickSearchModule:UnityEditor.Search:ASIAI0B
Importing 'GUID: 29bf1d4ec1012bc45967ce95b729b8b3 - Path: Packages/com.unity.timeline/Editor/Utilities/ObjectReferenceField.cs - Importer: ScriptedImporter/UnityEditor.QuickSearchModule:UnityEditor.Search:ASIAI0B' with importer (ScriptedImporter : UnityEditor.QuickSearchModule:UnityEditor.Search:ASIAI0B)
Imported 'GUID: 29bf1d4ec1012bc45967ce95b729b8b3' -> (Import Result ID: 'f9de579287b9a86808b6e071a74064f0') in 0.005 seconds [static and dynamic dependencies]. Details - ImportResultOutputID=71b39f6dcc52f1eef474176c7e77fa11 DependenciesID=90e4b538b97c6a1446cbffcaa63940ec StaticDependenciesID=a691b93c19d77be44f1d697225c9505b 
Number of updated asset objects reloaded before import = 0
Number of asset objects unloaded after import = 0
========================================================================
Received Import Request.
  Time of request: 2026-06-22T05:06:18.0580283Z
  Time since last request: 0.0007727 seconds.
  importAddress: GUID: 16950289b516d6747868e0f7bf7b37a0 - Path: Packages/com.unity.timeline/Editor/treeview/PickerUtils.cs - Importer: ScriptedImporter/UnityEditor.QuickSearchModule:UnityEditor.Search:ASIAI0B
Importing 'GUID: 16950289b516d6747868e0f7bf7b37a0 - Path: Packages/com.unity.timeline/Editor/treeview/PickerUtils.cs - Importer: ScriptedImporter/UnityEditor.QuickSearchModule:UnityEditor.Search:ASIAI0B' with importer (ScriptedImporter : UnityEditor.QuickSearchModule:UnityEditor.Search:ASIAI0B)
Imported 'GUID: 16950289b516d6747868e0f7bf7b37a0' -> (Import Result ID: 'b460700c808143be7acacef237028271') in 0.008 seconds [static and dynamic dependencies]. Details - ImportResultOutputID=f789f00d5e5ace8fc89d2f3010e8ebd2 DependenciesID=3cc7671415c6628096957830befc7348 StaticDependenciesID=5cb7323a31bfb20a4d56d43bfbcb11f8 
Number of updated asset objects reloaded before import = 0
Number of asset objects unloaded after import = 0
========================================================================
Received Import Request.
  Time of request: 2026-06-22T05:06:18.0818292Z
  Time since last request: 0.0158399 seconds.
  importAddress: GUID: 6f25fb081e85cb743b272c2f7fbc2f6b - Path: Packages/com.unity.timeline/Editor/Window/TimelineWindowTimeControl.cs - Importer: ScriptedImporter/UnityEditor.QuickSearchModule:UnityEditor.Search:ASIAI0B
Importing 'GUID: 6f25fb081e85cb743b272c2f7fbc2f6b - Path: Packages/com.unity.timeline/Editor/Window/TimelineWindowTimeControl.cs - Importer: ScriptedImporter/UnityEditor.QuickSearchModule:UnityEditor.Search:ASIAI0B' with importer (ScriptedImporter : UnityEditor.QuickSearchModule:UnityEditor.Search:ASIAI0B)
Imported 'GUID: 6f25fb081e85cb743b272c2f7fbc2f6b' -> (Import Result ID: 'a1c58d5cfacf0181314cd63b6818ca5a') in 0.004 seconds [static and dynamic dependencies]. Details - ImportResultOutputID=b691bf4dd6bf4f34277b038b05b28d20 DependenciesID=7f2187fbc45e0647bfd77dc88190ac3a StaticDependenciesID=cdbd345472a8acbf1f5ac8a285709c0c 
Number of updated asset objects reloaded before import = 0
Number of asset objects unloaded after import = 0
========================================================================
Received Import Request.
  Time of request: 2026-06-22T05:06:18.0870744Z
  Time since last request: 0.0006927 seconds.
  importAddress: GUID: 14d748c963c7b3549bed45457cc92c4f - Path: Packages/com.unity.timeline/Editor/Window/TimelineWindow_PlayRange.cs - Importer: ScriptedImporter/UnityEditor.QuickSearchModule:UnityEditor.Search:ASIAI0B
Importing 'GUID: 14d748c963c7b3549bed45457cc92c4f - Path: Packages/com.unity.timeline/Editor/Window/TimelineWindow_PlayRange.cs - Importer: ScriptedImporter/UnityEditor.QuickSearchModule:UnityEditor.Search:ASIAI0B' with importer (ScriptedImporter : UnityEditor.QuickSearchModule:UnityEditor.Search:ASIAI0B)
Imported 'GUID: 14d748c963c7b3549bed45457cc92c4f' -> (Import Result ID: '63cfdf05ad3e824d669d9f25aecf5404') in 0.004 seconds [static and dynamic dependencies]. Details - ImportResultOutputID=df5d01a17351b582667b8c3031861c7c DependenciesID=ddd713f2a872e50c1272e89e95e43064 StaticDependenciesID=eaceb31e2860c6e76b4f59d2734ad426 
Number of updated asset objects reloaded before import = 0
Number of asset objects unloaded after import = 0
========================================================================
Received Import Request.
  Time of request: 2026-06-22T05:06:18.0918696Z
  Time since last request: 0.0003695 seconds.
  importAddress: GUID: b846f69b139b3a341a5699a09fa52b2c - Path: Packages/com.unity.timeline/Editor/Window/TimelineWindow_TimeArea.cs - Importer: ScriptedImporter/UnityEditor.QuickSearchModule:UnityEditor.Search:ASIAI0B
Importing 'GUID: b846f69b139b3a341a5699a09fa52b2c - Path: Packages/com.unity.timeline/Editor/Window/TimelineWindow_TimeArea.cs - Importer: ScriptedImporter/UnityEditor.QuickSearchModule:UnityEditor.Search:ASIAI0B' with importer (ScriptedImporter : UnityEditor.QuickSearchModule:UnityEditor.Search:ASIAI0B)
Imported 'GUID: b846f69b139b3a341a5699a09fa52b2c' -> (Import Result ID: '6f42bcf417bb59ac2ff299bbe4e54bbb') in 0.004 seconds [static and dynamic dependencies]. Details - ImportResultOutputID=13d850a17f9f0105b09fa835502645ff DependenciesID=fe429432e52d3a3cb055ecf6da7c728e StaticDependenciesID=3716c0d57b100468366833a35799036a 
Number of updated asset objects reloaded before import = 0
Number of asset objects unloaded after import = 0
========================================================================
Received Import Request.
  Time of request: 2026-06-22T05:06:18.0964145Z
  Time since last request: 0.0005267 seconds.
  importAddress: GUID: c35b6ea5f1d7cd74eac79413eb70670c - Path: Packages/com.unity.timeline/Runtime/Attributes/TimelineHelpURLAttribute.cs - Importer: ScriptedImporter/UnityEditor.QuickSearchModule:UnityEditor.Search:ASIAI0B
Importing 'GUID: c35b6ea5f1d7cd74eac79413eb70670c - Path: Packages/com.unity.timeline/Runtime/Attributes/TimelineHelpURLAttribute.cs - Importer: ScriptedImporter/UnityEditor.QuickSearchModule:UnityEditor.Search:ASIAI0B' with importer (ScriptedImporter : UnityEditor.QuickSearchModule:UnityEditor.Search:ASIAI0B)
Imported 'GUID: c35b6ea5f1d7cd74eac79413eb70670c' -> (Import Result ID: '0455a363d6e333391a316447e69cc726') in 0.004 seconds [static and dynamic dependencies]. Details - ImportResultOutputID=f8895030f38c30a6ca7092a5f408407c DependenciesID=249a455a839543d02d8e90a6fb6f0c21 StaticDependenciesID=0bb86971008f22ce026124f46db1248c 
Number of updated asset objects reloaded before import = 0
Number of asset objects unloaded after import = 0
========================================================================
Received Import Request.
  Time of request: 2026-06-22T05:06:18.1012098Z
  Time since last request: 0.0004927 seconds.
  importAddress: GUID: 6773203120b27984d9a8572fa3564f03 - Path: Packages/com.unity.timeline/Runtime/AssetUpgrade/AnimationPlayableAssetUpgrade.cs - Importer: ScriptedImporter/UnityEditor.QuickSearchModule:UnityEditor.Search:ASIAI0B
Importing 'GUID: 6773203120b27984d9a8572fa3564f03 - Path: Packages/com.unity.timeline/Runtime/AssetUpgrade/AnimationPlayableAssetUpgrade.cs - Importer: ScriptedImporter/UnityEditor.QuickSearchModule:UnityEditor.Search:ASIAI0B' with importer (ScriptedImporter : UnityEditor.QuickSearchModule:UnityEditor.Search:ASIAI0B)
Imported 'GUID: 6773203120b27984d9a8572fa3564f03' -> (Import Result ID: 'd805245f09623ed1f94e1f0c6fe976ce') in 0.004 seconds [static and dynamic dependencies]. Details - ImportResultOutputID=d7ce0c5df894f80d9f496b541e525252 DependenciesID=58f5d25e6a93f385517945aeebe48624 StaticDependenciesID=bb67fb52399bb45682d63639d76bdb98 
Number of updated asset objects reloaded before import = 0
Number of asset objects unloaded after import = 0
========================================================================
Received Import Request.
  Time of request: 2026-06-22T05:06:18.1065286Z
  Time since last request: 0.0007177 seconds.
  importAddress: GUID: 5c9c9f62af2efb948a1974650039e2db - Path: Packages/com.unity.timeline/Editor/Window/TimelineWindow_PreviewPlayMode.cs - Importer: ScriptedImporter/UnityEditor.QuickSearchModule:UnityEditor.Search:ASIAI0B
Importing 'GUID: 5c9c9f62af2efb948a1974650039e2db - Path: Packages/com.unity.timeline/Editor/Window/TimelineWindow_PreviewPlayMode.cs - Importer: ScriptedImporter/UnityEditor.QuickSearchModule:UnityEditor.Search:ASIAI0B' with importer (ScriptedImporter : UnityEditor.QuickSearchModule:UnityEditor.Search:ASIAI0B)
Imported 'GUID: 5c9c9f62af2efb948a1974650039e2db' -> (Import Result ID: '7d898a8f916b2bbae041baa2aa575e5f') in 0.006 seconds [static and dynamic dependencies]. Details - ImportResultOutputID=ffda3a6ed429ab8b5030e51164df405c DependenciesID=36ce9463d90a58176df73b2eebf6b9e0 StaticDependenciesID=a663197fd6df085d1d5a7a65a514cb09 
Number of updated asset objects reloaded before import = 0
Number of asset objects unloaded after import = 0
========================================================================
Received Import Request.
  Time of request: 2026-06-22T05:06:18.1128063Z
  Time since last request: 0.0004149 seconds.
  importAddress: GUID: a956e5803e95df349bd35832492d4014 - Path: Packages/com.unity.timeline/Editor/Window/TimelineWindow_Gui.cs - Importer: ScriptedImporter/UnityEditor.QuickSearchModule:UnityEditor.Search:ASIAI0B
Importing 'GUID: a956e5803e95df349bd35832492d4014 - Path: Packages/com.unity.timeline/Editor/Window/TimelineWindow_Gui.cs - Importer: ScriptedImporter/UnityEditor.QuickSearchModule:UnityEditor.Search:ASIAI0B' with importer (ScriptedImporter : UnityEditor.QuickSearchModule:UnityEditor.Search:ASIAI0B)
Imported 'GUID: a956e5803e95df349bd35832492d4014' -> (Import Result ID: 'dbe94f6e9c12359f26ead611047bd4ae') in 0.004 seconds [static and dynamic dependencies]. Details - ImportResultOutputID=fd10f6ac40ef602296b67ed5b7774909 DependenciesID=e20549962dbdf6ddc50d4d7cd44c825a StaticDependenciesID=7dfe33a5d71ee750460b44ef0c020fff 
Number of updated asset objects reloaded before import = 0
Number of asset objects unloaded after import = 0
========================================================================
Received Import Request.
  Time of request: 2026-06-22T05:06:18.117177Z
  Time since last request: 0.0004031 seconds.
  importAddress: GUID: c3a595c9a8ed19040bb2612fe168759d - Path: Packages/com.unity.timeline/Editor/Window/TimelineWindow_Manipulators.cs - Importer: ScriptedImporter/UnityEditor.QuickSearchModule:UnityEditor.Search:ASIAI0B
Importing 'GUID: c3a595c9a8ed19040bb2612fe168759d - Path: Packages/com.unity.timeline/Editor/Window/TimelineWindow_Manipulators.cs - Importer: ScriptedImporter/UnityEditor.QuickSearchModule:UnityEditor.Search:ASIAI0B' with importer (ScriptedImporter : UnityEditor.QuickSearchModule:UnityEditor.Search:ASIAI0B)
Imported 'GUID: c3a595c9a8ed19040bb2612fe168759d' -> (Import Result ID: '7ce89bef5d430426c7d7ac909b58c367') in 0.005 seconds [static and dynamic dependencies]. Details - ImportResultOutputID=2e84367f08e2ab22712290d506384b10 DependenciesID=2de3f40657eedcf705bc3890148d8815 StaticDependenciesID=871e2f71561948900b7d7246841251b7 
Number of updated asset objects reloaded before import = 0
Number of asset objects unloaded after import = 0
========================================================================
Received Import Request.
  Time of request: 2026-06-22T05:06:18.1226797Z
  Time since last request: 0.0004696 seconds.
  importAddress: GUID: c68f34993bfe85e489158a29c99a20b5 - Path: Packages/com.unity.timeline/Runtime/AssetUpgrade/TrackUpgrade.cs - Importer: ScriptedImporter/UnityEditor.QuickSearchModule:UnityEditor.Search:ASIAI0B
Importing 'GUID: c68f34993bfe85e489158a29c99a20b5 - Path: Packages/com.unity.timeline/Runtime/AssetUpgrade/TrackUpgrade.cs - Importer: ScriptedImporter/UnityEditor.QuickSearchModule:UnityEditor.Search:ASIAI0B' with importer (ScriptedImporter : UnityEditor.QuickSearchModule:UnityEditor.Search:ASIAI0B)
Imported 'GUID: c68f34993bfe85e489158a29c99a20b5' -> (Import Result ID: 'dc2d7c8e0ce5f7aa1059436978aa96a4') in 0.004 seconds [static and dynamic dependencies]. Details - ImportResultOutputID=7c0af37406d39b53ddff187300796ec5 DependenciesID=3a9c99d8d89d777caa72079110d915ff StaticDependenciesID=8f2e1e7a4e443ecbf78aa9c304f92a0c 
Number of updated asset objects reloaded before import = 0
Number of asset objects unloaded after import = 0
========================================================================
Received Import Request.
  Time of request: 2026-06-22T05:06:18.1274194Z
  Time since last request: 0.000469 seconds.
  importAddress: GUID: f6bb32665bcc91b41a7177fd6af08ad6 - Path: Packages/com.unity.timeline/Editor/Utilities/TimeReferenceUtility.cs - Importer: ScriptedImporter/UnityEditor.QuickSearchModule:UnityEditor.Search:ASIAI0B
Importing 'GUID: f6bb32665bcc91b41a7177fd6af08ad6 - Path: Packages/com.unity.timeline/Editor/Utilities/TimeReferenceUtility.cs - Importer: ScriptedImporter/UnityEditor.QuickSearchModule:UnityEditor.Search:ASIAI0B' with importer (ScriptedImporter : UnityEditor.QuickSearchModule:UnityEditor.Search:ASIAI0B)
Imported 'GUID: f6bb32665bcc91b41a7177fd6af08ad6' -> (Import Result ID: 'af39dcba6a2042d3f1a4a2d71cd098c5') in 0.004 seconds [static and dynamic dependencies]. Details - ImportResultOutputID=7edbd84dd33081e1106437f5864f9632 DependenciesID=7f5392bd3a461b8c960bc6d0856e9b77 StaticDependenciesID=162c4d1bce00b1336cd83181201941d4 
Number of updated asset objects reloaded before import = 0
Number of asset objects unloaded after import = 0
========================================================================
Received Import Request.
  Time of request: 2026-06-22T05:06:18.1321952Z
  Time since last request: 0.0005884 seconds.
  importAddress: GUID: 8716cfd7a46000048acf638abe28c9fa - Path: Packages/com.unity.timeline/Editor/Window/TimelineWindow_Navigator.cs - Importer: ScriptedImporter/UnityEditor.QuickSearchModule:UnityEditor.Search:ASIAI0B
Importing 'GUID: 8716cfd7a46000048acf638abe28c9fa - Path: Packages/com.unity.timeline/Editor/Window/TimelineWindow_Navigator.cs - Importer: ScriptedImporter/UnityEditor.QuickSearchModule:UnityEditor.Search:ASIAI0B' with importer (ScriptedImporter : UnityEditor.QuickSearchModule:UnityEditor.Search:ASIAI0B)
Imported 'GUID: 8716cfd7a46000048acf638abe28c9fa' -> (Import Result ID: '6289bd0eae5393b9468a605656ea9a23') in 0.005 seconds [static and dynamic dependencies]. Details - ImportResultOutputID=f2bec54403d935508688dab63ab142af DependenciesID=4dd6d1ae99ff8217adb5d302665f0025 StaticDependenciesID=27e7fe5236e2ceff3aa37ac414053bba 
Number of updated asset objects reloaded before import = 0
Number of asset objects unloaded after import = 0
========================================================================
Received Import Request.
  Time of request: 2026-06-22T05:06:18.1377889Z
  Time since last request: 0.0003876 seconds.
  importAddress: GUID: 8b22792c3b570444eb18cb78c2af3a74 - Path: Packages/com.unity.timeline/Runtime/Audio/AudioTrack.cs - Importer: ScriptedImporter/UnityEditor.QuickSearchModule:UnityEditor.Search:ASIAI0B
Importing 'GUID: 8b22792c3b570444eb18cb78c2af3a74 - Path: Packages/com.unity.timeline/Runtime/Audio/AudioTrack.cs - Importer: ScriptedImporter/UnityEditor.QuickSearchModule:UnityEditor.Search:ASIAI0B' with importer (ScriptedImporter : UnityEditor.QuickSearchModule:UnityEditor.Search:ASIAI0B)
Imported 'GUID: 8b22792c3b570444eb18cb78c2af3a74' -> (Import Result ID: '0d3dc2c616f0524319c2fe274423ef8b') in 0.004 seconds [static and dynamic dependencies]. Details - ImportResultOutputID=3ff62791a7ad69aced9d50604a917059 DependenciesID=42285dfabcca55312218eaed6ff3d1bf StaticDependenciesID=7186008fb0a4b4116b38415e5a3eefc4 
Number of updated asset objects reloaded before import = 0
Number of asset objects unloaded after import = 0
========================================================================
Received Import Request.
  Time of request: 2026-06-22T05:06:18.1427727Z
  Time since last request: 0.0003163 seconds.
  importAddress: GUID: 48853ae485fa386428341ac1ea122570 - Path: Packages/com.unity.timeline/Runtime/Control/ControlPlayableAsset.cs - Importer: ScriptedImporter/UnityEditor.QuickSearchModule:UnityEditor.Search:ASIAI0B
Importing 'GUID: 48853ae485fa386428341ac1ea122570 - Path: Packages/com.unity.timeline/Runtime/Control/ControlPlayableAsset.cs - Importer: ScriptedImporter/UnityEditor.QuickSearchModule:UnityEditor.Search:ASIAI0B' with importer (ScriptedImporter : UnityEditor.QuickSearchModule:UnityEditor.Search:ASIAI0B)
Imported 'GUID: 48853ae485fa386428341ac1ea122570' -> (Import Result ID: 'ae790814c25c2d365f04257c8168d354') in 0.005 seconds [static and dynamic dependencies]. Details - ImportResultOutputID=b2d25e9a8ef10dee18cea54d9343fc4a DependenciesID=a3ca99f045611cde36a5ece592d3709f StaticDependenciesID=3bb4a19aef143136a1835a8ee5ff174d 
Number of updated asset objects reloaded before import = 0
Number of asset objects unloaded after import = 0
========================================================================
Received Import Request.
  Time of request: 2026-06-22T05:06:18.1677153Z
  Time since last request: 0.0200359 seconds.
  importAddress: GUID: b4a5ce78107bc38409a3bb5e8b3289ac - Path: Packages/com.unity.timeline/Editor/Manipulators/Trim/ITrimItemMode.cs - Importer: ScriptedImporter/UnityEditor.QuickSearchModule:UnityEditor.Search:ASIAI0B
Importing 'GUID: b4a5ce78107bc38409a3bb5e8b3289ac - Path: Packages/com.unity.timeline/Editor/Manipulators/Trim/ITrimItemMode.cs - Importer: ScriptedImporter/UnityEditor.QuickSearchModule:UnityEditor.Search:ASIAI0B' with importer (ScriptedImporter : UnityEditor.QuickSearchModule:UnityEditor.Search:ASIAI0B)
Imported 'GUID: b4a5ce78107bc38409a3bb5e8b3289ac' -> (Import Result ID: '138fdc4517ae8067f8aa980f03e8e641') in 0.003 seconds [static and dynamic dependencies]. Details - ImportResultOutputID=6b0aac41d3399f38a74c3b183e7aed6f DependenciesID=1bffa24764a76344c3d3e6ba52cb3034 StaticDependenciesID=bfab0be541a3ae17a3e14e9fd130a1ff 
Number of updated asset objects reloaded before import = 0
Number of asset objects unloaded after import = 0
========================================================================
Received Import Request.
  Time of request: 2026-06-22T05:06:18.1722226Z
  Time since last request: 0.000433 seconds.
  importAddress: GUID: fe03a7b0ba57a4d488b6c327ae16c335 - Path: Packages/com.unity.timeline/Runtime/Playables/BasicScriptPlayable.cs - Importer: ScriptedImporter/UnityEditor.QuickSearchModule:UnityEditor.Search:ASIAI0B
Importing 'GUID: fe03a7b0ba57a4d488b6c327ae16c335 - Path: Packages/com.unity.timeline/Runtime/Playables/BasicScriptPlayable.cs - Importer: ScriptedImporter/UnityEditor.QuickSearchModule:UnityEditor.Search:ASIAI0B' with importer (ScriptedImporter : UnityEditor.QuickSearchModule:UnityEditor.Search:ASIAI0B)
Imported 'GUID: fe03a7b0ba57a4d488b6c327ae16c335' -> (Import Result ID: 'e4e533ca72c858428dbb3a168d48dc81') in 0.004 seconds [static and dynamic dependencies]. Details - ImportResultOutputID=f233d6582689fb986892156ef0923bd1 DependenciesID=6bbbba4c5c5f54635da394ba90bc78cc StaticDependenciesID=36282988bff164f18fb1e37e8708abe9 
Number of updated asset objects reloaded before import = 0
Number of asset objects unloaded after import = 0
========================================================================
Received Import Request.
  Time of request: 2026-06-22T05:06:18.17718Z
  Time since last request: 0.0006618 seconds.
  importAddress: GUID: be156cc527d606b4aaac403e9843186e - Path: Packages/com.unity.timeline/Runtime/Playables/DirectorControlPlayable.cs - Importer: ScriptedImporter/UnityEditor.QuickSearchModule:UnityEditor.Search:ASIAI0B
Importing 'GUID: be156cc527d606b4aaac403e9843186e - Path: Packages/com.unity.timeline/Runtime/Playables/DirectorControlPlayable.cs - Importer: ScriptedImporter/UnityEditor.QuickSearchModule:UnityEditor.Search:ASIAI0B' with importer (ScriptedImporter : UnityEditor.QuickSearchModule:UnityEditor.Search:ASIAI0B)
Imported 'GUID: be156cc527d606b4aaac403e9843186e' -> (Import Result ID: 'ca36d9196541e9cbc1ae790f2061cd5b') in 0.005 seconds [static and dynamic dependencies]. Details - ImportResultOutputID=ec0bc6452ebf69078fd1b051503aef4e DependenciesID=796cddc10594a15b225e61f0b178f360 StaticDependenciesID=33e54bb30dd303cf7ba25011b09e04bc 
Number of updated asset objects reloaded before import = 0
Number of asset objects unloaded after import = 0
========================================================================
Received Import Request.
  Time of request: 2026-06-22T05:06:18.1829873Z
  Time since last request: 0.0004806 seconds.
  importAddress: GUID: a2a8aecb05814e644abbb070fbd91156 - Path: Packages/com.unity.timeline/Editor/Manipulators/Move/MoveItemModeMix.cs - Importer: ScriptedImporter/UnityEditor.QuickSearchModule:UnityEditor.Search:ASIAI0B
Importing 'GUID: a2a8aecb05814e644abbb070fbd91156 - Path: Packages/com.unity.timeline/Editor/Manipulators/Move/MoveItemModeMix.cs - Importer: ScriptedImporter/UnityEditor.QuickSearchModule:UnityEditor.Search:ASIAI0B' with importer (ScriptedImporter : UnityEditor.QuickSearchModule:UnityEditor.Search:ASIAI0B)
Imported 'GUID: a2a8aecb05814e644abbb070fbd91156' -> (Import Result ID: 'db5018680e67bab6fc02e2c824c48afa') in 0.004 seconds [static and dynamic dependencies]. Details - ImportResultOutputID=1166f190260c8ec0939b7ab0cbc969d3 DependenciesID=eb33d3c6dae8d4a942b110363e9d84e7 StaticDependenciesID=789777e36f9677dc86664f3acb3083e7 
Number of updated asset objects reloaded before import = 0
Number of asset objects unloaded after import = 0
========================================================================
Received Import Request.
  Time of request: 2026-06-22T05:06:18.1879895Z
  Time since last request: 0.0004616 seconds.
  importAddress: GUID: ea5e2240e8a7d9046a651557deec40b2 - Path: Packages/com.unity.timeline/Editor/Manipulators/Move/MoveItemModeReplace.cs - Importer: ScriptedImporter/UnityEditor.QuickSearchModule:UnityEditor.Search:ASIAI0B
Importing 'GUID: ea5e2240e8a7d9046a651557deec40b2 - Path: Packages/com.unity.timeline/Editor/Manipulators/Move/MoveItemModeReplace.cs - Importer: ScriptedImporter/UnityEditor.QuickSearchModule:UnityEditor.Search:ASIAI0B' with importer (ScriptedImporter : UnityEditor.QuickSearchModule:UnityEditor.Search:ASIAI0B)
Imported 'GUID: ea5e2240e8a7d9046a651557deec40b2' -> (Import Result ID: '1023886fe304f22f57a9a56343850e03') in 0.004 seconds [static and dynamic dependencies]. Details - ImportResultOutputID=0a071315e54644eeec9c813a5468ebfd DependenciesID=dee79a7c8e8eec0cc50606e24633c9e9 StaticDependenciesID=42ba44480333b4c13aecaeed08759f43 
Number of updated asset objects reloaded before import = 0
Number of asset objects unloaded after import = 0
========================================================================
Received Import Request.
  Time of request: 2026-06-22T05:06:18.1926564Z
  Time since last request: 0.00047 seconds.
  importAddress: GUID: 769f6f5dd7c8f2d4c9ab1caba0bd2628 - Path: Packages/com.unity.timeline/Editor/Manipulators/Trim/TrimItemModeReplace.cs - Importer: ScriptedImporter/UnityEditor.QuickSearchModule:UnityEditor.Search:ASIAI0B
Importing 'GUID: 769f6f5dd7c8f2d4c9ab1caba0bd2628 - Path: Packages/com.unity.timeline/Editor/Manipulators/Trim/TrimItemModeReplace.cs - Importer: ScriptedImporter/UnityEditor.QuickSearchModule:UnityEditor.Search:ASIAI0B' with importer (ScriptedImporter : UnityEditor.QuickSearchModule:UnityEditor.Search:ASIAI0B)
Imported 'GUID: 769f6f5dd7c8f2d4c9ab1caba0bd2628' -> (Import Result ID: '6b2143a0f8e99d9094ca3f7cd1d8bc20') in 0.005 seconds [static and dynamic dependencies]. Details - ImportResultOutputID=7c5244dcbd5ae902c91f754b2bf94e83 DependenciesID=27ac3cb67e60c3dbace79598b59e7334 StaticDependenciesID=2f4a8872728eee951ab0476cf2ad3f45 
Number of updated asset objects reloaded before import = 0
Number of asset objects unloaded after import = 0
========================================================================
Received Import Request.
  Time of request: 2026-06-22T05:06:18.1979137Z
  Time since last request: 0.0004112 seconds.
  importAddress: GUID: 5882d0e4313310143acb11d1a66c597f - Path: Packages/com.unity.timeline/Editor/Actions/Menus/MenuItemActionBase.cs - Importer: ScriptedImporter/UnityEditor.QuickSearchModule:UnityEditor.Search:ASIAI0B
Importing 'GUID: 5882d0e4313310143acb11d1a66c597f - Path: Packages/com.unity.timeline/Editor/Actions/Menus/MenuItemActionBase.cs - Importer: ScriptedImporter/UnityEditor.QuickSearchModule:UnityEditor.Search:ASIAI0B' with importer (ScriptedImporter : UnityEditor.QuickSearchModule:UnityEditor.Search:ASIAI0B)
Imported 'GUID: 5882d0e4313310143acb11d1a66c597f' -> (Import Result ID: '1d7f909e300b31da5dded1abd8861c2b') in 0.006 seconds [static and dynamic dependencies]. Details - ImportResultOutputID=84ba474cb97c1274fb88f0991c4aeb31 DependenciesID=823780f5f25f3be735d214dc3231c6be StaticDependenciesID=acb18317f30b329e623ca348717515b1 
Number of updated asset objects reloaded before import = 0
Number of asset objects unloaded after import = 0
========================================================================
Received Import Request.
  Time of request: 2026-06-22T05:06:18.2081721Z
  Time since last request: 0.0040452 seconds.
  importAddress: GUID: 3ff3d24ea34f9f74cb138e435f5f491e - Path: Packages/com.unity.timeline/Editor/Manipulators/Move/IMoveItemMode.cs - Importer: ScriptedImporter/UnityEditor.QuickSearchModule:UnityEditor.Search:ASIAI0B
Importing 'GUID: 3ff3d24ea34f9f74cb138e435f5f491e - Path: Packages/com.unity.timeline/Editor/Manipulators/Move/IMoveItemMode.cs - Importer: ScriptedImporter/UnityEditor.QuickSearchModule:UnityEditor.Search:ASIAI0B' with importer (ScriptedImporter : UnityEditor.QuickSearchModule:UnityEditor.Search:ASIAI0B)
Imported 'GUID: 3ff3d24ea34f9f74cb138e435f5f491e' -> (Import Result ID: '627443902eae2f370874f84516009e0b') in 0.008 seconds [static and dynamic dependencies]. Details - ImportResultOutputID=fd676c7ff4293df7810e431d75a25a42 DependenciesID=a92c7a311b483dac2adbf6f9a2260480 StaticDependenciesID=4b3a3c3b0a5de25be906c37c555677b5 
Number of updated asset objects reloaded before import = 0
Number of asset objects unloaded after import = 0
========================================================================
Received Import Request.
  Time of request: 2026-06-22T05:06:18.217231Z
  Time since last request: 0.0008251 seconds.
  importAddress: GUID: 4db13e1060deaae48b30246ed63b7c9b - Path: Packages/com.unity.timeline/Editor/Manipulators/AddDelete/IAddDeleteItemMode.cs - Importer: ScriptedImporter/UnityEditor.QuickSearchModule:UnityEditor.Search:ASIAI0B
Importing 'GUID: 4db13e1060deaae48b30246ed63b7c9b - Path: Packages/com.unity.timeline/Editor/Manipulators/AddDelete/IAddDeleteItemMode.cs - Importer: ScriptedImporter/UnityEditor.QuickSearchModule:UnityEditor.Search:ASIAI0B' with importer (ScriptedImporter : UnityEditor.QuickSearchModule:UnityEditor.Search:ASIAI0B)
Imported 'GUID: 4db13e1060deaae48b30246ed63b7c9b' -> (Import Result ID: '5917763cc461307881b6d9ebbc65900f') in 0.006 seconds [static and dynamic dependencies]. Details - ImportResultOutputID=b4800c7d7bc491152cbdbb549318f8c0 DependenciesID=40077caff2f10d48c92d686fa1a0d022 StaticDependenciesID=7f31c56633a8b022cd99aa74d312951f 
Number of updated asset objects reloaded before import = 0
Number of asset objects unloaded after import = 0
========================================================================
Received Import Request.
  Time of request: 2026-06-22T05:06:18.2250775Z
  Time since last request: 0.0009849 seconds.
  importAddress: GUID: 41e14f40b915ca743a3dffd18ffc65ab - Path: Packages/com.unity.timeline/Editor/Manipulators/AddDelete/AddDeleteItemModeMix.cs - Importer: ScriptedImporter/UnityEditor.QuickSearchModule:UnityEditor.Search:ASIAI0B
Importing 'GUID: 41e14f40b915ca743a3dffd18ffc65ab - Path: Packages/com.unity.timeline/Editor/Manipulators/AddDelete/AddDeleteItemModeMix.cs - Importer: ScriptedImporter/UnityEditor.QuickSearchModule:UnityEditor.Search:ASIAI0B' with importer (ScriptedImporter : UnityEditor.QuickSearchModule:UnityEditor.Search:ASIAI0B)
Imported 'GUID: 41e14f40b915ca743a3dffd18ffc65ab' -> (Import Result ID: 'c1ce88c8feee4250ed200b551bab2f1d') in 0.005 seconds [static and dynamic dependencies]. Details - ImportResultOutputID=edbf730c2748dd90222d9d4d5794d22e DependenciesID=7f76587aac5b82581eecd3ffb43636fc StaticDependenciesID=5448d7617617aa75e9aa32ba1e379757 
Number of updated asset objects reloaded before import = 0
Number of asset objects unloaded after import = 0
========================================================================
Received Import Request.
  Time of request: 2026-06-22T05:06:18.231189Z
  Time since last request: 0.0007539 seconds.
  importAddress: GUID: 4335a164bb763104c8805212c23d795f - Path: Packages/com.unity.timeline/Runtime/Events/MarkerList.cs - Importer: ScriptedImporter/UnityEditor.QuickSearchModule:UnityEditor.Search:ASIAI0B
Importing 'GUID: 4335a164bb763104c8805212c23d795f - Path: Packages/com.unity.timeline/Runtime/Events/MarkerList.cs - Importer: ScriptedImporter/UnityEditor.QuickSearchModule:UnityEditor.Search:ASIAI0B' with importer (ScriptedImporter : UnityEditor.QuickSearchModule:UnityEditor.Search:ASIAI0B)
Imported 'GUID: 4335a164bb763104c8805212c23d795f' -> (Import Result ID: '2109610f9b550765d2b8f3c60c0487e3') in 0.012 seconds [static and dynamic dependencies]. Details - ImportResultOutputID=1b3172eabb54565eeabfad6a1cf217c8 DependenciesID=b1e26eaff369130b665357625b176eb1 StaticDependenciesID=e34ea79ff5161352c0cc5ca94265ff04 
Number of updated asset objects reloaded before import = 0
Number of asset objects unloaded after import = 0
========================================================================
Received Import Request.
  Time of request: 2026-06-22T05:06:18.2446659Z
  Time since last request: 0.0016058 seconds.
  importAddress: GUID: edd4f4b395430604d935bcf0b14c7d42 - Path: Packages/com.unity.timeline/Editor/Manipulators/Sequence/RectangleSelect.cs - Importer: ScriptedImporter/UnityEditor.QuickSearchModule:UnityEditor.Search:ASIAI0B
Importing 'GUID: edd4f4b395430604d935bcf0b14c7d42 - Path: Packages/com.unity.timeline/Editor/Manipulators/Sequence/RectangleSelect.cs - Importer: ScriptedImporter/UnityEditor.QuickSearchModule:UnityEditor.Search:ASIAI0B' with importer (ScriptedImporter : UnityEditor.QuickSearchModule:UnityEditor.Search:ASIAI0B)
Imported 'GUID: edd4f4b395430604d935bcf0b14c7d42' -> (Import Result ID: 'a36c434b367cbe35867b10add2687067') in 0.005 seconds [static and dynamic dependencies]. Details - ImportResultOutputID=053c69bf900a66d812521f36aa4e5f6f DependenciesID=3ec70b4a69120353f6abe7420a2aeaf9 StaticDependenciesID=fb0ad32a6d9708d60defbd9d40011fe5 
Number of updated asset objects reloaded before import = 0
Number of asset objects unloaded after import = 0
========================================================================
Received Import Request.
  Time of request: 2026-06-22T05:06:18.2507295Z
  Time since last request: 0.0006447 seconds.
  importAddress: GUID: 926a61ff0dec44a5aab649acb411e9ad - Path: Packages/com.unity.timeline/Editor/inspectors/CurvesOwner/ICurvesOwnerInspectorWrapper.cs - Importer: ScriptedImporter/UnityEditor.QuickSearchModule:UnityEditor.Search:ASIAI0B
Importing 'GUID: 926a61ff0dec44a5aab649acb411e9ad - Path: Packages/com.unity.timeline/Editor/inspectors/CurvesOwner/ICurvesOwnerInspectorWrapper.cs - Importer: ScriptedImporter/UnityEditor.QuickSearchModule:UnityEditor.Search:ASIAI0B' with importer (ScriptedImporter : UnityEditor.QuickSearchModule:UnityEditor.Search:ASIAI0B)
Imported 'GUID: 926a61ff0dec44a5aab649acb411e9ad' -> (Import Result ID: 'fc96848d52e0727bfcc5f9d70395f9c5') in 0.007 seconds [static and dynamic dependencies]. Details - ImportResultOutputID=b7ef0a183523c46e5bf462d668b7cf95 DependenciesID=46224f3171d0651d504688c9fd3dbc17 StaticDependenciesID=6d294b3ff6f6033f6f513e34bee450de 
Number of updated asset objects reloaded before import = 0
Number of asset objects unloaded after import = 0
========================================================================
Received Import Request.
  Time of request: 2026-06-22T05:06:18.2733651Z
  Time since last request: 0.0153375 seconds.
  importAddress: GUID: d79cb9ecc0d4a6d428ab98a681a33897 - Path: Packages/com.unity.timeline/Editor/Window/ViewModel/TimelineAssetViewModel.cs - Importer: ScriptedImporter/UnityEditor.QuickSearchModule:UnityEditor.Search:ASIAI0B
Importing 'GUID: d79cb9ecc0d4a6d428ab98a681a33897 - Path: Packages/com.unity.timeline/Editor/Window/ViewModel/TimelineAssetViewModel.cs - Importer: ScriptedImporter/UnityEditor.QuickSearchModule:UnityEditor.Search:ASIAI0B' with importer (ScriptedImporter : UnityEditor.QuickSearchModule:UnityEditor.Search:ASIAI0B)
Imported 'GUID: d79cb9ecc0d4a6d428ab98a681a33897' -> (Import Result ID: '745bae34704ce4c226f2bb70fa8658b8') in 0.004 seconds [static and dynamic dependencies]. Details - ImportResultOutputID=c227338949906e33e17690d152066f5b DependenciesID=a645630f40de90c6f7483fd935ac51e0 StaticDependenciesID=04f9c2a398334da8c16fd41b23c5ce43 
Number of updated asset objects reloaded before import = 0
Number of asset objects unloaded after import = 0
========================================================================
Received Import Request.
  Time of request: 2026-06-22T05:06:18.2782865Z
  Time since last request: 0.0005627 seconds.
  importAddress: GUID: 54905d77593e9eb44a7c25d704bb4163 - Path: Packages/com.unity.timeline/Editor/StyleSheets/res/Timeline_DarkSkin.txt - Importer: ScriptedImporter/UnityEditor.QuickSearchModule:UnityEditor.Search:ASIAI0B
Importing 'GUID: 54905d77593e9eb44a7c25d704bb4163 - Path: Packages/com.unity.timeline/Editor/StyleSheets/res/Timeline_DarkSkin.txt - Importer: ScriptedImporter/UnityEditor.QuickSearchModule:UnityEditor.Search:ASIAI0B' with importer (ScriptedImporter : UnityEditor.QuickSearchModule:UnityEditor.Search:ASIAI0B)
Imported 'GUID: 54905d77593e9eb44a7c25d704bb4163' -> (Import Result ID: '013c0d0975fed3eb0d89755f318e6a09') in 0.004 seconds [static and dynamic dependencies]. Details - ImportResultOutputID=f9bb0d5378b62944a5539ba27c060665 DependenciesID=e827f5e7ef8db213df503d0a12b60a14 StaticDependenciesID=fa44ba87f833f98ca0e87a0650424136 
Number of updated asset objects reloaded before import = 0
Number of asset objects unloaded after import = 1
========================================================================
Received Import Request.
  Time of request: 2026-06-22T05:06:18.2827189Z
  Time since last request: 0.0005595 seconds.
  importAddress: GUID: 0bee8aba5e8a40446b7098666c5314d9 - Path: Packages/com.unity.timeline/Editor/Utilities/Scopes/GUIGroupScope.cs - Importer: ScriptedImporter/UnityEditor.QuickSearchModule:UnityEditor.Search:ASIAI0B
Importing 'GUID: 0bee8aba5e8a40446b7098666c5314d9 - Path: Packages/com.unity.timeline/Editor/Utilities/Scopes/GUIGroupScope.cs - Importer: ScriptedImporter/UnityEditor.QuickSearchModule:UnityEditor.Search:ASIAI0B' with importer (ScriptedImporter : UnityEditor.QuickSearchModule:UnityEditor.Search:ASIAI0B)
Imported 'GUID: 0bee8aba5e8a40446b7098666c5314d9' -> (Import Result ID: '79e46e3ff075d9ef9a66a0fcafa68eb9') in 0.004 seconds [static and dynamic dependencies]. Details - ImportResultOutputID=9354cf2f3ddcfd1596c8e691a1e80da3 DependenciesID=69e7107de281c738755fc0a673726b10 StaticDependenciesID=7cc34f526e4895dfe665604e91dcd11e 
Number of updated asset objects reloaded before import = 0
Number of asset objects unloaded after import = 0
========================================================================
Received Import Request.
  Time of request: 2026-06-22T05:06:18.2868658Z
  Time since last request: 0.0003449 seconds.
  importAddress: GUID: e42e3f559ace4a5dbae7d6d3d2e5e7b0 - Path: Packages/com.unity.timeline/Editor/Utilities/Scopes/IndentLevelScope.cs - Importer: ScriptedImporter/UnityEditor.QuickSearchModule:UnityEditor.Search:ASIAI0B
Importing 'GUID: e42e3f559ace4a5dbae7d6d3d2e5e7b0 - Path: Packages/com.unity.timeline/Editor/Utilities/Scopes/IndentLevelScope.cs - Importer: ScriptedImporter/UnityEditor.QuickSearchModule:UnityEditor.Search:ASIAI0B' with importer (ScriptedImporter : UnityEditor.QuickSearchModule:UnityEditor.Search:ASIAI0B)
Imported 'GUID: e42e3f559ace4a5dbae7d6d3d2e5e7b0' -> (Import Result ID: '7952a8133e734587eb1646b204b111d9') in 0.004 seconds [static and dynamic dependencies]. Details - ImportResultOutputID=ae9392cb5db08371414fb050570f9d2c DependenciesID=eb951515698ea1648388f9091ee54dc9 StaticDependenciesID=85c373e4533b87bdd586dc74b36eb769 
Number of updated asset objects reloaded before import = 0
Number of asset objects unloaded after import = 0
========================================================================
Received Import Request.
  Time of request: 2026-06-22T05:06:18.2909975Z
  Time since last request: 0.0003359 seconds.
  importAddress: GUID: 3f8643c1f8dd449e85b548a14edbea2e - Path: Packages/com.unity.timeline/Editor/Window/Modes/TimelineReadOnlyMode.cs - Importer: ScriptedImporter/UnityEditor.QuickSearchModule:UnityEditor.Search:ASIAI0B
Importing 'GUID: 3f8643c1f8dd449e85b548a14edbea2e - Path: Packages/com.unity.timeline/Editor/Window/Modes/TimelineReadOnlyMode.cs - Importer: ScriptedImporter/UnityEditor.QuickSearchModule:UnityEditor.Search:ASIAI0B' with importer (ScriptedImporter : UnityEditor.QuickSearchModule:UnityEditor.Search:ASIAI0B)
Imported 'GUID: 3f8643c1f8dd449e85b548a14edbea2e' -> (Import Result ID: '4cef80d1c00ba00cbadfefa1b1e2795a') in 0.003 seconds [static and dynamic dependencies]. Details - ImportResultOutputID=3a8d2834df4137d9b4101310eec2eac9 DependenciesID=127530e26d1eff4cb50392982873c1f1 StaticDependenciesID=5cd3909284c163423361c6e2fa4bf59a 
Number of updated asset objects reloaded before import = 0
Number of asset objects unloaded after import = 0
========================================================================
Received Import Request.
  Time of request: 2026-06-22T05:06:18.2951462Z
  Time since last request: 0.00041 seconds.
  importAddress: GUID: d6b75424ba2b73c4eb3182b08dbd71ce - Path: Packages/com.unity.timeline/Editor/treeview/TrackGui/TimelineTrackBaseGUI.cs - Importer: ScriptedImporter/UnityEditor.QuickSearchModule:UnityEditor.Search:ASIAI0B
Importing 'GUID: d6b75424ba2b73c4eb3182b08dbd71ce - Path: Packages/com.unity.timeline/Editor/treeview/TrackGui/TimelineTrackBaseGUI.cs - Importer: ScriptedImporter/UnityEditor.QuickSearchModule:UnityEditor.Search:ASIAI0B' with importer (ScriptedImporter : UnityEditor.QuickSearchModule:UnityEditor.Search:ASIAI0B)
Imported 'GUID: d6b75424ba2b73c4eb3182b08dbd71ce' -> (Import Result ID: '5bcdec53dc5ed8ccf3567f2c5937460c') in 0.004 seconds [static and dynamic dependencies]. Details - ImportResultOutputID=386bb13707a9f396baf318959f43035c DependenciesID=2e5f70ce39d2b935eb2efbf1db041e0a StaticDependenciesID=b31b8d5a6f179329c1b8baeff5aa7a97 
Number of updated asset objects reloaded before import = 0
Number of asset objects unloaded after import = 0
========================================================================
Received Import Request.
  Time of request: 2026-06-22T05:06:18.2996708Z
  Time since last request: 0.0004937 seconds.
  importAddress: GUID: 0ccfd55dae664bbcb54c8457acffdbf8 - Path: Packages/com.unity.timeline/Editor/Utilities/Scopes/PropertyScope.cs - Importer: ScriptedImporter/UnityEditor.QuickSearchModule:UnityEditor.Search:ASIAI0B
Importing 'GUID: 0ccfd55dae664bbcb54c8457acffdbf8 - Path: Packages/com.unity.timeline/Editor/Utilities/Scopes/PropertyScope.cs - Importer: ScriptedImporter/UnityEditor.QuickSearchModule:UnityEditor.Search:ASIAI0B' with importer (ScriptedImporter : UnityEditor.QuickSearchModule:UnityEditor.Search:ASIAI0B)
Imported 'GUID: 0ccfd55dae664bbcb54c8457acffdbf8' -> (Import Result ID: '038e0cae91a31fafb4a61e14233df81a') in 0.004 seconds [static and dynamic dependencies]. Details - ImportResultOutputID=9e90740bd196d8b591bb9c00a15dc315 DependenciesID=eaa000fafab72ec95ce4bd6e2734f719 StaticDependenciesID=210d24c0cc582a9d4aec38ef1d0336dc 
Number of updated asset objects reloaded before import = 0
Number of asset objects unloaded after import = 0
========================================================================
Received Import Request.
  Time of request: 2026-06-22T05:06:18.3040514Z
  Time since last request: 0.0004189 seconds.
  importAddress: GUID: e177382a693dea644acd34e3e7a3feb3 - Path: Packages/com.unity.timeline/Editor/Manipulators/Utils/ManipulatorsUtils.cs - Importer: ScriptedImporter/UnityEditor.QuickSearchModule:UnityEditor.Search:ASIAI0B
Importing 'GUID: e177382a693dea644acd34e3e7a3feb3 - Path: Packages/com.unity.timeline/Editor/Manipulators/Utils/ManipulatorsUtils.cs - Importer: ScriptedImporter/UnityEditor.QuickSearchModule:UnityEditor.Search:ASIAI0B' with importer (ScriptedImporter : UnityEditor.QuickSearchModule:UnityEditor.Search:ASIAI0B)
Imported 'GUID: e177382a693dea644acd34e3e7a3feb3' -> (Import Result ID: '6aada21c08921d14f7e5727c1f74c961') in 0.003 seconds [static and dynamic dependencies]. Details - ImportResultOutputID=8c3c326e132cf39b9a7b9f49788ef8dd DependenciesID=4d278b3567d402729594c6db95566635 StaticDependenciesID=cc796565bbbace9890bf002cf95b3938 
Number of updated asset objects reloaded before import = 0
Number of asset objects unloaded after import = 0
========================================================================
Received Import Request.
  Time of request: 2026-06-22T05:06:18.3079558Z
  Time since last request: 0.0004005 seconds.
  importAddress: GUID: 3235ecefad2a6a645aa0222aca200aeb - Path: Packages/com.unity.timeline/Editor/StyleSheets/res/Timeline_LightSkin.txt - Importer: ScriptedImporter/UnityEditor.QuickSearchModule:UnityEditor.Search:ASIAI0B
Importing 'GUID: 3235ecefad2a6a645aa0222aca200aeb - Path: Packages/com.unity.timeline/Editor/StyleSheets/res/Timeline_LightSkin.txt - Importer: ScriptedImporter/UnityEditor.QuickSearchModule:UnityEditor.Search:ASIAI0B' with importer (ScriptedImporter : UnityEditor.QuickSearchModule:UnityEditor.Search:ASIAI0B)
Imported 'GUID: 3235ecefad2a6a645aa0222aca200aeb' -> (Import Result ID: 'fcf7eb1526bb5c5a010615b9bfb557a1') in 0.004 seconds [static and dynamic dependencies]. Details - ImportResultOutputID=3fb292f0059c7e38f44de24e1a822a9c DependenciesID=b3292bc65bdb30133ad8f49288f856d5 StaticDependenciesID=d4fdf65bbaf4ddb020ac50dddecb45e2 
Number of updated asset objects reloaded before import = 0
Number of asset objects unloaded after import = 1
========================================================================
Received Import Request.
  Time of request: 2026-06-22T05:06:18.3122545Z
  Time since last request: 0.0003852 seconds.
  importAddress: GUID: e52de21a22b6dd44c9cc19f810c65059 - Path: Packages/com.unity.timeline/Runtime/Events/Signals/SignalReceiver.cs - Importer: ScriptedImporter/UnityEditor.QuickSearchModule:UnityEditor.Search:ASIAI0B
Importing 'GUID: e52de21a22b6dd44c9cc19f810c65059 - Path: Packages/com.unity.timeline/Runtime/Events/Signals/SignalReceiver.cs - Importer: ScriptedImporter/UnityEditor.QuickSearchModule:UnityEditor.Search:ASIAI0B' with importer (ScriptedImporter : UnityEditor.QuickSearchModule:UnityEditor.Search:ASIAI0B)
Imported 'GUID: e52de21a22b6dd44c9cc19f810c65059' -> (Import Result ID: '196c8ee100d193422722f5a815609c07') in 0.004 seconds [static and dynamic dependencies]. Details - ImportResultOutputID=9ab8c16a825873e6e530a46ab8392c00 DependenciesID=211cc33b1a15abcd25e2445a6ec215ce StaticDependenciesID=29dfd5298e5b5761ee0de87718483677 
Number of updated asset objects reloaded before import = 0
Number of asset objects unloaded after import = 0
========================================================================
Received Import Request.
  Time of request: 2026-06-22T05:06:18.3165251Z
  Time since last request: 0.0004131 seconds.
  importAddress: GUID: 4c5eb52d37bb6714a98af73df7d9cf2c - Path: Packages/com.unity.timeline/Editor/Window/Modes/TimelineDisabledMode.cs - Importer: ScriptedImporter/UnityEditor.QuickSearchModule:UnityEditor.Search:ASIAI0B
Importing 'GUID: 4c5eb52d37bb6714a98af73df7d9cf2c - Path: Packages/com.unity.timeline/Editor/Window/Modes/TimelineDisabledMode.cs - Importer: ScriptedImporter/UnityEditor.QuickSearchModule:UnityEditor.Search:ASIAI0B' with importer (ScriptedImporter : UnityEditor.QuickSearchModule:UnityEditor.Search:ASIAI0B)
Imported 'GUID: 4c5eb52d37bb6714a98af73df7d9cf2c' -> (Import Result ID: 'b3cf6f5e0d767089efb170805deee70d') in 0.004 seconds [static and dynamic dependencies]. Details - ImportResultOutputID=1d9f4e1e43dcac39760d6713ef12eda8 DependenciesID=9481c37c16c625613a8d4e1711ead281 StaticDependenciesID=7013a513a6df3a25c15141b1af1ae142 
Number of updated asset objects reloaded before import = 0
Number of asset objects unloaded after import = 0
========================================================================
Received Import Request.
  Time of request: 2026-06-22T05:06:18.3212546Z
  Time since last request: 0.0004671 seconds.
  importAddress: GUID: b3b27007577486c4d8dc088f989b288c - Path: Packages/com.unity.timeline/Editor/treeview/TrackGui/TimelineTrackGUI.cs - Importer: ScriptedImporter/UnityEditor.QuickSearchModule:UnityEditor.Search:ASIAI0B
Importing 'GUID: b3b27007577486c4d8dc088f989b288c - Path: Packages/com.unity.timeline/Editor/treeview/TrackGui/TimelineTrackGUI.cs - Importer: ScriptedImporter/UnityEditor.QuickSearchModule:UnityEditor.Search:ASIAI0B' with importer (ScriptedImporter : UnityEditor.QuickSearchModule:UnityEditor.Search:ASIAI0B)
Imported 'GUID: b3b27007577486c4d8dc088f989b288c' -> (Import Result ID: '29c058e69ad2365cbeb9e6da734399e2') in 0.004 seconds [static and dynamic dependencies]. Details - ImportResultOutputID=8772190df7b6b8351c4f9fe6cf0c55d8 DependenciesID=e6796bb9ab77c21c8472a6bb49427ce1 StaticDependenciesID=fe5276d6ae226c1d6a7e4c7ec9378ae6 
Number of updated asset objects reloaded before import = 0
Number of asset objects unloaded after import = 0
========================================================================
Received Import Request.
  Time of request: 2026-06-22T05:06:18.3255492Z
  Time since last request: 0.000434 seconds.
  importAddress: GUID: 70eae1897c9d308448eb3bb0b5be9f58 - Path: Packages/com.unity.timeline/Editor/Manipulators/Utils/EditModeUtils.cs - Importer: ScriptedImporter/UnityEditor.QuickSearchModule:UnityEditor.Search:ASIAI0B
Importing 'GUID: 70eae1897c9d308448eb3bb0b5be9f58 - Path: Packages/com.unity.timeline/Editor/Manipulators/Utils/EditModeUtils.cs - Importer: ScriptedImporter/UnityEditor.QuickSearchModule:UnityEditor.Search:ASIAI0B' with importer (ScriptedImporter : UnityEditor.QuickSearchModule:UnityEditor.Search:ASIAI0B)
Imported 'GUID: 70eae1897c9d308448eb3bb0b5be9f58' -> (Import Result ID: 'f021ae3cffdec01ebac29cdc0356333f') in 0.003 seconds [static and dynamic dependencies]. Details - ImportResultOutputID=01b117a54a1a1f95d593564bb1e51bcd DependenciesID=a123c1a1daac404adaefb39aa52b2c05 StaticDependenciesID=2746bda67a60d85348fef1234223e7f0 
Number of updated asset objects reloaded before import = 0
Number of asset objects unloaded after import = 0
========================================================================
Received Import Request.
  Time of request: 2026-06-22T05:06:18.3469095Z
  Time since last request: 0.0177052 seconds.
  importAddress: GUID: e17ee60887efdd04389991a15ee0c578 - Path: Packages/com.unity.timeline/Editor/StyleSheets/Images/DarkSkin/TimelineAutokey_active.png - Importer: ScriptedImporter/UnityEditor.QuickSearchModule:UnityEditor.Search:ASIAI0B
Importing 'GUID: e17ee60887efdd04389991a15ee0c578 - Path: Packages/com.unity.timeline/Editor/StyleSheets/Images/DarkSkin/TimelineAutokey_active.png - Importer: ScriptedImporter/UnityEditor.QuickSearchModule:UnityEditor.Search:ASIAI0B' with importer (ScriptedImporter : UnityEditor.QuickSearchModule:UnityEditor.Search:ASIAI0B)
Imported 'GUID: e17ee60887efdd04389991a15ee0c578' -> (Import Result ID: '859935194ff82f257576dfc25b58999c') in 0.041 seconds [static and dynamic dependencies]. Details - ImportResultOutputID=c8243e24d0e3d656f2d88315b80aa1a6 DependenciesID=bc3c76db7a6ea51e5bf2a76659957387 StaticDependenciesID=3205735b20040fb55484d996fbbb63e5 
Number of updated asset objects reloaded before import = 0
Number of asset objects unloaded after import = 1
========================================================================
Received Import Request.
  Time of request: 2026-06-22T05:06:18.3986299Z
  Time since last request: 0.010286 seconds.
  importAddress: GUID: d44fc8b11425e0043aa7c20a301ce707 - Path: Packages/com.unity.timeline/Editor/StyleSheets/Images/Icons/TimelineClipBG.png - Importer: ScriptedImporter/UnityEditor.QuickSearchModule:UnityEditor.Search:ASIAI0B
Importing 'GUID: d44fc8b11425e0043aa7c20a301ce707 - Path: Packages/com.unity.timeline/Editor/StyleSheets/Images/Icons/TimelineClipBG.png - Importer: ScriptedImporter/UnityEditor.QuickSearchModule:UnityEditor.Search:ASIAI0B' with importer (ScriptedImporter : UnityEditor.QuickSearchModule:UnityEditor.Search:ASIAI0B)
Imported 'GUID: d44fc8b11425e0043aa7c20a301ce707' -> (Import Result ID: 'a224d5e127acb99026622f2d244f571f') in 0.006 seconds [static and dynamic dependencies]. Details - ImportResultOutputID=4684cc0e78e190765c1a9a58e976f18a DependenciesID=71ffc477fe5eed65e5ab94896f0a6aef StaticDependenciesID=fc53c46712ba43fc101cd02a3162e020 
Number of updated asset objects reloaded before import = 0
Number of asset objects unloaded after import = 1
========================================================================
Received Import Request.
  Time of request: 2026-06-22T05:06:18.4060308Z
  Time since last request: 0.0009254 seconds.
  importAddress: GUID: 6192986415256ca47a97a97507406f5e - Path: Packages/com.unity.timeline/Editor/StyleSheets/Images/Icons/d_TrackMarkerButtonEnabled@2x.png - Importer: ScriptedImporter/UnityEditor.QuickSearchModule:UnityEditor.Search:ASIAI0B
Importing 'GUID: 6192986415256ca47a97a97507406f5e - Path: Packages/com.unity.timeline/Editor/StyleSheets/Images/Icons/d_TrackMarkerButtonEnabled@2x.png - Importer: ScriptedImporter/UnityEditor.QuickSearchModule:UnityEditor.Search:ASIAI0B' with importer (ScriptedImporter : UnityEditor.QuickSearchModule:UnityEditor.Search:ASIAI0B)
Imported 'GUID: 6192986415256ca47a97a97507406f5e' -> (Import Result ID: '186bb7365ed16fe8a7386889936dc346') in 0.008 seconds [static and dynamic dependencies]. Details - ImportResultOutputID=4e07c43ac7d7869b76ce6bd35cb07796 DependenciesID=650c5b7d8936f7967d15d0921b40be5c StaticDependenciesID=46f589242c7636b1e971b907a8f64cf6 
Number of updated asset objects reloaded before import = 0
Number of asset objects unloaded after import = 1
========================================================================
Received Import Request.
  Time of request: 2026-06-22T05:06:18.4150446Z
  Time since last request: 0.0005816 seconds.
  importAddress: GUID: f747f9cdf03f2ff418fe728a77e8cbef - Path: Packages/com.unity.timeline/Editor/StyleSheets/Images/DarkSkin/TimelineContinue.png - Importer: ScriptedImporter/UnityEditor.QuickSearchModule:UnityEditor.Search:ASIAI0B
Importing 'GUID: f747f9cdf03f2ff418fe728a77e8cbef - Path: Packages/com.unity.timeline/Editor/StyleSheets/Images/DarkSkin/TimelineContinue.png - Importer: ScriptedImporter/UnityEditor.QuickSearchModule:UnityEditor.Search:ASIAI0B' with importer (ScriptedImporter : UnityEditor.QuickSearchModule:UnityEditor.Search:ASIAI0B)
Imported 'GUID: f747f9cdf03f2ff418fe728a77e8cbef' -> (Import Result ID: 'f8117df0831520b54577cc3b7b5714d4') in 0.011 seconds [static and dynamic dependencies]. Details - ImportResultOutputID=ff3eb637bee511210070b044126273b5 DependenciesID=a09a060eba0f365d3c390971f12582e4 StaticDependenciesID=876d25ebe1e71aabc57d94bb812cfd3a 
Number of updated asset objects reloaded before import = 0
Number of asset objects unloaded after import = 1
========================================================================
Received Import Request.
  Time of request: 2026-06-22T05:06:18.4264877Z
  Time since last request: 0.000564 seconds.
  importAddress: GUID: 6d41c3e8796a4fd4e80840354039e4ac - Path: Packages/com.unity.timeline/Editor/StyleSheets/Images/Icons/TimelineEditModeReplaceON.png - Importer: ScriptedImporter/UnityEditor.QuickSearchModule:UnityEditor.Search:ASIAI0B
Importing 'GUID: 6d41c3e8796a4fd4e80840354039e4ac - Path: Packages/com.unity.timeline/Editor/StyleSheets/Images/Icons/TimelineEditModeReplaceON.png - Importer: ScriptedImporter/UnityEditor.QuickSearchModule:UnityEditor.Search:ASIAI0B' with importer (ScriptedImporter : UnityEditor.QuickSearchModule:UnityEditor.Search:ASIAI0B)
Imported 'GUID: 6d41c3e8796a4fd4e80840354039e4ac' -> (Import Result ID: '10362f6d4180703674cc301aaa247cb7') in 0.008 seconds [static and dynamic dependencies]. Details - ImportResultOutputID=c504dc41518ab6e147f1d87f23d0871f DependenciesID=2b85c6e73eb997c5d498bc039da64307 StaticDependenciesID=33fa617559100ad65fd07ba45395eb09 
Number of updated asset objects reloaded before import = 0
Number of asset objects unloaded after import = 1
========================================================================
Received Import Request.
  Time of request: 2026-06-22T05:06:18.4355348Z
  Time since last request: 0.0004207 seconds.
  importAddress: GUID: db15c78579dee4a4db85f392634c8ecc - Path: Packages/com.unity.timeline/Editor/StyleSheets/Images/Icons/d_TrackRecordButtonDisabled@2x.png - Importer: ScriptedImporter/UnityEditor.QuickSearchModule:UnityEditor.Search:ASIAI0B
Importing 'GUID: db15c78579dee4a4db85f392634c8ecc - Path: Packages/com.unity.timeline/Editor/StyleSheets/Images/Icons/d_TrackRecordButtonDisabled@2x.png - Importer: ScriptedImporter/UnityEditor.QuickSearchModule:UnityEditor.Search:ASIAI0B' with importer (ScriptedImporter : UnityEditor.QuickSearchModule:UnityEditor.Search:ASIAI0B)
Imported 'GUID: db15c78579dee4a4db85f392634c8ecc' -> (Import Result ID: '75119d7d5376730d7bac78c1973a1522') in 0.008 seconds [static and dynamic dependencies]. Details - ImportResultOutputID=a90592a536625f27e8d54179833e7a19 DependenciesID=fa13c8c8ff85037ca3b60cb60614b532 StaticDependenciesID=511e3e54ddadb5f7a5b4d599b6c11ed4 
Number of updated asset objects reloaded before import = 0
Number of asset objects unloaded after import = 1
========================================================================
Received Import Request.
  Time of request: 2026-06-22T05:06:18.4444119Z
  Time since last request: 0.0003679 seconds.
  importAddress: GUID: 32f7e3598d6414c489127629e29af3f6 - Path: Packages/com.unity.timeline/Editor/StyleSheets/Images/DarkSkin/TimelineIconClipOut.png - Importer: ScriptedImporter/UnityEditor.QuickSearchModule:UnityEditor.Search:ASIAI0B
Importing 'GUID: 32f7e3598d6414c489127629e29af3f6 - Path: Packages/com.unity.timeline/Editor/StyleSheets/Images/DarkSkin/TimelineIconClipOut.png - Importer: ScriptedImporter/UnityEditor.QuickSearchModule:UnityEditor.Search:ASIAI0B' with importer (ScriptedImporter : UnityEditor.QuickSearchModule:UnityEditor.Search:ASIAI0B)
Imported 'GUID: 32f7e3598d6414c489127629e29af3f6' -> (Import Result ID: 'aa150bd28b377c09cb0cad1aa818c20e') in 0.008 seconds [static and dynamic dependencies]. Details - ImportResultOutputID=43499675f85f353d9881b35ffd0bd159 DependenciesID=aaf6652b1f575da1e1ca135a823df1a7 StaticDependenciesID=1aa43e325ad49b17490211207ba4828a 
Number of updated asset objects reloaded before import = 0
Number of asset objects unloaded after import = 1
========================================================================
Received Import Request.
  Time of request: 2026-06-22T05:06:18.4534227Z
  Time since last request: 0.0003679 seconds.
  importAddress: GUID: 67a774c4384aa6c488128e2851b18ced - Path: Packages/com.unity.timeline/Editor/StyleSheets/Images/Icons/d_TimelineEditModeRippleON.png - Importer: ScriptedImporter/UnityEditor.QuickSearchModule:UnityEditor.Search:ASIAI0B
Importing 'GUID: 67a774c4384aa6c488128e2851b18ced - Path: Packages/com.unity.timeline/Editor/StyleSheets/Images/Icons/d_TimelineEditModeRippleON.png - Importer: ScriptedImporter/UnityEditor.QuickSearchModule:UnityEditor.Search:ASIAI0B' with importer (ScriptedImporter : UnityEditor.QuickSearchModule:UnityEditor.Search:ASIAI0B)
Imported 'GUID: 67a774c4384aa6c488128e2851b18ced' -> (Import Result ID: '86260e0088898fb8b11af6e60b1f23a4') in 0.013 seconds [static and dynamic dependencies]. Details - ImportResultOutputID=f94b2dc8b710bf1ab71b27bb08c16adc DependenciesID=fee5e8ea728da7a0dbc039dbb2287143 StaticDependenciesID=34082153da02dc3ab58731067f1fa587 
Number of updated asset objects reloaded before import = 0
Number of asset objects unloaded after import = 1
========================================================================
Received Import Request.
  Time of request: 2026-06-22T05:06:18.4673773Z
  Time since last request: 0.0003107 seconds.
  importAddress: GUID: 411e6f19c19fa0546af83aeb59c2ed4b - Path: Packages/com.unity.timeline/Editor/StyleSheets/Images/Icons/d_TimelineEditModeRippleOFF.png - Importer: ScriptedImporter/UnityEditor.QuickSearchModule:UnityEditor.Search:ASIAI0B
Importing 'GUID: 411e6f19c19fa0546af83aeb59c2ed4b - Path: Packages/com.unity.timeline/Editor/StyleSheets/Images/Icons/d_TimelineEditModeRippleOFF.png - Importer: ScriptedImporter/UnityEditor.QuickSearchModule:UnityEditor.Search:ASIAI0B' with importer (ScriptedImporter : UnityEditor.QuickSearchModule:UnityEditor.Search:ASIAI0B)
Imported 'GUID: 411e6f19c19fa0546af83aeb59c2ed4b' -> (Import Result ID: 'f9590cbc1393049254204c0beecf4e68') in 0.009 seconds [static and dynamic dependencies]. Details - ImportResultOutputID=817f221e0da443151875ec540d44d979 DependenciesID=265173fca3ed6fd709d0aaf2a33582fc StaticDependenciesID=b4071b3684a54326aa095d28eada6a18 
Number of updated asset objects reloaded before import = 0
Number of asset objects unloaded after import = 1
========================================================================
Received Import Request.
  Time of request: 2026-06-22T05:06:18.4773576Z
  Time since last request: 0.0008052 seconds.
  importAddress: GUID: c285802d9d414814fad592b90b223f15 - Path: Packages/com.unity.timeline/Editor/StyleSheets/Images/DarkSkin/TimelineEndPlayback.png - Importer: ScriptedImporter/UnityEditor.QuickSearchModule:UnityEditor.Search:ASIAI0B
Importing 'GUID: c285802d9d414814fad592b90b223f15 - Path: Packages/com.unity.timeline/Editor/StyleSheets/Images/DarkSkin/TimelineEndPlayback.png - Importer: ScriptedImporter/UnityEditor.QuickSearchModule:UnityEditor.Search:ASIAI0B' with importer (ScriptedImporter : UnityEditor.QuickSearchModule:UnityEditor.Search:ASIAI0B)
Imported 'GUID: c285802d9d414814fad592b90b223f15' -> (Import Result ID: '6d8547bc7197b81d6157bee3dfd86554') in 0.009 seconds [static and dynamic dependencies]. Details - ImportResultOutputID=0347aaa4b262ceab64acfb948415553b DependenciesID=66fb0283e0e9ebf3d633a70bf5b7f5fa StaticDependenciesID=5c9b1efe1977d74a18fa2ee4797599b6 
Number of updated asset objects reloaded before import = 0
Number of asset objects unloaded after import = 1
========================================================================
Received Import Request.
  Time of request: 2026-06-22T05:06:18.4876037Z
  Time since last request: 0.0005936 seconds.
  importAddress: GUID: 412f73153f3a3c549b67b2a847741145 - Path: Packages/com.unity.timeline/Editor/StyleSheets/Images/DarkSkin/TimelineDisabledBackground.png - Importer: ScriptedImporter/UnityEditor.QuickSearchModule:UnityEditor.Search:ASIAI0B
Importing 'GUID: 412f73153f3a3c549b67b2a847741145 - Path: Packages/com.unity.timeline/Editor/StyleSheets/Images/DarkSkin/TimelineDisabledBackground.png - Importer: ScriptedImporter/UnityEditor.QuickSearchModule:UnityEditor.Search:ASIAI0B' with importer (ScriptedImporter : UnityEditor.QuickSearchModule:UnityEditor.Search:ASIAI0B)
Imported 'GUID: 412f73153f3a3c549b67b2a847741145' -> (Import Result ID: 'f45c67ff2af9f3848dbae34131d8df52') in 0.007 seconds [static and dynamic dependencies]. Details - ImportResultOutputID=ebe6d896b4ca68bc6fc219cf421e3d59 DependenciesID=219bd1115db3541182cccae219e5487d StaticDependenciesID=e038402badfcecd592c406183ae89d95 
Number of updated asset objects reloaded before import = 0
Number of asset objects unloaded after import = 1
========================================================================
Received Import Request.
  Time of request: 2026-06-22T05:06:18.4952432Z
  Time since last request: 0.0003674 seconds.
  importAddress: GUID: 5060c9f9eb2f7ee4695b638a21d8fe01 - Path: Packages/com.unity.timeline/Editor/StyleSheets/Images/DarkSkin/TimelineStartPlayback.png - Importer: ScriptedImporter/UnityEditor.QuickSearchModule:UnityEditor.Search:ASIAI0B
Importing 'GUID: 5060c9f9eb2f7ee4695b638a21d8fe01 - Path: Packages/com.unity.timeline/Editor/StyleSheets/Images/DarkSkin/TimelineStartPlayback.png - Importer: ScriptedImporter/UnityEditor.QuickSearchModule:UnityEditor.Search:ASIAI0B' with importer (ScriptedImporter : UnityEditor.QuickSearchModule:UnityEditor.Search:ASIAI0B)
Imported 'GUID: 5060c9f9eb2f7ee4695b638a21d8fe01' -> (Import Result ID: 'b132256691d4bd5986d554e794e19d3a') in 0.009 seconds [static and dynamic dependencies]. Details - ImportResultOutputID=2e24c84cff0991a464e64cbb58c495c7 DependenciesID=070a5535e8da2e7d463d2e8197bad040 StaticDependenciesID=e31fb68724d68e4c645744eef1f6cb6b 
Number of updated asset objects reloaded before import = 0
Number of asset objects unloaded after import = 1
========================================================================
Received Import Request.
  Time of request: 2026-06-22T05:06:18.5050247Z
  Time since last request: 0.0003733 seconds.
  importAddress: GUID: 6ab002208ec290544b44bc263dc58a95 - Path: Packages/com.unity.timeline/Editor/StyleSheets/Images/Icons/d_TrackMuteButtonDisabled.png - Importer: ScriptedImporter/UnityEditor.QuickSearchModule:UnityEditor.Search:ASIAI0B
Importing 'GUID: 6ab002208ec290544b44bc263dc58a95 - Path: Packages/com.unity.timeline/Editor/StyleSheets/Images/Icons/d_TrackMuteButtonDisabled.png - Importer: ScriptedImporter/UnityEditor.QuickSearchModule:UnityEditor.Search:ASIAI0B' with importer (ScriptedImporter : UnityEditor.QuickSearchModule:UnityEditor.Search:ASIAI0B)
Imported 'GUID: 6ab002208ec290544b44bc263dc58a95' -> (Import Result ID: '118ccc6f7c7baf2b73deb2ab6d5d7086') in 0.006 seconds [static and dynamic dependencies]. Details - ImportResultOutputID=408a3d4ac578161e72422e1570c42997 DependenciesID=bca7a1359890fc9dae19ed9954788ed1 StaticDependenciesID=734112941a8ec38a7a88132a0a449d07 
Number of updated asset objects reloaded before import = 0
Number of asset objects unloaded after import = 1
========================================================================
Received Import Request.
  Time of request: 2026-06-22T05:06:18.5119948Z
  Time since last request: 0.0003194 seconds.
  importAddress: GUID: fd194f75fe3d7ca4488fa775ae832fd8 - Path: Packages/com.unity.timeline/Editor/StyleSheets/Images/Icons/d_TrackAvatarButtonDisabled@2x.png - Importer: ScriptedImporter/UnityEditor.QuickSearchModule:UnityEditor.Search:ASIAI0B
Importing 'GUID: fd194f75fe3d7ca4488fa775ae832fd8 - Path: Packages/com.unity.timeline/Editor/StyleSheets/Images/Icons/d_TrackAvatarButtonDisabled@2x.png - Importer: ScriptedImporter/UnityEditor.QuickSearchModule:UnityEditor.Search:ASIAI0B' with importer (ScriptedImporter : UnityEditor.QuickSearchModule:UnityEditor.Search:ASIAI0B)
Imported 'GUID: fd194f75fe3d7ca4488fa775ae832fd8' -> (Import Result ID: '2a5dab23a72e53f6e7e1e6ff9cfad105') in 0.007 seconds [static and dynamic dependencies]. Details - ImportResultOutputID=614746657e3a6e4455fef36d156877f0 DependenciesID=2dedb72c29d2ce9df3a5240bebbf3e9e StaticDependenciesID=b40b3a4c2c1745b7aa7e9a3378691cdf 
Number of updated asset objects reloaded before import = 0
Number of asset objects unloaded after import = 1
========================================================================
Received Import Request.
  Time of request: 2026-06-22T05:06:18.5319998Z
  Time since last request: 0.0129818 seconds.
  importAddress: GUID: 75f26f1c549568c4e9950a368bd08cb8 - Path: Packages/com.unity.timeline/Editor/StyleSheets/Images/Shared/Timeline-Marker-Multi-Overlay.png - Importer: ScriptedImporter/UnityEditor.QuickSearchModule:UnityEditor.Search:ASIAI0B
Importing 'GUID: 75f26f1c549568c4e9950a368bd08cb8 - Path: Packages/com.unity.timeline/Editor/StyleSheets/Images/Shared/Timeline-Marker-Multi-Overlay.png - Importer: ScriptedImporter/UnityEditor.QuickSearchModule:UnityEditor.Search:ASIAI0B' with importer (ScriptedImporter : UnityEditor.QuickSearchModule:UnityEditor.Search:ASIAI0B)
Imported 'GUID: 75f26f1c549568c4e9950a368bd08cb8' -> (Import Result ID: '007823a61062c1dda284a5cdc88b507f') in 0.007 seconds [static and dynamic dependencies]. Details - ImportResultOutputID=90d6bdd5e0d92cac53d4d1a529be0633 DependenciesID=0f4f65d99a549db1e526eb8b743eba0b StaticDependenciesID=bbd67f0d6b64b2180d27c00f18cbe553 
Number of updated asset objects reloaded before import = 0
Number of asset objects unloaded after import = 1
========================================================================
Received Import Request.
  Time of request: 2026-06-22T05:06:18.5403622Z
  Time since last request: 0.0008514 seconds.
  importAddress: GUID: bd7b7cac6eb0c3f469781d9a729a1c94 - Path: Packages/com.unity.timeline/Editor/StyleSheets/Images/Icons/TimelineEditModeRippleOFF.png - Importer: ScriptedImporter/UnityEditor.QuickSearchModule:UnityEditor.Search:ASIAI0B
Importing 'GUID: bd7b7cac6eb0c3f469781d9a729a1c94 - Path: Packages/com.unity.timeline/Editor/StyleSheets/Images/Icons/TimelineEditModeRippleOFF.png - Importer: ScriptedImporter/UnityEditor.QuickSearchModule:UnityEditor.Search:ASIAI0B' with importer (ScriptedImporter : UnityEditor.QuickSearchModule:UnityEditor.Search:ASIAI0B)
Imported 'GUID: bd7b7cac6eb0c3f469781d9a729a1c94' -> (Import Result ID: 'b7f6eb975848cd15974e49b1a722c1cc') in 0.009 seconds [static and dynamic dependencies]. Details - ImportResultOutputID=ac69f0c4483f99d2b706e6a0b4f5914e DependenciesID=374a440b3a53b42553c9681c1826372e StaticDependenciesID=bf4cf053109630273dd0e9015874ba96 
Number of updated asset objects reloaded before import = 0
Number of asset objects unloaded after import = 1
========================================================================
Received Import Request.
  Time of request: 2026-06-22T05:06:18.5506135Z
  Time since last request: 0.000614 seconds.
  importAddress: GUID: b8c531b4e51e4994a81837c4e9b0d649 - Path: Packages/com.unity.timeline/Editor/StyleSheets/Images/Icons/TrackLockButtonEnabled@2x.png - Importer: ScriptedImporter/UnityEditor.QuickSearchModule:UnityEditor.Search:ASIAI0B
Importing 'GUID: b8c531b4e51e4994a81837c4e9b0d649 - Path: Packages/com.unity.timeline/Editor/StyleSheets/Images/Icons/TrackLockButtonEnabled@2x.png - Importer: ScriptedImporter/UnityEditor.QuickSearchModule:UnityEditor.Search:ASIAI0B' with importer (ScriptedImporter : UnityEditor.QuickSearchModule:UnityEditor.Search:ASIAI0B)
Imported 'GUID: b8c531b4e51e4994a81837c4e9b0d649' -> (Import Result ID: 'ceff3f41e64060cc0f3edc4dc1638964') in 0.010 seconds [static and dynamic dependencies]. Details - ImportResultOutputID=769565031b80b6a18f55aa4f0ccfba2d DependenciesID=4a4a5058fd3672afc6e66eaf5a215059 StaticDependenciesID=bf0d24602e7b48f0cd7f2e08b0ec7919 
Number of updated asset objects reloaded before import = 0
Number of asset objects unloaded after import = 1
========================================================================
Received Import Request.
  Time of request: 2026-06-22T05:06:18.5610088Z
  Time since last request: 0.000471 seconds.
  importAddress: GUID: 0304baf8d224f3e47b22d872c8dcd412 - Path: Packages/com.unity.timeline/Editor/StyleSheets/Images/LightSkin/TimelineDisabledBackground.png - Importer: ScriptedImporter/UnityEditor.QuickSearchModule:UnityEditor.Search:ASIAI0B
Importing 'GUID: 0304baf8d224f3e47b22d872c8dcd412 - Path: Packages/com.unity.timeline/Editor/StyleSheets/Images/LightSkin/TimelineDisabledBackground.png - Importer: ScriptedImporter/UnityEditor.QuickSearchModule:UnityEditor.Search:ASIAI0B' with importer (ScriptedImporter : UnityEditor.QuickSearchModule:UnityEditor.Search:ASIAI0B)
Imported 'GUID: 0304baf8d224f3e47b22d872c8dcd412' -> (Import Result ID: '4622824119900d9ea7f67fe1fbae0baa') in 0.009 seconds [static and dynamic dependencies]. Details - ImportResultOutputID=14ef41fe327fc40863b8d72a5e6469bd DependenciesID=8cd6e74a0169e17cadca8d39ce0874a7 StaticDependenciesID=ecaf94935d17c7e6b0db00ad6e4bf89a 
Number of updated asset objects reloaded before import = 0
Number of asset objects unloaded after import = 1
========================================================================
Received Import Request.
  Time of request: 2026-06-22T05:06:18.5713268Z
  Time since last request: 0.0007845 seconds.
  importAddress: GUID: 4bf6507f1346b2746a35384f6a5fd5f9 - Path: Packages/com.unity.timeline/Editor/StyleSheets/Images/Icons/TrackAvatarButtonEnabled.png - Importer: ScriptedImporter/UnityEditor.QuickSearchModule:UnityEditor.Search:ASIAI0B
Importing 'GUID: 4bf6507f1346b2746a35384f6a5fd5f9 - Path: Packages/com.unity.timeline/Editor/StyleSheets/Images/Icons/TrackAvatarButtonEnabled.png - Importer: ScriptedImporter/UnityEditor.QuickSearchModule:UnityEditor.Search:ASIAI0B' with importer (ScriptedImporter : UnityEditor.QuickSearchModule:UnityEditor.Search:ASIAI0B)
Imported 'GUID: 4bf6507f1346b2746a35384f6a5fd5f9' -> (Import Result ID: '6d6b36572ff79a68ea00d6e9bf3a634a') in 0.009 seconds [static and dynamic dependencies]. Details - ImportResultOutputID=fcb1060f4fd7799d9ee3cfc85c0e2595 DependenciesID=e7205e636c0a37fd41e9d6d3c14bd89d StaticDependenciesID=6c8d2160e8ab5c69d8ddef368de50e54 
Number of updated asset objects reloaded before import = 0
Number of asset objects unloaded after import = 1
========================================================================
Received Import Request.
  Time of request: 2026-06-22T05:06:18.5810478Z
  Time since last request: 0.0003086 seconds.
  importAddress: GUID: 6091f9516d23100479c03bca26138bc8 - Path: Packages/com.unity.timeline/Editor/StyleSheets/Images/Icons/TrackRecordButtonDisabled@2x.png - Importer: ScriptedImporter/UnityEditor.QuickSearchModule:UnityEditor.Search:ASIAI0B
Importing 'GUID: 6091f9516d23100479c03bca26138bc8 - Path: Packages/com.unity.timeline/Editor/StyleSheets/Images/Icons/TrackRecordButtonDisabled@2x.png - Importer: ScriptedImporter/UnityEditor.QuickSearchModule:UnityEditor.Search:ASIAI0B' with importer (ScriptedImporter : UnityEditor.QuickSearchModule:UnityEditor.Search:ASIAI0B)
Imported 'GUID: 6091f9516d23100479c03bca26138bc8' -> (Import Result ID: '8df2caddf14d206518f7929ebc6a1fba') in 0.008 seconds [static and dynamic dependencies]. Details - ImportResultOutputID=7760f1388070a15f324ff47b28c2ba2c DependenciesID=0fa33210449ededa63dc1e9a745beb30 StaticDependenciesID=f5ff3a965affadb0e2b4c9776bcf2398 
Number of updated asset objects reloaded before import = 0
Number of asset objects unloaded after import = 1
========================================================================
Received Import Request.
  Time of request: 2026-06-22T05:06:18.5892645Z
  Time since last request: 0.0003648 seconds.
  importAddress: GUID: 495998c718a094540bbe57ae5ab07647 - Path: Packages/com.unity.timeline/Editor/StyleSheets/Images/Icons/TrackRecordButtonDisabled.png - Importer: ScriptedImporter/UnityEditor.QuickSearchModule:UnityEditor.Search:ASIAI0B
Importing 'GUID: 495998c718a094540bbe57ae5ab07647 - Path: Packages/com.unity.timeline/Editor/StyleSheets/Images/Icons/TrackRecordButtonDisabled.png - Importer: ScriptedImporter/UnityEditor.QuickSearchModule:UnityEditor.Search:ASIAI0B' with importer (ScriptedImporter : UnityEditor.QuickSearchModule:UnityEditor.Search:ASIAI0B)
Imported 'GUID: 495998c718a094540bbe57ae5ab07647' -> (Import Result ID: '71ba4683309656e3c2529e495f165ead') in 0.008 seconds [static and dynamic dependencies]. Details - ImportResultOutputID=8ba6c6a05111ce7b01b9de18060fdced DependenciesID=8277cd7592eecc3333477b2bc4bb25cf StaticDependenciesID=c7628d0e4fcbe2348c9cb898811e933a 
Number of updated asset objects reloaded before import = 0
Number of asset objects unloaded after import = 1
========================================================================
Received Import Request.
  Time of request: 2026-06-22T05:06:18.5981386Z
  Time since last request: 0.0004767 seconds.
  importAddress: GUID: 5dfe66e61e0d270468ae75349ff3a3eb - Path: Packages/com.unity.timeline/Editor/StyleSheets/Images/Shared/TimelineSeqEnd.png - Importer: ScriptedImporter/UnityEditor.QuickSearchModule:UnityEditor.Search:ASIAI0B
Importing 'GUID: 5dfe66e61e0d270468ae75349ff3a3eb - Path: Packages/com.unity.timeline/Editor/StyleSheets/Images/Shared/TimelineSeqEnd.png - Importer: ScriptedImporter/UnityEditor.QuickSearchModule:UnityEditor.Search:ASIAI0B' with importer (ScriptedImporter : UnityEditor.QuickSearchModule:UnityEditor.Search:ASIAI0B)
Imported 'GUID: 5dfe66e61e0d270468ae75349ff3a3eb' -> (Import Result ID: 'cdec897d4b65d099c80020e38d1449db') in 0.009 seconds [static and dynamic dependencies]. Details - ImportResultOutputID=75e6a452e6a9baa6fd9a2912601236be DependenciesID=ef91506b21f563173f2a5288fde337c5 StaticDependenciesID=f7be1f388865e8783dd7cbc8a5c45e49 
Number of updated asset objects reloaded before import = 0
Number of asset objects unloaded after import = 1
========================================================================
Received Import Request.
  Time of request: 2026-06-22T05:06:18.6076542Z
  Time since last request: 0.0003525 seconds.
  importAddress: GUID: 54623075676bd504d93243fb18745161 - Path: Packages/com.unity.timeline/Editor/StyleSheets/Images/Icons/TrackAvatarButtonDisabled.png - Importer: ScriptedImporter/UnityEditor.QuickSearchModule:UnityEditor.Search:ASIAI0B
Importing 'GUID: 54623075676bd504d93243fb18745161 - Path: Packages/com.unity.timeline/Editor/StyleSheets/Images/Icons/TrackAvatarButtonDisabled.png - Importer: ScriptedImporter/UnityEditor.QuickSearchModule:UnityEditor.Search:ASIAI0B' with importer (ScriptedImporter : UnityEditor.QuickSearchModule:UnityEditor.Search:ASIAI0B)
Imported 'GUID: 54623075676bd504d93243fb18745161' -> (Import Result ID: '0d60d3f77bab30695e85ee854641fc79') in 0.008 seconds [static and dynamic dependencies]. Details - ImportResultOutputID=8ccc693f9c7e516e2bf5a6566fdbddac DependenciesID=353a59fbb486d429a484cc5c9a1094d9 StaticDependenciesID=adfdb367c48973a1611e323ac7c7818a 
Number of updated asset objects reloaded before import = 0
Number of asset objects unloaded after import = 1
========================================================================
Received Import Request.
  Time of request: 2026-06-22T05:06:18.6159204Z
  Time since last request: 0.0003751 seconds.
  importAddress: GUID: ed665472b4fee2043a5c1cc802beaa8e - Path: Packages/com.unity.timeline/Editor/StyleSheets/Images/LightSkin/TimelineTimeCursor.png - Importer: ScriptedImporter/UnityEditor.QuickSearchModule:UnityEditor.Search:ASIAI0B
Importing 'GUID: ed665472b4fee2043a5c1cc802beaa8e - Path: Packages/com.unity.timeline/Editor/StyleSheets/Images/LightSkin/TimelineTimeCursor.png - Importer: ScriptedImporter/UnityEditor.QuickSearchModule:UnityEditor.Search:ASIAI0B' with importer (ScriptedImporter : UnityEditor.QuickSearchModule:UnityEditor.Search:ASIAI0B)
Imported 'GUID: ed665472b4fee2043a5c1cc802beaa8e' -> (Import Result ID: 'e922f377882c241fe5002120589542b1') in 0.007 seconds [static and dynamic dependencies]. Details - ImportResultOutputID=d74eea0d681b5b56640736eede8b46da DependenciesID=da0ee48ebc05b853b4105338ec4396f0 StaticDependenciesID=1848d1f4b4bac3baef253cfe7466af89 
Number of updated asset objects reloaded before import = 0
Number of asset objects unloaded after import = 1
========================================================================
Received Import Request.
  Time of request: 2026-06-22T05:06:18.6239956Z
  Time since last request: 0.0003461 seconds.
  importAddress: GUID: 1732e542f535d374bbfa7565fc78414e - Path: Packages/com.unity.timeline/Editor/StyleSheets/Images/Shared/TimelineWarning.png - Importer: ScriptedImporter/UnityEditor.QuickSearchModule:UnityEditor.Search:ASIAI0B
Importing 'GUID: 1732e542f535d374bbfa7565fc78414e - Path: Packages/com.unity.timeline/Editor/StyleSheets/Images/Shared/TimelineWarning.png - Importer: ScriptedImporter/UnityEditor.QuickSearchModule:UnityEditor.Search:ASIAI0B' with importer (ScriptedImporter : UnityEditor.QuickSearchModule:UnityEditor.Search:ASIAI0B)
Imported 'GUID: 1732e542f535d374bbfa7565fc78414e' -> (Import Result ID: '103ec9101e7ef2ad105407a9f89fe476') in 0.007 seconds [static and dynamic dependencies]. Details - ImportResultOutputID=53b1100e2c79558cabab692de2d3cea5 DependenciesID=f41022b0fb059977d12029773eb6e99a StaticDependenciesID=802e3e3086477de591a86e6a4922944c 
Number of updated asset objects reloaded before import = 0
Number of asset objects unloaded after import = 1
========================================================================
Received Import Request.
  Time of request: 2026-06-22T05:06:18.6314879Z
  Time since last request: 0.0003371 seconds.
  importAddress: GUID: f9fd2f335364cda41937eab39bf20049 - Path: Packages/com.unity.timeline/Editor/StyleSheets/Images/LightSkin/TimelineKeyframe.png - Importer: ScriptedImporter/UnityEditor.QuickSearchModule:UnityEditor.Search:ASIAI0B
Importing 'GUID: f9fd2f335364cda41937eab39bf20049 - Path: Packages/com.unity.timeline/Editor/StyleSheets/Images/LightSkin/TimelineKeyframe.png - Importer: ScriptedImporter/UnityEditor.QuickSearchModule:UnityEditor.Search:ASIAI0B' with importer (ScriptedImporter : UnityEditor.QuickSearchModule:UnityEditor.Search:ASIAI0B)
Imported 'GUID: f9fd2f335364cda41937eab39bf20049' -> (Import Result ID: '2bf0514a2aa9ba53e3018bd54407ce69') in 0.006 seconds [static and dynamic dependencies]. Details - ImportResultOutputID=f8e0c2a6c07bd9806ca0f369230d205a DependenciesID=2520d183a00b368112e8c3b378a2310a StaticDependenciesID=867071263e214dd80d6f9b0b9ba5cb02 
Number of updated asset objects reloaded before import = 0
Number of asset objects unloaded after import = 1
========================================================================
Received Import Request.
  Time of request: 2026-06-22T05:06:18.6381598Z
  Time since last request: 0.0004586 seconds.
  importAddress: GUID: 829511f8e35bf3a40be037a1050f801c - Path: Packages/com.unity.timeline/Editor/StyleSheets/Images/Shared/TimelineOutline.png - Importer: ScriptedImporter/UnityEditor.QuickSearchModule:UnityEditor.Search:ASIAI0B
Importing 'GUID: 829511f8e35bf3a40be037a1050f801c - Path: Packages/com.unity.timeline/Editor/StyleSheets/Images/Shared/TimelineOutline.png - Importer: ScriptedImporter/UnityEditor.QuickSearchModule:UnityEditor.Search:ASIAI0B' with importer (ScriptedImporter : UnityEditor.QuickSearchModule:UnityEditor.Search:ASIAI0B)
Imported 'GUID: 829511f8e35bf3a40be037a1050f801c' -> (Import Result ID: '09cb9b3b924e3f0106478ebe93916cc6') in 0.008 seconds [static and dynamic dependencies]. Details - ImportResultOutputID=91bff1a00223bd930f4b6e52acaa7c12 DependenciesID=a6415af8d1ef26873754f3e8eecd27f2 StaticDependenciesID=3472da7bc848039e49f99eaa22cc3758 
Number of updated asset objects reloaded before import = 0
Number of asset objects unloaded after import = 1
========================================================================
Received Import Request.
  Time of request: 2026-06-22T05:06:18.6614887Z
  Time since last request: 0.0150658 seconds.
  importAddress: GUID: af8f9a7f066204789819c6a616afe2c0 - Path: Packages/com.unity.ai.navigation/LICENSE.md - Importer: ScriptedImporter/UnityEditor.QuickSearchModule:UnityEditor.Search:ASIAI0B
Importing 'GUID: af8f9a7f066204789819c6a616afe2c0 - Path: Packages/com.unity.ai.navigation/LICENSE.md - Importer: ScriptedImporter/UnityEditor.QuickSearchModule:UnityEditor.Search:ASIAI0B' with importer (ScriptedImporter : UnityEditor.QuickSearchModule:UnityEditor.Search:ASIAI0B)
Imported 'GUID: af8f9a7f066204789819c6a616afe2c0' -> (Import Result ID: '8d7a71c01ec05eda3423aa1abd72c6f8') in 0.004 seconds [static and dynamic dependencies]. Details - ImportResultOutputID=01d1865d99af7825e11ec92fd3ffa074 DependenciesID=13cb1a74a99f4e22995c478e048d0b72 StaticDependenciesID=fd2a641970bcb9202773f642b617e984 
Number of updated asset objects reloaded before import = 0
Number of asset objects unloaded after import = 1
========================================================================
Received Import Request.
  Time of request: 2026-06-22T05:06:18.6792692Z
  Time since last request: 0.0138165 seconds.
  importAddress: GUID: 8c0c4a4a1781441ff8c5f9585d5a3462 - Path: Packages/com.unity.ai.navigation/Editor/ConversionSystem/EditorStyles.cs - Importer: ScriptedImporter/UnityEditor.QuickSearchModule:UnityEditor.Search:ASIAI0B
Importing 'GUID: 8c0c4a4a1781441ff8c5f9585d5a3462 - Path: Packages/com.unity.ai.navigation/Editor/ConversionSystem/EditorStyles.cs - Importer: ScriptedImporter/UnityEditor.QuickSearchModule:UnityEditor.Search:ASIAI0B' with importer (ScriptedImporter : UnityEditor.QuickSearchModule:UnityEditor.Search:ASIAI0B)
Imported 'GUID: 8c0c4a4a1781441ff8c5f9585d5a3462' -> (Import Result ID: '814f59597d8e6b2476a5077b35c8a553') in 0.003 seconds [static and dynamic dependencies]. Details - ImportResultOutputID=2d204291a0110f3c1dd635378ddb3381 DependenciesID=e8dbc65169940b30a69e9d80ebd931d6 StaticDependenciesID=f1e364b7429eeb2c1eb609c31b102172 
Number of updated asset objects reloaded before import = 0
Number of asset objects unloaded after import = 0
========================================================================
Received Import Request.
  Time of request: 2026-06-22T05:06:18.6834622Z
  Time since last request: 0.0005051 seconds.
  importAddress: GUID: 80899a9fbe3d3364eac2c5924c0a28cf - Path: Packages/com.unity.ai.navigation/EditorResources/Overlay/d_NavigationOverlay@128.png - Importer: ScriptedImporter/UnityEditor.QuickSearchModule:UnityEditor.Search:ASIAI0B
Importing 'GUID: 80899a9fbe3d3364eac2c5924c0a28cf - Path: Packages/com.unity.ai.navigation/EditorResources/Overlay/d_NavigationOverlay@128.png - Importer: ScriptedImporter/UnityEditor.QuickSearchModule:UnityEditor.Search:ASIAI0B' with importer (ScriptedImporter : UnityEditor.QuickSearchModule:UnityEditor.Search:ASIAI0B)
Imported 'GUID: 80899a9fbe3d3364eac2c5924c0a28cf' -> (Import Result ID: 'f6480a65ab5faeee6ff575e20ba50dd3') in 0.010 seconds [static and dynamic dependencies]. Details - ImportResultOutputID=cecffd35908fe48f31e597108807e646 DependenciesID=94684f8895582f59a92080c509f32961 StaticDependenciesID=eb31e1000daf2b91578e939e8be3d27b 
Number of updated asset objects reloaded before import = 0
Number of asset objects unloaded after import = 1
========================================================================
Received Import Request.
  Time of request: 2026-06-22T05:06:18.6939696Z
  Time since last request: 0.0003246 seconds.
  importAddress: GUID: fac6f414adf2e4556865a180b1529cbb - Path: Packages/com.unity.ai.navigation/Editor/ConversionSystem/ConverterItemInfo.cs - Importer: ScriptedImporter/UnityEditor.QuickSearchModule:UnityEditor.Search:ASIAI0B
Importing 'GUID: fac6f414adf2e4556865a180b1529cbb - Path: Packages/com.unity.ai.navigation/Editor/ConversionSystem/ConverterItemInfo.cs - Importer: ScriptedImporter/UnityEditor.QuickSearchModule:UnityEditor.Search:ASIAI0B' with importer (ScriptedImporter : UnityEditor.QuickSearchModule:UnityEditor.Search:ASIAI0B)
Imported 'GUID: fac6f414adf2e4556865a180b1529cbb' -> (Import Result ID: '563b01ea445522bd482d8d70590d8cc8') in 0.004 seconds [static and dynamic dependencies]. Details - ImportResultOutputID=398b3d551799d9c0d95c17e7e9a273c7 DependenciesID=faaea9a6c1ca6d1cccbeff8874641428 StaticDependenciesID=3fab77bfb2be1efedc967f6166c9df5d 
Number of updated asset objects reloaded before import = 0
Number of asset objects unloaded after import = 0
========================================================================
Received Import Request.
  Time of request: 2026-06-22T05:06:18.6982799Z
  Time since last request: 0.0004257 seconds.
  importAddress: GUID: e2b338e146db4a408444f723bd4a2c77 - Path: Packages/com.unity.ai.navigation/Editor/Updater/OffMeshLinkUpdaterUtility.cs - Importer: ScriptedImporter/UnityEditor.QuickSearchModule:UnityEditor.Search:ASIAI0B
Importing 'GUID: e2b338e146db4a408444f723bd4a2c77 - Path: Packages/com.unity.ai.navigation/Editor/Updater/OffMeshLinkUpdaterUtility.cs - Importer: ScriptedImporter/UnityEditor.QuickSearchModule:UnityEditor.Search:ASIAI0B' with importer (ScriptedImporter : UnityEditor.QuickSearchModule:UnityEditor.Search:ASIAI0B)
Imported 'GUID: e2b338e146db4a408444f723bd4a2c77' -> (Import Result ID: '1bc145f1fbea0d178331606d725691ed') in 0.003 seconds [static and dynamic dependencies]. Details - ImportResultOutputID=91e49bdf927a374ab4ebe05461e955d9 DependenciesID=cfeebf4341f4eb517ecb241fd89de4c3 StaticDependenciesID=67fddf27fe847d674eb49df40d7bd9e9 
Number of updated asset objects reloaded before import = 0
Number of asset objects unloaded after import = 0
========================================================================
Received Import Request.
  Time of request: 2026-06-22T05:06:18.7022381Z
  Time since last request: 0.0003295 seconds.
  importAddress: GUID: ebc7acf85aca94da2a3cc5c2f5236c45 - Path: Packages/com.unity.ai.navigation/Editor/Updater/AssemblyInfo.cs - Importer: ScriptedImporter/UnityEditor.QuickSearchModule:UnityEditor.Search:ASIAI0B
Importing 'GUID: ebc7acf85aca94da2a3cc5c2f5236c45 - Path: Packages/com.unity.ai.navigation/Editor/Updater/AssemblyInfo.cs - Importer: ScriptedImporter/UnityEditor.QuickSearchModule:UnityEditor.Search:ASIAI0B' with importer (ScriptedImporter : UnityEditor.QuickSearchModule:UnityEditor.Search:ASIAI0B)
Imported 'GUID: ebc7acf85aca94da2a3cc5c2f5236c45' -> (Import Result ID: '66730994319d3a751794bd00bd02d01d') in 0.004 seconds [static and dynamic dependencies]. Details - ImportResultOutputID=9af25112846dffe4032916d1b8c91ace DependenciesID=ca71d3f3059a2da763b9b726c8df71d9 StaticDependenciesID=792580a5ac020e9dfe04ccb2e054825c 
Number of updated asset objects reloaded before import = 0
Number of asset objects unloaded after import = 0
========================================================================
Received Import Request.
  Time of request: 2026-06-22T05:06:18.7069264Z
  Time since last request: 0.0003816 seconds.
  importAddress: GUID: 77fba670b979046f18d52d751e0d4659 - Path: Packages/com.unity.ai.navigation/Editor/NavMeshComponentsGUIUtility.cs - Importer: ScriptedImporter/UnityEditor.QuickSearchModule:UnityEditor.Search:ASIAI0B
Importing 'GUID: 77fba670b979046f18d52d751e0d4659 - Path: Packages/com.unity.ai.navigation/Editor/NavMeshComponentsGUIUtility.cs - Importer: ScriptedImporter/UnityEditor.QuickSearchModule:UnityEditor.Search:ASIAI0B' with importer (ScriptedImporter : UnityEditor.QuickSearchModule:UnityEditor.Search:ASIAI0B)
Imported 'GUID: 77fba670b979046f18d52d751e0d4659' -> (Import Result ID: '79731535dbf85382879e408ac0f07f17') in 0.004 seconds [static and dynamic dependencies]. Details - ImportResultOutputID=ef927c67eff03ec35f6e033aaf2d4c0b DependenciesID=a20462a0d706aa0e628eaf5334970ef0 StaticDependenciesID=09a8c2ae3e91bde985fc3e037d11155f 
Number of updated asset objects reloaded before import = 0
Number of asset objects unloaded after import = 0
========================================================================
Received Import Request.
  Time of request: 2026-06-22T05:06:18.7115525Z
  Time since last request: 0.0005377 seconds.
  importAddress: GUID: 3eb99c80b411349188e1e5167887ac6c - Path: Packages/com.unity.ai.navigation/Editor/ConversionSystem/converter_editor.uss - Importer: ScriptedImporter/UnityEditor.QuickSearchModule:UnityEditor.Search:ASIAI0B
Importing 'GUID: 3eb99c80b411349188e1e5167887ac6c - Path: Packages/com.unity.ai.navigation/Editor/ConversionSystem/converter_editor.uss - Importer: ScriptedImporter/UnityEditor.QuickSearchModule:UnityEditor.Search:ASIAI0B' with importer (ScriptedImporter : UnityEditor.QuickSearchModule:UnityEditor.Search:ASIAI0B)
Imported 'GUID: 3eb99c80b411349188e1e5167887ac6c' -> (Import Result ID: '9b53b784d559fc03cb3a3dc9c78cd898') in 0.029 seconds [static and dynamic dependencies]. Details - ImportResultOutputID=39d6fdef1d1ff0b3b32dad359dcfc639 DependenciesID=40d9f7abf9359da977fac047e5d55306 StaticDependenciesID=29f444e7a540d9843a7d15ad95bab034 
Number of updated asset objects reloaded before import = 0
Number of asset objects unloaded after import = 1
========================================================================
Received Import Request.
  Time of request: 2026-06-22T05:06:18.7414237Z
  Time since last request: 0.0003545 seconds.
  importAddress: GUID: 425f55e9ef81a5e48b87c5d6b1bbf35c - Path: Packages/com.unity.ai.navigation/EditorResources/d_NavigationWindowIcon.png - Importer: ScriptedImporter/UnityEditor.QuickSearchModule:UnityEditor.Search:ASIAI0B
Importing 'GUID: 425f55e9ef81a5e48b87c5d6b1bbf35c - Path: Packages/com.unity.ai.navigation/EditorResources/d_NavigationWindowIcon.png - Importer: ScriptedImporter/UnityEditor.QuickSearchModule:UnityEditor.Search:ASIAI0B' with importer (ScriptedImporter : UnityEditor.QuickSearchModule:UnityEditor.Search:ASIAI0B)
Imported 'GUID: 425f55e9ef81a5e48b87c5d6b1bbf35c' -> (Import Result ID: 'f23c1f7c130724b6a2a5987f2b2026f3') in 0.009 seconds [static and dynamic dependencies]. Details - ImportResultOutputID=3931cacba53b1ef8d5cfa0ee7de58774 DependenciesID=8d7b49a53d43d63ed129af1a471992dd StaticDependenciesID=d97bfbe97af4efeab1e6db81f1bf082a 
Number of updated asset objects reloaded before import = 0
Number of asset objects unloaded after import = 1
========================================================================
Received Import Request.
  Time of request: 2026-06-22T05:06:18.7510619Z
  Time since last request: 0.0004307 seconds.
  importAddress: GUID: 14f573b87e1ac42568de3d97da3a0f03 - Path: Packages/com.unity.ai.navigation/Editor/Updater/NavigationConverterContainer.cs - Importer: ScriptedImporter/UnityEditor.QuickSearchModule:UnityEditor.Search:ASIAI0B
Importing 'GUID: 14f573b87e1ac42568de3d97da3a0f03 - Path: Packages/com.unity.ai.navigation/Editor/Updater/NavigationConverterContainer.cs - Importer: ScriptedImporter/UnityEditor.QuickSearchModule:UnityEditor.Search:ASIAI0B' with importer (ScriptedImporter : UnityEditor.QuickSearchModule:UnityEditor.Search:ASIAI0B)
Imported 'GUID: 14f573b87e1ac42568de3d97da3a0f03' -> (Import Result ID: '23db0647f25707895be7b0d8f2273ae6') in 0.003 seconds [static and dynamic dependencies]. Details - ImportResultOutputID=c2a2a43550b4d916fd40f3dd008ee075 DependenciesID=13bc022756f2bc6add3155cc1c152870 StaticDependenciesID=6eb1f7285d730a538507c50618da760b 
Number of updated asset objects reloaded before import = 0
Number of asset objects unloaded after import = 0
========================================================================
Received Import Request.
  Time of request: 2026-06-22T05:06:18.7544739Z
  Time since last request: 0.0003924 seconds.
  importAddress: GUID: 203bedb65db239c4aa5d9cf073cd3b73 - Path: Packages/com.unity.ai.navigation/ValidationExceptions.json - Importer: ScriptedImporter/UnityEditor.QuickSearchModule:UnityEditor.Search:ASIAI0B
Importing 'GUID: 203bedb65db239c4aa5d9cf073cd3b73 - Path: Packages/com.unity.ai.navigation/ValidationExceptions.json - Importer: ScriptedImporter/UnityEditor.QuickSearchModule:UnityEditor.Search:ASIAI0B' with importer (ScriptedImporter : UnityEditor.QuickSearchModule:UnityEditor.Search:ASIAI0B)
Imported 'GUID: 203bedb65db239c4aa5d9cf073cd3b73' -> (Import Result ID: 'd34ab9698224af9804c8ec8ddcdfdf9a') in 0.003 seconds [static and dynamic dependencies]. Details - ImportResultOutputID=d965e65a51b534a1f1048d19b05544c4 DependenciesID=d25ed3261058b1d8eaffc28d82962d72 StaticDependenciesID=a6a89dd11a3eb636326ab82d27ec7ba6 
Number of updated asset objects reloaded before import = 0
Number of asset objects unloaded after import = 1
========================================================================
Received Import Request.
  Time of request: 2026-06-22T05:06:18.8122603Z
  Time since last request: 0.054057 seconds.
  importAddress: GUID: 1c89fbe185cd30b4584ab3d5476807eb - Path: Packages/com.unity.ai.navigation/EditorResources/Overlay/NavigationOverlay On@16.png - Importer: ScriptedImporter/UnityEditor.QuickSearchModule:UnityEditor.Search:ASIAI0B
Importing 'GUID: 1c89fbe185cd30b4584ab3d5476807eb - Path: Packages/com.unity.ai.navigation/EditorResources/Overlay/NavigationOverlay On@16.png - Importer: ScriptedImporter/UnityEditor.QuickSearchModule:UnityEditor.Search:ASIAI0B' with importer (ScriptedImporter : UnityEditor.QuickSearchModule:UnityEditor.Search:ASIAI0B)
Imported 'GUID: 1c89fbe185cd30b4584ab3d5476807eb' -> (Import Result ID: '1b1c2e1270ee4922a51f4e684e9cdc29') in 0.007 seconds [static and dynamic dependencies]. Details - ImportResultOutputID=c2f01c4bc8524d6b15edee08796181f4 DependenciesID=1a429bf5e6af987ec3ceacc3689a090b StaticDependenciesID=9fb7c6f6b49bdeb7d923259a4119a924 
Number of updated asset objects reloaded before import = 0
Number of asset objects unloaded after import = 1
========================================================================
Received Import Request.
  Time of request: 2026-06-22T05:06:18.8203048Z
  Time since last request: 0.0009643 seconds.
  importAddress: GUID: 6f3c566cd9f63c9408d201ea50b51444 - Path: Packages/com.unity.ai.navigation/EditorResources/Overlay/d_NavigationOverlay@32.png - Importer: ScriptedImporter/UnityEditor.QuickSearchModule:UnityEditor.Search:ASIAI0B
Importing 'GUID: 6f3c566cd9f63c9408d201ea50b51444 - Path: Packages/com.unity.ai.navigation/EditorResources/Overlay/d_NavigationOverlay@32.png - Importer: ScriptedImporter/UnityEditor.QuickSearchModule:UnityEditor.Search:ASIAI0B' with importer (ScriptedImporter : UnityEditor.QuickSearchModule:UnityEditor.Search:ASIAI0B)
Imported 'GUID: 6f3c566cd9f63c9408d201ea50b51444' -> (Import Result ID: '636934ee3642c023a1ca06125b1cc1a5') in 0.009 seconds [static and dynamic dependencies]. Details - ImportResultOutputID=88d04d758bea7d09b40cd351506d60a5 DependenciesID=e90f32064de4f21f0874f43c7a8ce38a StaticDependenciesID=5e627eb23d1131e2726299074aa432b5 
Number of updated asset objects reloaded before import = 0
Number of asset objects unloaded after import = 1
========================================================================
Received Import Request.
  Time of request: 2026-06-22T05:06:18.8298317Z
  Time since last request: 0.0006887 seconds.
  importAddress: GUID: 9d244ceb235342e4c8f308aa1f71be7e - Path: Packages/com.unity.ai.navigation/EditorResources/Overlay/NavigationOverlay@2x.png - Importer: ScriptedImporter/UnityEditor.QuickSearchModule:UnityEditor.Search:ASIAI0B
Importing 'GUID: 9d244ceb235342e4c8f308aa1f71be7e - Path: Packages/com.unity.ai.navigation/EditorResources/Overlay/NavigationOverlay@2x.png - Importer: ScriptedImporter/UnityEditor.QuickSearchModule:UnityEditor.Search:ASIAI0B' with importer (ScriptedImporter : UnityEditor.QuickSearchModule:UnityEditor.Search:ASIAI0B)
Imported 'GUID: 9d244ceb235342e4c8f308aa1f71be7e' -> (Import Result ID: '251a9069d9ed8d2a7167e560c1e9d4e0') in 0.006 seconds [static and dynamic dependencies]. Details - ImportResultOutputID=050466aebba7ff7c17553f5691c1f955 DependenciesID=667d3ea1b1589cb036be60085f25b992 StaticDependenciesID=af1b22e58efc6e62e66e88d8d7ee0e1f 
Number of updated asset objects reloaded before import = 0
Number of asset objects unloaded after import = 1
========================================================================
Received Import Request.
  Time of request: 2026-06-22T05:06:18.8449827Z
  Time since last request: 0.0086265 seconds.
  importAddress: GUID: 8d4bc6bfa28760b29f13174d6b6ea710 - Path: Packages/com.unity.modules.subsystems/package.ModuleCompilationTrigger - Importer: ScriptedImporter/UnityEditor.QuickSearchModule:UnityEditor.Search:ASIAI0B
Importing 'GUID: 8d4bc6bfa28760b29f13174d6b6ea710 - Path: Packages/com.unity.modules.subsystems/package.ModuleCompilationTrigger - Importer: ScriptedImporter/UnityEditor.QuickSearchModule:UnityEditor.Search:ASIAI0B' with importer (ScriptedImporter : UnityEditor.QuickSearchModule:UnityEditor.Search:ASIAI0B)
Imported 'GUID: 8d4bc6bfa28760b29f13174d6b6ea710' -> (Import Result ID: '646955b12c57f7b57f2966a84d8dc306') in 0.004 seconds [static and dynamic dependencies]. Details - ImportResultOutputID=c73a0642d967ccad59041321b8d88d09 DependenciesID=e8246deba088f5278f08ba7a5f1bc462 StaticDependenciesID=569c3bbc6c705a7e74b59b6b04cd2a88 
Number of updated asset objects reloaded before import = 0
Number of asset objects unloaded after import = 1
========================================================================
Received Import Request.
  Time of request: 2026-06-22T05:06:18.8503023Z
  Time since last request: 0.0005364 seconds.
  importAddress: GUID: 87d720faa37005c08600090e04d8c739 - Path: Packages/com.unity.modules.particlesystem/package.json - Importer: ScriptedImporter/UnityEditor.QuickSearchModule:UnityEditor.Search:ASIAI0B
Importing 'GUID: 87d720faa37005c08600090e04d8c739 - Path: Packages/com.unity.modules.particlesystem/package.json - Importer: ScriptedImporter/UnityEditor.QuickSearchModule:UnityEditor.Search:ASIAI0B' with importer (ScriptedImporter : UnityEditor.QuickSearchModule:UnityEditor.Search:ASIAI0B)
Imported 'GUID: 87d720faa37005c08600090e04d8c739' -> (Import Result ID: 'dce7e06bb93e8260deb2788579b9f1a0') in 0.004 seconds [static and dynamic dependencies]. Details - ImportResultOutputID=ae97c0e47ff38d95a5878d720734106a DependenciesID=16601a0d583a68121c247125436b68be StaticDependenciesID=5ede4ba35b12b052d735c01b212ebba6 
Number of updated asset objects reloaded before import = 0
Number of asset objects unloaded after import = 1
========================================================================
Received Import Request.
  Time of request: 2026-06-22T05:06:18.8545911Z
  Time since last request: 0.0004379 seconds.
  importAddress: GUID: f9bd02a3a916be64c9b47b1305149423 - Path: Packages/com.unity.ide.rider/Rider/Editor/EditorPluginInterop.cs - Importer: ScriptedImporter/UnityEditor.QuickSearchModule:UnityEditor.Search:ASIAI0B
Importing 'GUID: f9bd02a3a916be64c9b47b1305149423 - Path: Packages/com.unity.ide.rider/Rider/Editor/EditorPluginInterop.cs - Importer: ScriptedImporter/UnityEditor.QuickSearchModule:UnityEditor.Search:ASIAI0B' with importer (ScriptedImporter : UnityEditor.QuickSearchModule:UnityEditor.Search:ASIAI0B)
Imported 'GUID: f9bd02a3a916be64c9b47b1305149423' -> (Import Result ID: '93f58618bcab2626d9b5a1b02fbd9a81') in 0.004 seconds [static and dynamic dependencies]. Details - ImportResultOutputID=f0dc7693388346ede1cef9990e50611f DependenciesID=f006fd57b01bb10ed5c73f1bc0a78818 StaticDependenciesID=6407b9256a2a2a10ef670467c755d2d7 
Number of updated asset objects reloaded before import = 0
Number of asset objects unloaded after import = 0
========================================================================
Received Import Request.
  Time of request: 2026-06-22T05:06:18.8625352Z
  Time since last request: 0.0040911 seconds.
  importAddress: GUID: fe6a6957b37b61417b457a1e0541791d - Path: Packages/com.unity.modules.physics2d/package.ModuleCompilationTrigger - Importer: ScriptedImporter/UnityEditor.QuickSearchModule:UnityEditor.Search:ASIAI0B
Importing 'GUID: fe6a6957b37b61417b457a1e0541791d - Path: Packages/com.unity.modules.physics2d/package.ModuleCompilationTrigger - Importer: ScriptedImporter/UnityEditor.QuickSearchModule:UnityEditor.Search:ASIAI0B' with importer (ScriptedImporter : UnityEditor.QuickSearchModule:UnityEditor.Search:ASIAI0B)
Imported 'GUID: fe6a6957b37b61417b457a1e0541791d' -> (Import Result ID: 'cfe6f0ba2872eb45e049e554c5bb8f8d') in 0.005 seconds [static and dynamic dependencies]. Details - ImportResultOutputID=66b8432a8c4cb6045dc604465b8bb137 DependenciesID=5647ce72b3768bb8c45992f340f20e6e StaticDependenciesID=69dee1165741315e2436e76a95d2009a 
Number of updated asset objects reloaded before import = 0
Number of asset objects unloaded after import = 1
========================================================================
Received Import Request.
  Time of request: 2026-06-22T05:06:18.8679318Z
  Time since last request: 0.0004632 seconds.
  importAddress: GUID: 48483563a64de3a4e8690122762055f1 - Path: Packages/com.unity.ide.rider/Rider/Editor/UnitTesting/SyncTestRunEventsHandler.cs - Importer: ScriptedImporter/UnityEditor.QuickSearchModule:UnityEditor.Search:ASIAI0B
Importing 'GUID: 48483563a64de3a4e8690122762055f1 - Path: Packages/com.unity.ide.rider/Rider/Editor/UnitTesting/SyncTestRunEventsHandler.cs - Importer: ScriptedImporter/UnityEditor.QuickSearchModule:UnityEditor.Search:ASIAI0B' with importer (ScriptedImporter : UnityEditor.QuickSearchModule:UnityEditor.Search:ASIAI0B)
Imported 'GUID: 48483563a64de3a4e8690122762055f1' -> (Import Result ID: '81b06fd8b2dab611c0edd482543e4a92') in 0.003 seconds [static and dynamic dependencies]. Details - ImportResultOutputID=7e144ad67ec08056a823c40666ef81da DependenciesID=31d6245dab19b842696d358056d85d52 StaticDependenciesID=999962ae01ef516ebe2d6b4c47a66364 
Number of updated asset objects reloaded before import = 0
Number of asset objects unloaded after import = 0
========================================================================
Received Import Request.
  Time of request: 2026-06-22T05:06:18.8720085Z
  Time since last request: 0.0004147 seconds.
  importAddress: GUID: 3cc1ebf2abb7fef6871ad48f499b6e21 - Path: Packages/com.unity.modules.vectorgraphics/package.ModuleCompilationTrigger - Importer: ScriptedImporter/UnityEditor.QuickSearchModule:UnityEditor.Search:ASIAI0B
Importing 'GUID: 3cc1ebf2abb7fef6871ad48f499b6e21 - Path: Packages/com.unity.modules.vectorgraphics/package.ModuleCompilationTrigger - Importer: ScriptedImporter/UnityEditor.QuickSearchModule:UnityEditor.Search:ASIAI0B' with importer (ScriptedImporter : UnityEditor.QuickSearchModule:UnityEditor.Search:ASIAI0B)
Imported 'GUID: 3cc1ebf2abb7fef6871ad48f499b6e21' -> (Import Result ID: 'a566bf06f287e8d764b5a9332adcbb3e') in 0.004 seconds [static and dynamic dependencies]. Details - ImportResultOutputID=5a37d36fcf9d771e11f03ea755f1a6a1 DependenciesID=33e23ec09f2157c8c888ad8c41e80232 StaticDependenciesID=91f16ef788375314def576571cc72f35 
Number of updated asset objects reloaded before import = 0
Number of asset objects unloaded after import = 1
========================================================================
Received Import Request.
  Time of request: 2026-06-22T05:06:18.8768751Z
  Time since last request: 0.0004403 seconds.
  importAddress: GUID: aa1c6b1a353ab464782fc1e7c051eb02 - Path: Packages/com.unity.ide.rider/Rider/Editor/UnitTesting/CallbackInitializer.cs - Importer: ScriptedImporter/UnityEditor.QuickSearchModule:UnityEditor.Search:ASIAI0B
Importing 'GUID: aa1c6b1a353ab464782fc1e7c051eb02 - Path: Packages/com.unity.ide.rider/Rider/Editor/UnitTesting/CallbackInitializer.cs - Importer: ScriptedImporter/UnityEditor.QuickSearchModule:UnityEditor.Search:ASIAI0B' with importer (ScriptedImporter : UnityEditor.QuickSearchModule:UnityEditor.Search:ASIAI0B)
Imported 'GUID: aa1c6b1a353ab464782fc1e7c051eb02' -> (Import Result ID: 'b22898c441c83a707e4621fbb2abf770') in 0.004 seconds [static and dynamic dependencies]. Details - ImportResultOutputID=957ad39cf43a6b53b7eb339d1b96afeb DependenciesID=d9a9338baa8fdb686ecb91b5f3faeec5 StaticDependenciesID=8d0e3b21affe99e5ec9610b7458f6005 
Number of updated asset objects reloaded before import = 0
Number of asset objects unloaded after import = 0
========================================================================
Received Import Request.
  Time of request: 2026-06-22T05:06:18.8811799Z
  Time since last request: 0.0003762 seconds.
  importAddress: GUID: f5a0cc9645f0e2d4fb816156dcf3f4dd - Path: Packages/com.unity.ide.rider/Rider/Editor/RiderInitializer.cs - Importer: ScriptedImporter/UnityEditor.QuickSearchModule:UnityEditor.Search:ASIAI0B
Importing 'GUID: f5a0cc9645f0e2d4fb816156dcf3f4dd - Path: Packages/com.unity.ide.rider/Rider/Editor/RiderInitializer.cs - Importer: ScriptedImporter/UnityEditor.QuickSearchModule:UnityEditor.Search:ASIAI0B' with importer (ScriptedImporter : UnityEditor.QuickSearchModule:UnityEditor.Search:ASIAI0B)
Imported 'GUID: f5a0cc9645f0e2d4fb816156dcf3f4dd' -> (Import Result ID: '31c488a00108034877b4da9cdd1225e6') in 0.004 seconds [static and dynamic dependencies]. Details - ImportResultOutputID=a3e3a8591913c18d68b98148b0bc98bd DependenciesID=2387fcafcaec822a06bf978f77d5aff1 StaticDependenciesID=2917d47b9dcf42f6dbb946754f0e6341 
Number of updated asset objects reloaded before import = 0
Number of asset objects unloaded after import = 0
========================================================================
Received Import Request.
  Time of request: 2026-06-22T05:06:18.8854101Z
  Time since last request: 0.0003168 seconds.
  importAddress: GUID: 58aa570dbe0761f43b25ff6c2265bbe2 - Path: Packages/com.unity.ide.rider/Rider/Editor/UnitTesting/TestsCallback.cs - Importer: ScriptedImporter/UnityEditor.QuickSearchModule:UnityEditor.Search:ASIAI0B
Importing 'GUID: 58aa570dbe0761f43b25ff6c2265bbe2 - Path: Packages/com.unity.ide.rider/Rider/Editor/UnitTesting/TestsCallback.cs - Importer: ScriptedImporter/UnityEditor.QuickSearchModule:UnityEditor.Search:ASIAI0B' with importer (ScriptedImporter : UnityEditor.QuickSearchModule:UnityEditor.Search:ASIAI0B)
Imported 'GUID: 58aa570dbe0761f43b25ff6c2265bbe2' -> (Import Result ID: 'eda8243e03bb1f745d030135dc7f5743') in 0.004 seconds [static and dynamic dependencies]. Details - ImportResultOutputID=fd40571b1cf0f976b366da9da549c08f DependenciesID=64cc88fe796358af7ac171c6befe6378 StaticDependenciesID=33cd9eea73a86f2b0daecfa296c411a1 
Number of updated asset objects reloaded before import = 0
Number of asset objects unloaded after import = 0
========================================================================
Received Import Request.
  Time of request: 2026-06-22T05:06:18.8898977Z
  Time since last request: 0.0004964 seconds.
  importAddress: GUID: 6d56244f8c39a851975d3c0bd432c66f - Path: Packages/com.unity.modules.terrain/package.json - Importer: ScriptedImporter/UnityEditor.QuickSearchModule:UnityEditor.Search:ASIAI0B
Importing 'GUID: 6d56244f8c39a851975d3c0bd432c66f - Path: Packages/com.unity.modules.terrain/package.json - Importer: ScriptedImporter/UnityEditor.QuickSearchModule:UnityEditor.Search:ASIAI0B' with importer (ScriptedImporter : UnityEditor.QuickSearchModule:UnityEditor.Search:ASIAI0B)
Imported 'GUID: 6d56244f8c39a851975d3c0bd432c66f' -> (Import Result ID: 'b865a2ff7051070481837260c31e918a') in 0.005 seconds [static and dynamic dependencies]. Details - ImportResultOutputID=b88899afdf17efd9f4bb62965773211d DependenciesID=1bdc5baea05709721538dd94d8993b0a StaticDependenciesID=bca7d3dfd92149a121de9e8de77ed905 
Number of updated asset objects reloaded before import = 0
Number of asset objects unloaded after import = 1
========================================================================
Received Import Request.
  Time of request: 2026-06-22T05:06:18.8958844Z
  Time since last request: 0.0006191 seconds.
  importAddress: GUID: 8cfde1a59fb35574189691a9de1df93b - Path: Packages/com.unity.ide.rider/Rider/Editor/ProjectGeneration/GUIDProvider.cs - Importer: ScriptedImporter/UnityEditor.QuickSearchModule:UnityEditor.Search:ASIAI0B
Importing 'GUID: 8cfde1a59fb35574189691a9de1df93b - Path: Packages/com.unity.ide.rider/Rider/Editor/ProjectGeneration/GUIDProvider.cs - Importer: ScriptedImporter/UnityEditor.QuickSearchModule:UnityEditor.Search:ASIAI0B' with importer (ScriptedImporter : UnityEditor.QuickSearchModule:UnityEditor.Search:ASIAI0B)
Imported 'GUID: 8cfde1a59fb35574189691a9de1df93b' -> (Import Result ID: '06f24fda7fe4641ff32641bb82701075') in 0.004 seconds [static and dynamic dependencies]. Details - ImportResultOutputID=82fc30d3bf2d9f012155376aad2878cb DependenciesID=5885a2894106cd2236d45312930cb9f7 StaticDependenciesID=c53eab7da1f796a841a7d2d3ec52bd8c 
Number of updated asset objects reloaded before import = 0
Number of asset objects unloaded after import = 0
========================================================================
Received Import Request.
  Time of request: 2026-06-22T05:06:18.9007146Z
  Time since last request: 0.0003962 seconds.
  importAddress: GUID: aeb8068359664ab5a8d6420381f87510 - Path: Packages/com.unity.ide.rider/Rider/Editor/LogFileOpener.cs - Importer: ScriptedImporter/UnityEditor.QuickSearchModule:UnityEditor.Search:ASIAI0B
Importing 'GUID: aeb8068359664ab5a8d6420381f87510 - Path: Packages/com.unity.ide.rider/Rider/Editor/LogFileOpener.cs - Importer: ScriptedImporter/UnityEditor.QuickSearchModule:UnityEditor.Search:ASIAI0B' with importer (ScriptedImporter : UnityEditor.QuickSearchModule:UnityEditor.Search:ASIAI0B)
Imported 'GUID: aeb8068359664ab5a8d6420381f87510' -> (Import Result ID: 'a1957556df9190b1bde874a666ccb587') in 0.004 seconds [static and dynamic dependencies]. Details - ImportResultOutputID=8628c59c2bf899c4f56eb38216404f2c DependenciesID=c6e8bf1b9b1be46c39a101fa1d2e1c2c StaticDependenciesID=003ca094049119844366135456381308 
Number of updated asset objects reloaded before import = 0
Number of asset objects unloaded after import = 0
========================================================================
Received Import Request.
  Time of request: 2026-06-22T05:06:18.9053683Z
  Time since last request: 0.0007679 seconds.
  importAddress: GUID: 7610600f5c83e01041a6fe849d39279f - Path: Packages/com.unity.modules.unitywebrequestassetbundle/package.ModuleCompilationTrigger - Importer: ScriptedImporter/UnityEditor.QuickSearchModule:UnityEditor.Search:ASIAI0B
Importing 'GUID: 7610600f5c83e01041a6fe849d39279f - Path: Packages/com.unity.modules.unitywebrequestassetbundle/package.ModuleCompilationTrigger - Importer: ScriptedImporter/UnityEditor.QuickSearchModule:UnityEditor.Search:ASIAI0B' with importer (ScriptedImporter : UnityEditor.QuickSearchModule:UnityEditor.Search:ASIAI0B)
Imported 'GUID: 7610600f5c83e01041a6fe849d39279f' -> (Import Result ID: 'bd0c43211962bf9c4dfc691b46da164d') in 0.004 seconds [static and dynamic dependencies]. Details - ImportResultOutputID=4aee40f7f3519f71890b42365ffc8f8f DependenciesID=124da89abd3f0a9d1f4b9ac4f3101c3f StaticDependenciesID=3345b05d890caf41865202e83269e73d 
Number of updated asset objects reloaded before import = 0
Number of asset objects unloaded after import = 1
========================================================================
Received Import Request.
  Time of request: 2026-06-22T05:06:18.9101979Z
  Time since last request: 0.000394 seconds.
  importAddress: GUID: 71bb46b59a9a7a346bbab1e185c723df - Path: Packages/com.unity.ide.rider/Rider/Editor/LoggingLevel.cs - Importer: ScriptedImporter/UnityEditor.QuickSearchModule:UnityEditor.Search:ASIAI0B
Importing 'GUID: 71bb46b59a9a7a346bbab1e185c723df - Path: Packages/com.unity.ide.rider/Rider/Editor/LoggingLevel.cs - Importer: ScriptedImporter/UnityEditor.QuickSearchModule:UnityEditor.Search:ASIAI0B' with importer (ScriptedImporter : UnityEditor.QuickSearchModule:UnityEditor.Search:ASIAI0B)
Imported 'GUID: 71bb46b59a9a7a346bbab1e185c723df' -> (Import Result ID: 'a0d9d244d1bfa9d9b4ed8233b6df90d6') in 0.004 seconds [static and dynamic dependencies]. Details - ImportResultOutputID=b4c0b12690fcd8b2b8240125a3a4ca68 DependenciesID=7345e106778e3d30446bafda8b74c683 StaticDependenciesID=b18f121f7c68edbbecf6dfcb2eb00402 
Number of updated asset objects reloaded before import = 0
Number of asset objects unloaded after import = 0
Editor requested this worker to shutdown with reason: Editor is closing down
AcceleratorClientConnectionCallback - disconnected - :0
AssetImportWorker is now disconnected from the server
Process exiting
Exiting without the bug reporter. Application will terminate with return code 0